2_134_7uM,,2_134_15uM,,2_134_31uM,,2_134_62uM,,2_134_125uM,,2_134_250uM,,
Wavelength (nm),Abs,Wavelength (nm),Abs,Wavelength (nm),Abs,Wavelength (nm),Abs,Wavelength (nm),Abs,Wavelength (nm),Abs,
799.9869995,-0.0024019829,799.9869995,-0.001983042108,799.9869995,-0.003145992989,799.9869995,-0.003585739294,799.9869995,-0.001730441931,799.9869995,-0.003822740167,
799.4314575,-0.001328091836,799.4314575,-0.001471864292,799.4314575,-0.002292663557,799.4314575,-0.002777568065,799.4314575,-0.002108823508,799.4314575,-0.002942922292,
799.0147095,-0.001223922591,799.0147095,-0.001967684133,799.0147095,-0.003195537953,799.0147095,-0.003172462108,799.0147095,-0.002224575961,799.0147095,-0.002958605764,
798.4589233,-0.001686866395,798.4589233,-0.002104392508,798.4589233,-0.002939271275,798.4589233,-0.00314506772,798.4589233,-0.002274947474,798.4589233,-0.00356232468,
798.0420532,-0.001587064588,798.0420532,-0.001750036492,798.0420532,-0.002470814856,798.0420532,-0.003168042284,798.0420532,-0.003229147289,798.0420532,-0.003416469088,
797.4860229,-0.001146889408,797.4860229,-0.0007935595931,797.4860229,-0.00217574439,797.4860229,-0.002663660794,797.4860229,-0.00209599454,797.4860229,-0.002662734594,
797.0689697,-0.001023359946,797.0689697,-0.001193152275,797.0689697,-0.00240656524,797.0689697,-0.00236104941,797.0689697,-0.003057578811,797.0689697,-0.002638138132,
796.5128174,-0.001323807868,796.5128174,-0.001674643834,796.5128174,-0.002606335795,796.5128174,-0.002804779913,796.5128174,-0.002341379179,796.5128174,-0.002773864195,
795.9564819,-0.001708835131,795.9564819,-0.001867740648,795.9564819,-0.002927700989,795.9564819,-0.003026835388,795.9564819,-0.002451715991,795.9564819,-0.002931146417,
795.5391846,-0.001971858554,795.5391846,-0.001490799827,795.5391846,-0.002808689373,795.5391846,-0.003380922135,795.5391846,-0.002341585234,795.5391846,-0.002991976449,
794.982605,-0.00214498979,794.982605,-0.002063997788,794.982605,-0.00262949313,794.982605,-0.002778596943,794.982605,-0.002020558808,794.982605,-0.003224214073,
794.5651245,-0.002379482845,794.5651245,-0.001897122944,794.5651245,-0.002718148753,794.5651245,-0.00287555391,794.5651245,-0.00277875131,794.5651245,-0.002707086969,
794.0084229,-0.001813352224,794.0084229,-0.001319472212,794.0084229,-0.002326188376,794.0084229,-0.002684551291,794.0084229,-0.002393127186,794.0084229,-0.003338436829,
793.4515381,-0.001870008768,793.4515381,-0.002081773942,793.4515381,-0.002463453216,793.4515381,-0.003138231579,793.4515381,-0.002563568531,793.4515381,-0.002709813882,
793.0338135,-0.002432873705,793.0338135,-0.001342595089,793.0338135,-0.003099012421,793.0338135,-0.003464288544,793.0338135,-0.003109344281,793.0338135,-0.003629638115,
792.4767456,-0.00206296728,792.4767456,-0.002405947307,792.4767456,-0.003272208618,792.4767456,-0.003843061859,792.4767456,-0.002563928952,792.4767456,-0.003538138699,
792.0588379,-0.00217492017,792.0588379,-0.001971858554,792.0588379,-0.00304369838,792.0588379,-0.003206844209,792.0588379,-0.002795572393,792.0588379,-0.003197079757,
791.5015259,-0.002286123112,791.5015259,-0.001868204563,791.5015259,-0.002976499731,791.5015259,-0.00375997345,791.5015259,-0.003078553127,791.5015259,-0.003375476925,
790.9440918,-0.002443324542,790.9440918,-0.002200418385,790.9440918,-0.002824892057,790.9440918,-0.003462696215,790.9440918,-0.003208231647,790.9440918,-0.003419602523,
790.5259399,-0.002434006194,790.5259399,-0.002595219761,790.5259399,-0.003224676475,790.5259399,-0.003761564614,790.5259399,-0.003250524402,790.5259399,-0.004048071336,
789.9683228,-0.002476837719,789.9683228,-0.002618017606,789.9683228,-0.003263319144,789.9683228,-0.003682310926,789.9683228,-0.003243741347,789.9683228,-0.004031811841,
789.5500488,-0.003278888529,789.5500488,-0.002140919911,789.5500488,-0.00346146361,789.5500488,-0.004374010023,789.5500488,-0.003428950906,789.5500488,-0.004014576785,
788.9921875,-0.002600880805,788.9921875,-0.002619561274,788.9921875,-0.003314700676,788.9921875,-0.004087461624,788.9921875,-0.003954505548,788.9921875,-0.004394613206,
788.4342041,-0.003651303472,788.4342041,-0.003376452951,788.4342041,-0.003904636484,788.4342041,-0.004849685822,788.4342041,-0.004523182288,788.4342041,-0.005185306072,
788.015686,-0.004190895241,788.015686,-0.003246413544,788.015686,-0.003653049003,788.015686,-0.004255804233,788.015686,-0.004337362479,788.015686,-0.005034365226,
787.4574585,-0.003652997548,787.4574585,-0.003278323216,787.4574585,-0.00374585879,787.4574585,-0.005106516648,787.4574585,-0.004916697741,787.4574585,-0.005050178152,
787.0387573,-0.003653202904,787.0387573,-0.003590976587,787.0387573,-0.003578294069,787.0387573,-0.005027098581,787.0387573,-0.003917771392,787.0387573,-0.005176404491,
786.4804077,-0.003458638676,786.4804077,-0.003207717789,786.4804077,-0.00307526323,786.4804077,-0.003824536223,786.4804077,-0.004248421639,786.4804077,-0.005133378319,
786.0615234,-0.004159154836,786.0615234,-0.003063696437,786.0615234,-0.003156478051,786.0615234,-0.004095000681,786.0615234,-0.004283179995,786.0615234,-0.004605407361,
785.5029297,-0.003187212395,785.5029297,-0.002581221517,785.5029297,-0.002752360888,785.5029297,-0.005134503823,785.5029297,-0.004163051955,785.5029297,-0.004614320584,
784.9441528,-0.003487810958,784.9441528,-0.003077679314,784.9441528,-0.003522784216,784.9441528,-0.004260571674,784.9441528,-0.003954710439,784.9441528,-0.004031196237,
784.5250854,-0.003079683986,784.5250854,-0.003420372959,784.5250854,-0.00345067773,784.5250854,-0.004579844885,784.5250854,-0.003890885506,784.5250854,-0.004491056316,
783.9661255,-0.003376555629,783.9661255,-0.002410684014,783.9661255,-0.003267275868,783.9661255,-0.004922635388,783.9661255,-0.003735233797,783.9661255,-0.004576361272,
783.546814,-0.003627327736,783.546814,-0.002927289577,783.546814,-0.003059789538,783.546814,-0.004130027723,783.546814,-0.004527588375,783.546814,-0.005022595171,
782.9876709,-0.003547638655,782.9876709,-0.003217687597,782.9876709,-0.003146404168,782.9876709,-0.004422851373,782.9876709,-0.00422617048,782.9876709,-0.004860437009,
782.5682373,-0.003109909827,782.5682373,-0.003027863568,782.5682373,-0.002859867411,782.5682373,-0.004566115327,782.5682373,-0.004327623174,782.5682373,-0.00482045114,
782.0089111,-0.004159206059,782.0089111,-0.003711108817,782.0089111,-0.003326620208,782.0089111,-0.00377028971,782.0089111,-0.004537681583,782.0089111,-0.004672661424,
781.4494019,-0.003145735944,781.4494019,-0.004006317817,781.4494019,-0.003468962153,781.4494019,-0.005321312696,781.4494019,-0.004394613206,781.4494019,-0.005003863946,
781.0297241,-0.003555906005,781.0297241,-0.003439275082,781.0297241,-0.003274469636,781.0297241,-0.004463335034,781.0297241,-0.004333774094,781.0297241,-0.004725464154,
780.4700317,-0.003735798411,780.4700317,-0.003878622083,780.4700317,-0.003292299109,780.4700317,-0.004387643188,780.4700317,-0.004516265355,780.4700317,-0.005149238743,
780.0501709,-0.003803495551,780.0501709,-0.003103381721,780.0501709,-0.003645194229,780.0501709,-0.005431048106,780.0501709,-0.005260142963,780.0501709,-0.004794799257,
779.4902954,-0.00351004838,779.4902954,-0.003754840931,779.4902954,-0.003148716874,779.4902954,-0.004663903266,779.4902954,-0.004708359018,779.4902954,-0.004941523541,
778.9302368,-0.003442408284,778.9302368,-0.003498493228,778.9302368,-0.003621372161,778.9302368,-0.004559967667,778.9302368,-0.004652993288,778.9302368,-0.005286892876,
778.5101929,-0.00372255547,778.5101929,-0.003579218173,778.5101929,-0.003486937843,778.5101929,-0.005480180029,778.5101929,-0.005079704337,778.5101929,-0.005471233279,
777.9499512,-0.003601040225,777.9499512,-0.003835313022,777.9499512,-0.003178526647,777.9499512,-0.004694172647,777.9499512,-0.005450221244,777.9499512,-0.004970852286,
777.5296631,-0.004237655085,777.5296631,-0.003707207507,777.5296631,-0.002872673795,777.5296631,-0.005085384008,777.5296631,-0.005055960733,777.5296631,-0.005159778055,
776.9692383,-0.003998828586,776.9692383,-0.003536957549,776.9692383,-0.003136021551,776.9692383,-0.004376777448,776.9692383,-0.004882450681,776.9692383,-0.005442040972,
776.5488281,-0.003759152256,776.5488281,-0.003988158889,776.5488281,-0.003591079265,776.5488281,-0.004974793177,776.5488281,-0.004729100037,776.5488281,-0.005074433982,
775.9881592,-0.004392204341,775.9881592,-0.004170794971,775.9881592,-0.003373319283,775.9881592,-0.004757214338,775.9881592,-0.004881222267,775.9881592,-0.005357007962,
775.567627,-0.004244012292,775.567627,-0.003877801122,775.567627,-0.003322201781,775.567627,-0.005062203854,775.567627,-0.004883935209,775.567627,-0.005286688451,
775.0067749,-0.003913615365,775.0067749,-0.003789176699,775.0067749,-0.003906739876,775.0067749,-0.005535082426,775.0067749,-0.005019473378,775.0067749,-0.005618087482,
774.4458008,-0.004274926148,774.4458008,-0.003722863505,774.4458008,-0.003222158412,774.4458008,-0.005320596509,774.4458008,-0.00547184702,774.4458008,-0.005638171919,
774.0249634,-0.004359146114,774.0249634,-0.004079204518,774.0249634,-0.003763412358,774.0249634,-0.00542787835,774.0249634,-0.004985848442,774.0249634,-0.005288222805,
773.4638062,-0.004205354489,773.4638062,-0.004305684008,773.4638062,-0.003943167161,773.4638062,-0.00561379455,773.4638062,-0.005330313463,773.4638062,-0.005213083699,
773.0427856,-0.003924800083,773.0427856,-0.003875440918,773.0427856,-0.004246729892,773.0427856,-0.005401853006,773.0427856,-0.005022082943,773.0427856,-0.005735309795,
772.4814453,-0.003975539003,772.4814453,-0.004111822229,772.4814453,-0.003880264238,772.4814453,-0.004945106804,772.4814453,-0.004699447658,772.4814453,-0.005622226745,
772.0603027,-0.004439045209,772.0603027,-0.004358377308,772.0603027,-0.004466973245,772.0603027,-0.005476141348,772.0603027,-0.005302850157,772.0603027,-0.005775773432,
771.4986572,-0.004150847439,771.4986572,-0.003906842787,771.4986572,-0.004650996067,771.4986572,-0.005206433591,771.4986572,-0.005493369419,771.4986572,-0.00617923215,
770.9369507,-0.00425457349,770.9369507,-0.004095000681,770.9369507,-0.004817993846,770.9369507,-0.00535639422,770.9369507,-0.005646910518,770.9369507,-0.005837381352,
770.515564,-0.004444169812,770.515564,-0.004226939753,770.515564,-0.004939476028,770.515564,-0.00555767538,770.515564,-0.005536615849,770.515564,-0.006272268947,
769.9536743,-0.004900624044,769.9536743,-0.004490748979,769.9536743,-0.005013434216,769.9536743,-0.006115630735,769.9536743,-0.005443114322,769.9536743,-0.005850815214,
769.5321045,-0.004513139836,769.5321045,-0.004777389579,769.5321045,-0.005040557589,769.5321045,-0.005953472108,769.5321045,-0.005092752632,769.5321045,-0.00626012357,
768.9699707,-0.004815177526,768.9699707,-0.004592959303,768.9699707,-0.005619314034,768.9699707,-0.005643486511,768.9699707,-0.005779298488,768.9699707,-0.006374775432,
768.5483398,-0.004451241344,768.5483398,-0.004742926918,768.5483398,-0.005532731302,768.5483398,-0.005602193065,768.5483398,-0.005979566835,768.5483398,-0.00608096784,
767.9859619,-0.005128466524,767.9859619,-0.004886341281,767.9859619,-0.005423736759,767.9859619,-0.006534635089,767.9859619,-0.005578682292,767.9859619,-0.005979923997,
767.5641479,-0.00493123522,767.5641479,-0.004464513622,767.5641479,-0.005538200494,767.5641479,-0.006150495261,767.5641479,-0.006194186863,767.5641479,-0.006273493636,
767.0015869,-0.00473422138,767.0015869,-0.004725156818,767.0015869,-0.005682119168,767.0015869,-0.005768876523,767.0015869,-0.005812504329,767.0015869,-0.006268441677,
766.4389038,-0.004632556345,766.4389038,-0.004888338037,766.4389038,-0.005895200651,766.4389038,-0.006388141774,766.4389038,-0.005711091217,766.4389038,-0.006002902053,
766.0168457,-0.004767250735,766.0168457,-0.004408194218,766.0168457,-0.005675118417,766.0168457,-0.006298956461,766.0168457,-0.005861950107,766.0168457,-0.006650131661,
765.4539185,-0.004945874214,765.4539185,-0.004668051843,765.4539185,-0.005800499115,765.4539185,-0.006458742078,765.4539185,-0.005996008869,765.4539185,-0.006164378952,
765.0316772,-0.004954013042,765.0316772,-0.004965887405,765.0316772,-0.00577112427,765.0316772,-0.006195819937,765.0316772,-0.005924516357,765.0316772,-0.006412220653,
764.4686279,-0.005210526288,764.4686279,-0.004938861821,764.4686279,-0.005858119577,764.4686279,-0.006730120163,764.4686279,-0.006212509237,764.4686279,-0.006572627462,
764.0462036,-0.005091319792,764.0462036,-0.005118079949,764.0462036,-0.006062843837,764.0462036,-0.006633561105,764.0462036,-0.005629994906,764.0462036,-0.006700145546,
763.4829102,-0.00574481301,763.4829102,-0.005268224515,763.4829102,-0.00614237925,763.4829102,-0.006102102809,763.4829102,-0.005753600504,763.4829102,-0.006569363642,
763.0603638,-0.005306788255,763.0603638,-0.004958312493,763.0603638,-0.006103124004,763.0603638,-0.00682008313,763.0603638,-0.006234913599,763.0603638,-0.006693569012,
762.4968872,-0.00562728662,762.4968872,-0.005324687809,762.4968872,-0.006452009082,762.4968872,-0.0067189564,762.4968872,-0.006291914731,762.4968872,-0.007012078073,
761.9332886,-0.005281676073,761.9332886,-0.005348467734,761.9332886,-0.006342683919,761.9332886,-0.00646756636,761.9332886,-0.006414209958,761.9332886,-0.006508216728,
761.510498,-0.005245207343,761.510498,-0.005173437297,761.510498,-0.006612910889,761.510498,-0.006662215106,761.510498,-0.006221899763,761.510498,-0.006370745134,
760.9466553,-0.005698061548,760.9466553,-0.005535082426,760.9466553,-0.006375846453,760.9466553,-0.006907887291,760.9466553,-0.006407986395,760.9466553,-0.006457058713,
760.5237427,-0.005710069556,760.5237427,-0.005638427101,760.5237427,-0.006699686404,760.5237427,-0.006403191015,760.5237427,-0.006728183012,760.5237427,-0.00666430546,
759.9597168,-0.005952144507,759.9597168,-0.00571385026,759.9597168,-0.006781194825,759.9597168,-0.007079215255,759.9597168,-0.006908906624,759.9597168,-0.007366036531,
759.5366211,-0.005818736274,759.5366211,-0.005922575481,759.5366211,-0.006665477995,759.5366211,-0.007112525403,759.5366211,-0.006619590335,759.5366211,-0.007280463353,
758.9723511,-0.005675782915,758.9723511,-0.005720492918,758.9723511,-0.007048042025,758.9723511,-0.007470269687,758.9723511,-0.007002092898,758.9723511,-0.007648700848,
758.5491333,-0.005963838659,758.5491333,-0.006086736917,758.5491333,-0.006783386692,758.5491333,-0.007577072829,758.5491333,-0.007095361128,758.5491333,-0.007095768582,
757.9846802,-0.006436502095,757.9846802,-0.006066622213,757.9846802,-0.006723136641,757.9846802,-0.007702058647,757.9846802,-0.007213458885,757.9846802,-0.007358808536,
757.5612793,-0.006167390384,757.5612793,-0.005968383513,757.5612793,-0.006858050823,757.5612793,-0.007276441436,757.5612793,-0.006845769007,757.5612793,-0.007565879729,
756.9966431,-0.006242415402,756.9966431,-0.00633885758,756.9966431,-0.007389196195,756.9966431,-0.007418563589,756.9966431,-0.00721534295,756.9966431,-0.007492304314,
756.4318848,-0.006740213372,756.4318848,-0.006395130884,756.4318848,-0.007222573273,756.4318848,-0.007452509366,756.4318848,-0.007291357964,756.4318848,-0.007789074443,
756.0082397,-0.006361663807,756.0082397,-0.006769828498,756.0082397,-0.00730067445,756.0082397,-0.007757646963,756.0082397,-0.007404923439,756.0082397,-0.007789226715,
755.4432983,-0.006577573717,755.4432983,-0.007302762009,755.4432983,-0.007166814525,755.4432983,-0.007777683437,755.4432983,-0.007638324052,755.4432983,-0.008035228588,
755.0194702,-0.006744953804,755.0194702,-0.006746075582,755.0194702,-0.007940382697,755.0194702,-0.007617263589,755.0194702,-0.007434442639,755.0194702,-0.00802313257,
754.4543457,-0.006915021222,754.4543457,-0.006735982373,754.4543457,-0.007584297098,754.4543457,-0.00795370061,754.4543457,-0.007483042777,754.4543457,-0.007869463414,
754.0303955,-0.006582265254,754.0303955,-0.006831652019,754.0303955,-0.007734659594,754.0303955,-0.00814209599,754.0303955,-0.007821007632,754.0303955,-0.007998329587,
753.4650269,-0.006374673452,753.4650269,-0.006747655571,753.4650269,-0.007503855508,753.4650269,-0.007988671772,753.4650269,-0.007776869927,753.4650269,-0.008511736058,
753.0408936,-0.006912218872,753.0408936,-0.006873899139,753.0408936,-0.008303591982,753.0408936,-0.008392822929,753.0408936,-0.008022014052,753.0408936,-0.008389217779,
752.4753418,-0.007174300496,752.4753418,-0.006639832631,752.4753418,-0.008093060926,752.4753418,-0.008858033456,752.4753418,-0.008154391311,752.4753418,-0.00843278598,
752.0510864,-0.007064953446,752.0510864,-0.007131318562,752.0510864,-0.007918726653,752.0510864,-0.008492952213,752.0510864,-0.007918980904,752.0510864,-0.008859910071,
751.4852905,-0.007587197237,751.4852905,-0.006900804583,751.4852905,-0.008444616571,751.4852905,-0.008414354175,751.4852905,-0.00811196398,751.4852905,-0.008760779165,
751.0609131,-0.007473425008,751.0609131,-0.00738853449,751.0609131,-0.008494932204,751.0609131,-0.008550977334,751.0609131,-0.00794348307,751.0609131,-0.009316765703,
750.4949341,-0.007529042661,750.4949341,-0.007513727061,750.4949341,-0.008684665896,750.4949341,-0.008977427147,750.4949341,-0.008356563747,750.4949341,-0.008816080168,
750.0703735,-0.007560486905,750.0703735,-0.007659433875,750.0703735,-0.008556510322,750.0703735,-0.008965813555,750.0703735,-0.008430145681,750.0703735,-0.009092225693,
749.5042114,-0.007570204325,749.5042114,-0.007487622555,749.5042114,-0.008763925172,749.5042114,-0.009031027555,749.5042114,-0.008263515308,749.5042114,-0.009025195614,
748.9379272,-0.007918218151,748.9379272,-0.007830516435,748.9379272,-0.008753726259,748.9379272,-0.008711966686,748.9379272,-0.008901452646,748.9379272,-0.009540227242,
748.5131226,-0.007982725278,748.5131226,-0.008153324947,748.5131226,-0.008885018528,748.5131226,-0.008999182843,748.5131226,-0.008991423994,748.5131226,-0.008980166167,
747.9465942,-0.008335538208,747.9465942,-0.007966408506,747.9465942,-0.008979911916,747.9465942,-0.009320566431,747.9465942,-0.009147180244,747.9465942,-0.008800099604,
747.5216675,-0.00819143001,747.5216675,-0.008237811737,747.5216675,-0.009228230454,747.5216675,-0.009234971367,747.5216675,-0.009192192927,747.5216675,-0.009374478832,
746.9549561,-0.007920200936,746.9549561,-0.008049611002,746.9549561,-0.008919915184,746.9549561,-0.009767927229,746.9549561,-0.009243030101,746.9549561,-0.009296648204,
746.5298462,-0.008190312423,746.5298462,-0.008530062623,746.5298462,-0.009162084199,746.5298462,-0.009361254051,746.5298462,-0.00924297981,746.5298462,-0.009552939795,
745.9629517,-0.008274741471,745.9629517,-0.008247819729,745.9629517,-0.009438060224,745.9629517,-0.009295026772,745.9629517,-0.009500467218,745.9629517,-0.00966986455,
745.5377197,-0.008581941947,745.5377197,-0.008565597236,745.5377197,-0.009380710311,745.5377197,-0.009837069549,745.5377197,-0.009475192055,745.5377197,-0.009721201845,
744.9706421,-0.008407448418,744.9706421,-0.008507522754,744.9706421,-0.009217942134,744.9706421,-0.00962100178,744.9706421,-0.009589909576,744.9706421,-0.009859743528,
744.5452271,-0.008687507361,744.5452271,-0.008065314963,744.5452271,-0.009636344388,744.5452271,-0.009954323061,744.5452271,-0.009412628599,744.5452271,-0.009609152563,
743.9779053,-0.008861178532,743.9779053,-0.008493510075,743.9779053,-0.009408170357,743.9779053,-0.0102110859,743.9779053,-0.01004604902,743.9779053,-0.01000673976,
743.5523682,-0.008834292181,743.5523682,-0.008664214052,743.5523682,-0.009799007326,743.5523682,-0.01029259525,743.5523682,-0.009773141704,743.5523682,-0.01005034894,
742.9848633,-0.00905643031,742.9848633,-0.008906372823,742.9848633,-0.009867992252,742.9848633,-0.01025189366,742.9848633,-0.01015080418,742.9848633,-0.01057068445,
742.5591431,-0.009212822653,742.5591431,-0.00901677832,742.5591431,-0.01003324986,742.5591431,-0.01050757151,742.5591431,-0.01043959707,742.5591431,-0.01033491176,
741.9914551,-0.009871383198,741.9914551,-0.009796780534,741.9914551,-0.01063798089,741.9914551,-0.01130427234,741.9914551,-0.01070466172,741.9914551,-0.01106703095,
741.5656128,-0.009730973281,741.5656128,-0.009584085084,741.5656128,-0.01102741063,741.5656128,-0.01101771928,741.5656128,-0.01108065713,741.5656128,-0.01111552864,
740.9976807,-0.009080108255,740.9976807,-0.009235884063,740.9976807,-0.01007584389,740.9976807,-0.01075133123,740.9976807,-0.0102033494,740.9976807,-0.01093942579,
740.4296875,-0.01026534289,740.4296875,-0.01002434548,740.4296875,-0.01100227423,740.4296875,-0.01137024537,740.4296875,-0.01085929945,740.4296875,-0.01150049735,
740.0036011,-0.01001392398,740.0036011,-0.01010573842,740.0036011,-0.01109307259,740.0036011,-0.0118245706,740.0036011,-0.01125160791,740.0036011,-0.01159310713,
739.4353638,-0.009887476452,739.4353638,-0.009442771785,739.4353638,-0.01050494332,739.4353638,-0.01099010836,739.4353638,-0.01045743842,739.4353638,-0.01113667246,
739.0091553,-0.01016203128,739.0091553,-0.009571881033,739.0091553,-0.01103210449,739.0091553,-0.01107545942,739.0091553,-0.01061959192,739.0091553,-0.01113929693,
738.4407349,-0.009896484204,738.4407349,-0.01006279327,738.4407349,-0.0108805066,738.4407349,-0.01107737701,738.4407349,-0.01098490972,738.4407349,-0.0114114983,
738.0143433,-0.0102555342,738.0143433,-0.009889399633,738.0143433,-0.01088520233,738.0143433,-0.01146580745,738.0143433,-0.01084162667,738.0143433,-0.01134840678,
737.4457397,-0.01084273774,737.4457397,-0.01039840374,737.4457397,-0.01209447999,737.4457397,-0.01227535028,737.4457397,-0.01180225052,737.4457397,-0.01209911238,
737.019165,-0.0109601235,737.019165,-0.01081536803,737.019165,-0.01159744244,737.019165,-0.01204704773,737.019165,-0.0120543493,737.019165,-0.01189444307,
736.4503784,-0.01113828737,736.4503784,-0.01069900393,736.4503784,-0.01199281123,736.4503784,-0.01232617907,736.4503784,-0.01198193338,736.4503784,-0.01229885314,
736.0236816,-0.01085677557,736.0236816,-0.01054607704,736.0236816,-0.01211069245,736.0236816,-0.01224807091,736.0236816,-0.01189308334,736.0236816,-0.0120964935,
735.4546509,-0.01092382614,735.4546509,-0.01080885436,735.4546509,-0.01170681324,735.4546509,-0.01245297492,735.4546509,-0.01185510028,735.4546509,-0.01222803816,
735.027832,-0.01093033794,735.027832,-0.01068718452,735.027832,-0.01180451829,735.027832,-0.01214427315,735.027832,-0.01182215195,735.027832,-0.01205102541,
734.4586182,-0.010668898,734.4586182,-0.01066036057,734.4586182,-0.01134593599,734.4586182,-0.0121535873,734.4586182,-0.01162582077,734.4586182,-0.0119123254,
734.0316772,-0.01079173479,734.0316772,-0.0106148934,734.0316772,-0.01162284706,734.0316772,-0.01187822316,734.0316772,-0.0115953749,734.0316772,-0.01180562656,
733.4622192,-0.01067061536,733.4622192,-0.01044323668,733.4622192,-0.01146424469,733.4622192,-0.01198732201,733.4622192,-0.0112610925,733.4622192,-0.01172137726,
733.0350952,-0.01040841173,733.0350952,-0.01033460815,733.0350952,-0.01143721677,733.0350952,-0.01188683696,733.0350952,-0.01128651667,733.0350952,-0.01171175204,
732.4655151,-0.01029643789,732.4655151,-0.01009278931,732.4655151,-0.0111740632,732.4655151,-0.01171724498,732.4655151,-0.01122981403,732.4655151,-0.01172031835,
732.038208,-0.01041816734,732.038208,-0.01035786327,732.038208,-0.0112211369,732.038208,-0.01171144936,732.038208,-0.01136520226,732.038208,-0.01155504677,
731.4684448,-0.01071860269,731.4684448,-0.01036130078,731.4684448,-0.01149152219,731.4684448,-0.01197407581,731.4684448,-0.01167733129,731.4684448,-0.01200907771,
731.0410156,-0.01062590722,731.0410156,-0.01068880036,731.0410156,-0.01165318955,731.0410156,-0.01177025586,731.0410156,-0.0116669992,731.0410156,-0.01176738366,
730.4710083,-0.0111432327,730.4710083,-0.01085369475,730.4710083,-0.01212700456,730.4710083,-0.01227600407,730.4710083,-0.01192229893,730.4710083,-0.01231948659,
730.043396,-0.01128369197,730.043396,-0.01095406618,730.043396,-0.01211285777,730.043396,-0.01254015137,730.043396,-0.01205606107,730.043396,-0.01241946872,
729.4732056,-0.01151864789,729.4732056,-0.01097021997,729.4732056,-0.01185782067,729.4732056,-0.01282379217,729.4732056,-0.01238606032,729.4732056,-0.01291189808,
729.0454712,-0.0116536431,729.0454712,-0.01148748863,729.0454712,-0.01271892525,729.0454712,-0.01291923597,729.0454712,-0.01256731153,729.0454712,-0.01284218859,
728.4750977,-0.01185469702,728.4750977,-0.01215373818,728.4750977,-0.01279916149,728.4750977,-0.01323436759,728.4750977,-0.01250297949,728.4750977,-0.01314738207,
728.0472412,-0.01247485913,728.0472412,-0.01186442003,728.0472412,-0.0130491741,728.0472412,-0.01341867913,728.0472412,-0.01314426772,728.0472412,-0.0133719435,
727.4766235,-0.01247450709,727.4766235,-0.01253059413,727.4766235,-0.01353426743,727.4766235,-0.01399716269,727.4766235,-0.01336049754,727.4766235,-0.01390541531,
727.048645,-0.01328719407,727.048645,-0.01289968658,727.048645,-0.0140848821,727.048645,-0.01433295384,727.048645,-0.0139449751,727.048645,-0.01441599708,
726.4778442,-0.01355589554,726.4778442,-0.01302731968,726.4778442,-0.01425610762,726.4778442,-0.01488035638,726.4778442,-0.0143957641,726.4778442,-0.01461337414,
726.0496826,-0.01359754428,726.0496826,-0.0136512788,726.0496826,-0.01481391396,726.0496826,-0.01490151789,726.0496826,-0.01458644215,726.0496826,-0.0149254296,
725.4786987,-0.01447949652,725.4786987,-0.01432894636,725.4786987,-0.01516137365,725.4786987,-0.01572306268,725.4786987,-0.01493603364,725.4786987,-0.01554621942,
725.050354,-0.0143426219,725.050354,-0.01434242073,725.050354,-0.01523136161,725.050354,-0.0158758238,725.050354,-0.01545000263,725.050354,-0.01547323447,
724.479187,-0.01498175133,724.479187,-0.01467619371,724.479187,-0.01559611876,724.479187,-0.01618971676,724.479187,-0.01576445252,724.479187,-0.01597633958,
724.0507202,-0.0149804512,724.0507202,-0.01479615085,724.0507202,-0.01580529101,724.0507202,-0.01636564918,724.0507202,-0.01577843167,724.0507202,-0.01635044254,
723.4793701,-0.01534651779,723.4793701,-0.01532382891,723.4793701,-0.01620867103,723.4793701,-0.01687145606,723.4793701,-0.01634460874,723.4793701,-0.01674908213,
723.0507813,-0.01566753536,723.0507813,-0.01556724869,723.0507813,-0.01662129164,723.0507813,-0.01700902916,723.0507813,-0.01639496535,723.0507813,-0.01670325175,
722.479187,-0.01575406827,722.479187,-0.01585560851,722.479187,-0.01681094617,722.479187,-0.0172007028,722.479187,-0.0165279042,722.479187,-0.01678046398,
722.050415,-0.01595787518,722.050415,-0.01581802033,722.050415,-0.01673468575,722.050415,-0.01716079377,722.050415,-0.01679162122,722.050415,-0.01736334339,
721.4786987,-0.01595458016,721.4786987,-0.01595727541,721.4786987,-0.01724414341,721.4786987,-0.01760582253,721.4786987,-0.01691303588,721.4786987,-0.01761670969,
721.0498047,-0.01631199941,721.0498047,-0.01599115878,721.0498047,-0.01720573008,721.0498047,-0.01760298759,721.0498047,-0.0170221217,721.0498047,-0.01730772667,
720.4778442,-0.01610860787,720.4778442,-0.01592927799,720.4778442,-0.01704099029,720.4778442,-0.01740666665,720.4778442,-0.01705422997,720.4778442,-0.01738348976,
720.0487671,-0.0163020771,720.0487671,-0.01612816378,720.0487671,-0.01724981517,720.0487671,-0.01740915515,720.0487671,-0.0171686057,720.0487671,-0.01763311587,
719.4766235,-0.0163270589,719.4766235,-0.0163027253,719.4766235,-0.01716402732,719.4766235,-0.01788771525,719.4766235,-0.01709330454,719.4766235,-0.01779251173,
719.0474243,-0.01641510427,719.0474243,-0.01634435914,719.0474243,-0.01720438525,719.0474243,-0.01767487079,719.0474243,-0.01733752713,719.0474243,-0.01779559255,
718.4750977,-0.01644401811,718.4750977,-0.01634959504,718.4750977,-0.01729056425,718.4750977,-0.017848216,718.4750977,-0.01722613163,718.4750977,-0.01785303466,
718.0457764,-0.0165375229,718.0457764,-0.01634156704,718.0457764,-0.0173258353,718.0457764,-0.01802158915,718.0457764,-0.01733394526,718.0457764,-0.01784990542,
717.4732056,-0.01644995064,717.4732056,-0.01660649292,717.4732056,-0.01743815094,717.4732056,-0.01780096069,717.4732056,-0.01745182648,717.4732056,-0.01774917729,
717.0437622,-0.016546892,717.0437622,-0.01634969562,717.0437622,-0.01718761586,717.0437622,-0.01798145659,717.0437622,-0.01734578423,717.0437622,-0.01787037589,
716.4710083,-0.01636295766,716.4710083,-0.01644546352,716.4710083,-0.01693046466,716.4710083,-0.01756878383,716.4710083,-0.01706727222,716.4710083,-0.01766622253,
716.0413818,-0.01644695923,716.0413818,-0.0163022764,716.0413818,-0.01714237966,716.0413818,-0.01771796495,716.0413818,-0.01718229055,716.0413818,-0.01782784238,
715.4684448,-0.01606390812,715.4684448,-0.01588036679,715.4684448,-0.01689381525,715.4684448,-0.01766632125,715.4684448,-0.01715979725,715.4684448,-0.01757524721,
715.0386963,-0.01610426791,715.0386963,-0.01573659293,715.0386963,-0.01653677598,715.0386963,-0.01715457253,715.0386963,-0.01693708636,715.0386963,-0.01729061268,
714.4655762,-0.01572301239,714.4655762,-0.01532003097,714.4655762,-0.01629344933,714.4655762,-0.01697771437,714.4655762,-0.01658571325,714.4655762,-0.01715671271,
714.0356445,-0.01563187875,714.0356445,-0.01552633848,714.0356445,-0.01628178172,714.0356445,-0.01681532897,714.0356445,-0.01640593261,714.0356445,-0.01691577584,
713.4623413,-0.01547528338,713.4623413,-0.01521961391,713.4623413,-0.0160106197,713.4623413,-0.01671779901,713.4623413,-0.01639511436,713.4623413,-0.01668676175,
713.0322876,-0.01518507022,713.0322876,-0.01452386007,713.0322876,-0.01569445059,713.0322876,-0.01650099084,713.0322876,-0.01577997953,713.0322876,-0.01651863381,
712.4587402,-0.01483512856,712.4587402,-0.01442921907,712.4587402,-0.01523446105,712.4587402,-0.01617250964,712.4587402,-0.01568940654,712.4587402,-0.01612601802,
712.0285645,-0.0143360598,712.0285645,-0.0143542923,712.0285645,-0.0151604237,712.0285645,-0.015809834,712.0285645,-0.01534177084,712.0285645,-0.01580958441,
711.454895,-0.01397380233,711.454895,-0.01406638697,711.454895,-0.01481191255,711.454895,-0.0153700551,711.454895,-0.01500955969,711.454895,-0.01563007943,
711.0245361,-0.01358916424,711.0245361,-0.01342023537,711.0245361,-0.01418039948,711.0245361,-0.01485604234,711.0245361,-0.01418951899,711.0245361,-0.01509672403,
710.4506226,-0.01335537713,710.4506226,-0.01324400958,710.4506226,-0.01377693657,710.4506226,-0.01449211501,710.4506226,-0.01407164987,710.4506226,-0.01460301224,
710.0201416,-0.0127763385,710.0201416,-0.01281544752,710.0201416,-0.0134498002,710.0201416,-0.01435784902,710.0201416,-0.01353501994,710.0201416,-0.0140963085,
709.4460449,-0.01228189282,709.4460449,-0.01215897314,709.4460449,-0.01313120779,709.4460449,-0.01356191747,709.4460449,-0.01311252173,709.4460449,-0.01345165726,
709.0154419,-0.01174450666,709.0154419,-0.01145446207,709.0154419,-0.01255825814,709.0154419,-0.01301380433,709.0154419,-0.01265250333,709.0154419,-0.01317003369,
708.4411621,-0.01110245846,708.4411621,-0.01091700979,708.4411621,-0.01200666092,708.4411621,-0.01261448581,708.4411621,-0.01198147982,708.4411621,-0.0126526542,
708.010376,-0.01119898818,708.010376,-0.01074239146,708.010376,-0.01160888467,708.010376,-0.01206623297,708.010376,-0.01183278207,708.010376,-0.01226523332,
707.4359131,-0.01029148325,707.4359131,-0.01001928654,707.4359131,-0.01074355375,707.4359131,-0.01128994673,707.4359131,-0.01077739149,707.4359131,-0.01156679261,
707.0050049,-0.00941004511,707.0050049,-0.009604392573,707.0050049,-0.01047315635,707.0050049,-0.01082642749,707.0050049,-0.0103103416,707.0050049,-0.01080355141,
706.4303589,-0.008386171423,706.4303589,-0.008493002504,706.4303589,-0.009413490072,706.4303589,-0.009897142649,706.4303589,-0.009468606673,706.4303589,-0.01002333406,
705.9992676,-0.008137471974,705.9992676,-0.008197323419,705.9992676,-0.008953845128,705.9992676,-0.009611380287,705.9992676,-0.009132327512,705.9992676,-0.009511863813,
705.5681763,-0.007795939222,705.5681763,-0.007511742413,705.5681763,-0.008498942479,705.5681763,-0.008943550289,705.5681763,-0.008380026557,705.5681763,-0.009024790488,
704.9932251,-0.006699533667,704.9932251,-0.006649774965,704.9932251,-0.007445638999,704.9932251,-0.008158761077,704.9932251,-0.00775413774,704.9932251,-0.008160742931,
704.5619507,-0.006692651194,704.5619507,-0.006489957683,704.5619507,-0.00729868887,704.5619507,-0.008093670942,704.5619507,-0.007358299568,704.5619507,-0.007761969697,
703.9868774,-0.005563808605,703.9868774,-0.005518571474,703.9868774,-0.006538306829,703.9868774,-0.006528106984,703.9868774,-0.006612656172,703.9868774,-0.00692307204,
703.5554199,-0.004967678804,703.5554199,-0.004899088293,703.5554199,-0.005679410882,703.5554199,-0.006382580847,703.5554199,-0.005839015823,703.5554199,-0.006481337827,
702.9801025,-0.004204072524,702.9801025,-0.004119925201,702.9801025,-0.004894071259,702.9801025,-0.005522456486,702.9801025,-0.004967371933,702.9801025,-0.005569840316,
702.548584,-0.003427820979,702.548584,-0.003372445935,702.548584,-0.004419571254,702.548584,-0.004695862532,702.548584,-0.004316141363,702.548584,-0.005066758022,
701.9730835,-0.002818874083,701.9730835,-0.002688924782,701.9730835,-0.003572543152,701.9730835,-0.004202021752,701.9730835,-0.003656693967,701.9730835,-0.004264929332,
701.5413818,-0.002137004631,701.5413818,-0.002162299119,701.5413818,-0.003009611974,701.5413818,-0.003263833001,701.5413818,-0.002961176913,701.5413818,-0.00368251605,
700.9656982,-0.001590881729,700.9656982,-0.001225264859,700.9656982,-0.002078012796,700.9656982,-0.002781786257,700.9656982,-0.002402961254,700.9656982,-0.002818822628,
700.5338745,-0.0009049618384,700.5338745,-0.0003532515257,700.5338745,-0.001395339496,700.5338745,-0.001835366129,700.5338745,-0.00173704233,700.5338745,-0.002205775352,
699.9580078,0.0001779507147,699.9580078,6.417605618E-5,699.9580078,-0.000908991613,699.9580078,-0.001402461086,699.9580078,-0.0007769708172,699.9580078,-0.001623996533,
699.526001,0.0004767186765,699.526001,0.0006088503869,699.526001,-0.0004094265169,699.526001,-0.0006427904009,699.526001,-0.000284911046,699.526001,-0.0008194491966,
698.9499512,0.001124750939,698.9499512,0.001332529238,698.9499512,0.0001947838173,698.9499512,-0.0003730118915,698.9499512,0.0002116952674,698.9499512,-0.0005795106408,
698.5178223,0.001643941388,698.5178223,0.001749579795,698.5178223,0.00106581545,698.5178223,0.0004152540641,698.5178223,0.0009853013325,698.5178223,0.0003834109521,
697.9415894,0.002724926686,697.9415894,0.003049904015,697.9415894,0.001780613442,697.9415894,0.001443026471,697.9415894,0.001878615585,697.9415894,0.001204356318,
697.5093384,0.002883541165,697.5093384,0.003074721899,697.5093384,0.002144346246,697.5093384,0.001817498123,697.5093384,0.002310998505,697.5093384,0.001382385846,
696.9328613,0.003958032932,696.9328613,0.003843577346,696.9328613,0.00287984102,696.9328613,0.002752773697,696.9328613,0.003003217978,696.9328613,0.002327914583,
696.5004883,0.004040093161,696.5004883,0.00433951756,696.5004883,0.003413475584,696.5004883,0.003045759164,696.5004883,0.003351724474,696.5004883,0.002836482367,
696.0680542,0.004890107084,696.0680542,0.005430753808,696.0680542,0.004178488161,696.0680542,0.003952599596,696.0680542,0.004106123,696.0680542,0.003775289049,
695.491333,0.005648653954,695.491333,0.005699218251,695.491333,0.004848065786,695.491333,0.004721834324,695.491333,0.004683681764,695.491333,0.004011065699,
695.0587158,0.00588064827,695.0587158,0.006036298815,695.0587158,0.005363368895,695.0587158,0.005007143598,695.0587158,0.005005572457,695.0587158,0.004525820725,
694.4818115,0.006481119897,694.4818115,0.00658058282,694.4818115,0.005380928051,694.4818115,0.005238245241,694.4818115,0.006165827159,694.4818115,0.005061037838,
694.0490723,0.006942678243,694.0490723,0.007177233696,694.0490723,0.005918696523,694.0490723,0.005740712862,694.0490723,0.00623294292,694.0490723,0.005718889646,
693.4719849,0.007654708344,693.4719849,0.008129595779,693.4719849,0.00654586684,693.4719849,0.00649097329,693.4719849,0.00683098333,693.4719849,0.006466011982,
693.0391235,0.007600016892,693.0391235,0.008287901059,693.0391235,0.006966509391,693.0391235,0.006595931482,693.0391235,0.00716036465,693.0391235,0.006477914285,
692.461853,0.008422959596,692.461853,0.009110695682,692.461853,0.007807464339,692.461853,0.007303259335,692.461853,0.007891968824,692.461853,0.007372157183,
692.0288086,0.008893615566,692.0288086,0.009004282765,692.0288086,0.008197517134,692.0288086,0.007718576118,692.0288086,0.007937495597,692.0288086,0.00754419947,
691.451355,0.009433161467,691.451355,0.009810617194,691.451355,0.008712137118,691.451355,0.008342732675,691.451355,0.008427789435,691.451355,0.008105278946,
691.0181885,0.009879145771,691.0181885,0.01008532755,691.0181885,0.008988452144,691.0181885,0.008895860985,691.0181885,0.009032297879,691.0181885,0.008618548512,
690.4405518,0.0105453236,690.4405518,0.01047920901,690.4405518,0.009781758301,690.4405518,0.009478003718,690.4405518,0.009711973369,690.4405518,0.009144031443,
690.0072632,0.0108220391,690.0072632,0.01111361571,690.0072632,0.009986463003,690.0072632,0.00959252473,690.0072632,0.009557038546,690.0072632,0.008897473104,
689.4294434,0.01105936337,689.4294434,0.01147427596,689.4294434,0.01005308516,689.4294434,0.009567120112,689.4294434,0.0104770083,689.4294434,0.009342246689,
688.9959717,0.01144185103,688.9959717,0.01151659153,688.9959717,0.01049933676,688.9959717,0.009971259162,688.9959717,0.01042842958,688.9959717,0.01000860706,
688.5625,0.01157831866,688.5625,0.01193585247,688.5625,0.01066068467,688.5625,0.01040119957,688.5625,0.01074914169,688.5625,0.01017340273,
687.984375,0.01199963503,687.984375,0.01268034987,687.984375,0.0115560675,687.984375,0.01117746346,687.984375,0.01138442196,687.984375,0.01089298353,
687.5507202,0.01214333251,687.5507202,0.01248945016,687.5507202,0.01129633933,687.5507202,0.01144139841,687.5507202,0.01154825184,687.5507202,0.01067405567,
686.9724731,0.01280214451,686.9724731,0.0127792703,686.9724731,0.01207199693,686.9724731,0.01135330461,686.9724731,0.01172565296,686.9724731,0.01125611737,
686.5386963,0.01308582351,686.5386963,0.0135023566,686.5386963,0.01231895387,686.5386963,0.01179530937,686.5386963,0.01206443831,686.5386963,0.01146066748,
685.9602051,0.01408723462,685.9602051,0.01389387157,685.9602051,0.01295912266,685.9602051,0.0128183011,685.9602051,0.01327775978,685.9602051,0.01242021564,
685.5263062,0.01416540146,685.5263062,0.01451832801,685.5263062,0.01325317845,685.5263062,0.01277553756,685.5263062,0.0132243298,685.5263062,0.01289335918,
684.9476318,0.01354545821,684.9476318,0.01372974273,684.9476318,0.01313984953,684.9476318,0.01224314235,684.9476318,0.01312856376,684.9476318,0.01233362686,
684.5136108,0.01498918142,684.5136108,0.01504717022,684.5136108,0.01376052201,684.5136108,0.01319270767,684.5136108,0.01403020322,684.5136108,0.01300625037,
683.9347534,0.0146980444,683.9347534,0.01535809133,683.9347534,0.01404744852,683.9347534,0.01351333223,683.9347534,0.01422833465,683.9347534,0.01337395888,
683.5005493,0.01506665256,683.5005493,0.01504207868,683.5005493,0.01357715949,683.5005493,0.01330306195,683.5005493,0.01350468025,683.5005493,0.01317544375,
683.0662842,0.01469317079,683.0662842,0.01504652668,683.0662842,0.01408287697,683.0662842,0.01360133104,683.0662842,0.01383341849,683.0662842,0.01330514345,
682.4871826,0.01501436997,682.4871826,0.01490952726,682.4871826,0.01417441387,682.4871826,0.0135011822,682.4871826,0.01394928154,682.4871826,0.0136957597,
682.0527954,0.01560230833,682.0527954,0.01539700571,682.0527954,0.01442273054,682.0527954,0.01374454424,682.0527954,0.01422721148,682.0527954,0.01389285643,
681.4735107,0.01530531701,681.4735107,0.01581313089,681.4735107,0.01482037921,681.4735107,0.01373869274,681.4735107,0.01441264153,681.4735107,0.01392233744,
681.0390015,0.01536576077,681.0390015,0.01626472548,681.0390015,0.01482742373,681.0390015,0.01450258959,681.0390015,0.01442952733,681.0390015,0.01428763941,
680.4595337,0.01556597836,680.4595337,0.01616208069,680.4595337,0.01533720084,680.4595337,0.01420696359,680.4595337,0.01464045141,680.4595337,0.01414510328,
680.0248413,0.01592157595,680.0248413,0.01625760458,680.0248413,0.01507796254,680.0248413,0.01485608425,680.0248413,0.01518780459,680.0248413,0.01431364287,
679.4451904,0.01615603454,679.4451904,0.0164363496,679.4451904,0.01532320213,679.4451904,0.01478665881,679.4451904,0.01502881292,679.4451904,0.01454806514,
679.010376,0.01609231159,679.010376,0.01669287495,679.010376,0.01542508695,679.010376,0.01472313516,679.010376,0.01553429291,679.010376,0.014741024,
678.430542,0.01640191115,678.430542,0.01659921929,678.430542,0.01565490477,678.430542,0.01505721919,678.430542,0.01529673673,678.430542,0.01503725443,
677.9956055,0.01683503948,677.9956055,0.01677705534,677.9956055,0.01563797146,677.9956055,0.01553874649,677.9956055,0.01553456113,677.9956055,0.01503379736,
677.5606079,0.01688732766,677.5606079,0.01720764861,677.5606079,0.01576336287,677.5606079,0.01612366177,677.5606079,0.01610219665,677.5606079,0.01551661268,
676.9805298,0.01662014239,676.9805298,0.01668087766,676.9805298,0.0158075206,676.9805298,0.01563493907,676.9805298,0.0159452334,676.9805298,0.01495716255,
676.5454102,0.01695095375,676.5454102,0.0169478301,676.5454102,0.01579621993,676.5454102,0.01577869058,676.5454102,0.01611184143,676.5454102,0.01479297969,
675.9650879,0.0170355048,675.9650879,0.01712629385,675.9650879,0.01609725319,675.9650879,0.01573480293,675.9650879,0.01612387598,675.9650879,0.01545418985,
675.5298462,0.01707879826,675.5298462,0.0169250872,675.5298462,0.01634177938,675.5298462,0.01643422619,675.5298462,0.0161852669,675.5298462,0.01545767672,
674.9494019,0.01713571884,674.9494019,0.01715801656,674.9494019,0.01612175442,674.9494019,0.01649988256,674.9494019,0.01611417904,674.9494019,0.01554896776,
674.5139771,0.01701717265,674.5139771,0.01741135865,674.5139771,0.01620582305,674.5139771,0.01658827253,674.5139771,0.01613258012,674.5139771,0.01579901017,
673.9333496,0.01718901284,673.9333496,0.01729561761,673.9333496,0.01630063169,673.9333496,0.01613878645,673.9333496,0.0160333775,673.9333496,0.01590699516,
673.4977417,0.01772206277,673.4977417,0.01766619645,673.4977417,0.01670226455,673.4977417,0.0162907131,673.4977417,0.01603598334,673.4977417,0.01539416239,
673.0621338,0.01748430356,673.0621338,0.01787527278,673.0621338,0.0168458838,673.0621338,0.0162412934,673.0621338,0.01665976271,673.0621338,0.01579047367,
672.4812622,0.01759882644,672.4812622,0.01771402732,672.4812622,0.01688598283,672.4812622,0.01646613888,672.4812622,0.01658663154,672.4812622,0.01578623243,
672.0455322,0.01812943816,672.0455322,0.01780520007,672.0455322,0.01700433157,672.0455322,0.01672644913,672.0455322,0.01674813218,672.0455322,0.01545676496,
671.4644165,0.01817583665,671.4644165,0.01750330441,671.4644165,0.01659790054,671.4644165,0.0166712217,671.4644165,0.01647592522,671.4644165,0.01581270248,
671.0285645,0.01761392318,671.0285645,0.01783980429,671.0285645,0.01649713889,671.0285645,0.01664935239,671.0285645,0.01687519066,671.0285645,0.01623035595,
670.4472656,0.01869083196,670.4472656,0.01843263581,670.4472656,0.01760324836,670.4472656,0.01700328104,670.4472656,0.01722405106,670.4472656,0.01655134931,
670.0112915,0.01891454309,670.0112915,0.0184276402,670.0112915,0.01752693951,670.0112915,0.01722722873,670.0112915,0.01746460423,670.0112915,0.01684233174,
669.4298096,0.0178301204,669.4298096,0.01821907982,669.4298096,0.01690910012,669.4298096,0.01639002934,669.4298096,0.01672814414,669.4298096,0.01635366119,
668.9936523,0.01794740558,668.9936523,0.01790537685,668.9936523,0.01679274067,668.9936523,0.0171939414,668.9936523,0.01705674641,668.9936523,0.01629138552,
668.5574951,0.01831341162,668.5574951,0.01817281358,668.5574951,0.01719270274,668.5574951,0.01700083166,668.5574951,0.016882753,668.5574951,0.01609069854,
667.975769,0.01852261089,667.975769,0.01843350008,667.975769,0.01747778244,667.975769,0.01760478504,667.975769,0.01724379323,667.975769,0.01675851643,
667.5394287,0.017976759,667.5394287,0.0181922745,667.5394287,0.0170792006,667.5394287,0.01716921851,667.5394287,0.01707203873,667.5394287,0.01657794602,
666.9575195,0.0173207242,666.9575195,0.01708286256,666.9575195,0.01599776372,666.9575195,0.01620318927,666.9575195,0.01577978954,666.9575195,0.0151303336,
666.5210571,0.01713151857,666.5210571,0.01716528647,666.5210571,0.01576634124,666.5210571,0.01553254854,666.5210571,0.01573754102,666.5210571,0.01512071118,
665.9390259,0.01654833741,665.9390259,0.01641656272,665.9390259,0.0155238295,665.9390259,0.01516686846,665.9390259,0.01503548585,665.9390259,0.0152479643,
665.5023804,0.01638344303,665.5023804,0.01659254916,665.5023804,0.0154322749,665.5023804,0.01499746181,665.5023804,0.01543578878,665.5023804,0.01449929737,
665.0657349,0.0171150919,665.0657349,0.01690223813,665.0657349,0.01577573642,665.0657349,0.01565251499,665.0657349,0.01532757375,665.0657349,0.01510760467,
664.4833984,0.01673010737,664.4833984,0.01681582816,664.4833984,0.01569102705,664.4833984,0.01519469451,664.4833984,0.01548637915,664.4833984,0.01468155067,
664.0465698,0.01662570983,664.0465698,0.01658730395,664.0465698,0.01573477499,664.0465698,0.01552160271,664.0465698,0.01567505859,664.0465698,0.01475377101,
663.4641113,0.01612715423,663.4641113,0.01610450633,663.4641113,0.01491017081,663.4641113,0.01461745333,663.4641113,0.014682943,663.4641113,0.01389622409,
663.0271606,0.01597866789,663.0271606,0.01589510031,663.0271606,0.01488699764,663.0271606,0.01443247125,663.0271606,0.0146838259,663.0271606,0.01396908984,
662.444458,0.01561779156,662.444458,0.01586092077,662.444458,0.01467592735,662.444458,0.01456854306,662.444458,0.01465659589,662.444458,0.01416064054,
662.0073853,0.0157942865,662.0073853,0.01556946617,662.0073853,0.01468519215,662.0073853,0.01426902041,662.0073853,0.01441068854,662.0073853,0.01374200638,
661.5702515,0.01597155072,661.5702515,0.01560370345,661.5702515,0.01427426375,661.5702515,0.01440311503,661.5702515,0.0143785784,661.5702515,0.01378964726,
660.9873657,0.01568305679,660.9873657,0.01597278751,660.9873657,0.01448495127,660.9873657,0.01392615959,660.9873657,0.01422745269,660.9873657,0.01327845361,
660.5500488,0.01575710811,660.5500488,0.01593739167,660.5500488,0.0144668594,660.5500488,0.01413264126,660.5500488,0.01414069068,660.5500488,0.01349461358,
659.96698,0.01579079591,659.96698,0.01534830313,659.96698,0.01459734794,659.96698,0.01417430677,659.96698,0.01443107892,659.96698,0.01402477641,
659.529541,0.01562034059,659.529541,0.01533296332,659.529541,0.01432744786,659.529541,0.01414520945,659.529541,0.01417008135,659.529541,0.01364300027,
658.9462891,0.01547441538,658.9462891,0.01543597691,658.9462891,0.01442002691,658.9462891,0.01384103484,658.9462891,0.01416259352,658.9462891,0.0136491172,
658.508728,0.01546505373,658.508728,0.01550311875,658.508728,0.01451896969,658.508728,0.01403806359,658.508728,0.01411408186,658.508728,0.01335081458,
658.071167,0.01544171665,658.071167,0.01531346887,658.071167,0.01441542432,658.071167,0.01379822474,658.071167,0.01430318225,658.071167,0.0133886151,
657.4876099,0.01558264066,657.4876099,0.01509222109,657.4876099,0.0140022384,657.4876099,0.01389622409,657.4876099,0.01388903428,657.4876099,0.01343744621,
657.0498657,0.01544375531,657.0498657,0.01536597591,657.0498657,0.0143379895,657.0498657,0.01422924455,657.0498657,0.01415226981,657.0498657,0.01342222746,
656.4661865,0.01565965451,656.4661865,0.01521359384,656.4661865,0.01433068514,656.4661865,0.0138907712,656.4661865,0.01399774756,656.4661865,0.01339536998,
656.0283203,0.01511462685,656.0283203,0.01501836255,656.0283203,0.01407143194,656.0283203,0.01398774888,656.0283203,0.01409662049,656.0283203,0.0134491669,
655.444397,0.01518879645,655.444397,0.01520182565,655.444397,0.01442339923,655.444397,0.01391704567,655.444397,0.01376143098,655.444397,0.01347701624,
655.0064087,0.01542377286,655.0064087,0.01497222111,655.0064087,0.01430478785,655.0064087,0.01377770305,655.0064087,0.01410614047,655.0064087,0.01312730927,
654.5683594,0.01573611796,654.5683594,0.01539303642,654.5683594,0.01476777717,654.5683594,0.01445106976,654.5683594,0.01460674498,654.5683594,0.01394658163,
653.9842529,0.0154036032,653.9842529,0.01507640816,653.9842529,0.01394976303,653.9842529,0.01379365567,653.9842529,0.01387767587,653.9842529,0.01321581751,
653.5460815,0.01533296332,653.5460815,0.01502833143,653.5460815,0.01422777306,653.5460815,0.01336002443,653.5460815,0.01364727411,653.5460815,0.01346977986,
652.961731,0.01506209746,652.961731,0.01535495371,652.961731,0.01412659697,652.961731,0.01361332368,652.961731,0.01390811801,652.961731,0.01307680644,
652.5234375,0.01542503294,652.5234375,0.01520064566,652.5234375,0.0141437389,652.5234375,0.01344051678,652.5234375,0.01418080647,652.5234375,0.01326118503,
651.9389038,0.01537040062,651.9389038,0.01505156513,651.9389038,0.01416794211,651.9389038,0.01350510772,651.9389038,0.01377444342,651.9389038,0.01324114297,
651.5004883,0.01534154452,651.5004883,0.01483136136,651.5004883,0.01421576366,651.5004883,0.01351958141,651.5004883,0.01405600458,651.5004883,0.01339414157,
651.0620117,0.01553729735,651.0620117,0.01523576584,651.0620117,0.01415109355,651.0620117,0.01350331865,651.0620117,0.01391645707,651.0620117,0.0131767774,
650.4772339,0.01495367941,650.4772339,0.01500563417,650.4772339,0.01427712664,650.4772339,0.013766855,650.4772339,0.01368632913,650.4772339,0.01345442701,
650.0385742,0.01528888009,650.0385742,0.0148686748,650.0385742,0.01387807634,650.0385742,0.0136591075,650.0385742,0.01372597553,650.0385742,0.01332388166,
649.4536743,0.01543184649,649.4536743,0.01532620564,649.4536743,0.0140595343,649.4536743,0.01362264622,649.4536743,0.01396930311,649.4536743,0.0131686395,
649.0148926,0.01536039729,649.0148926,0.0152992839,649.0148926,0.0140379034,649.0148926,0.01362988446,649.0148926,0.01390124857,649.0148926,0.01355373766,
648.4298096,0.01548568159,648.4298096,0.01553879958,648.4298096,0.01448337268,648.4298096,0.01433079224,648.4298096,0.01454439852,648.4298096,0.01384555176,
647.9909058,0.01577122696,647.9909058,0.01585544273,647.9909058,0.01457346883,647.9909058,0.01413248014,647.9909058,0.01438334119,647.9909058,0.01380300801,
647.5519409,0.01569717377,647.5519409,0.01597579382,647.5519409,0.01451118104,647.5519409,0.01421113592,647.5519409,0.01439864654,647.5519409,0.01397323329,
646.9666138,0.01581646129,646.9666138,0.01562286261,646.9666138,0.01452868618,646.9666138,0.01415529195,646.9666138,0.01444183756,646.9666138,0.01381933503,
646.5275269,0.01590197347,646.5275269,0.01556603238,646.5275269,0.01477685664,646.5275269,0.0142700104,646.5275269,0.01447106153,646.5275269,0.01369682793,
645.9420166,0.01517464314,645.9420166,0.01512162294,645.9420166,0.01417628676,645.9420166,0.01366463769,645.9420166,0.01388414297,645.9420166,0.01318182051,
645.5028076,0.01518584788,645.5028076,0.01516946871,645.5028076,0.01408290304,645.5028076,0.01384333335,645.5028076,0.01382091176,645.5028076,0.01315294951,
645.0635376,0.01524812542,645.0635376,0.01540408563,645.0635376,0.01380998269,645.0635376,0.01365144085,645.0635376,0.01388857979,645.0635376,0.0131022837,
644.4777832,0.01504625846,644.4777832,0.01526187919,644.4777832,0.01395393256,644.4777832,0.01361073274,644.4777832,0.01387561765,644.4777832,0.01314302441,
644.0383911,0.0147996489,644.0383911,0.01514043938,644.0383911,0.01405068394,644.0383911,0.01369442418,644.0383911,0.01368082594,644.0383911,0.01308953203,
643.4523926,0.01505901478,643.4523926,0.01515357289,643.4523926,0.01402616687,643.4523926,0.01366378274,643.4523926,0.01353725977,643.4523926,0.01314742677,
643.0128784,0.01531464886,643.0128784,0.01518855523,643.0128784,0.01414537057,643.0128784,0.01410301123,643.0128784,0.01384333335,643.0128784,0.01300160959,
642.4267578,0.01527367719,642.4267578,0.01518024504,642.4267578,0.01405563019,642.4267578,0.01373444498,642.4267578,0.01371256355,642.4267578,0.0131452661,
641.9871216,0.01518225577,641.9871216,0.01533711981,641.9871216,0.01380156539,641.9871216,0.01416473277,641.9871216,0.0137377847,641.9871216,0.01302374899,
641.5474243,0.01528979186,641.5474243,0.01494012307,641.5474243,0.01390958764,641.5474243,0.01376931276,641.5474243,0.01363712363,641.5474243,0.01294890791,
640.9609985,0.01512979809,640.9609985,0.01509179175,640.9609985,0.01426535565,640.9609985,0.01370019466,640.9609985,0.01401295885,640.9609985,0.01302593574,
640.5211792,0.01520691905,640.5211792,0.01510532666,640.5211792,0.01399919111,640.5211792,0.01341707446,640.5211792,0.01381890755,640.5211792,0.01292205229,
639.9346313,0.01535280794,639.9346313,0.01504773274,639.9346313,0.0138913868,639.9346313,0.01371555589,639.9346313,0.01372231543,639.9346313,0.01340292487,
639.4946899,0.01513405982,639.4946899,0.01512521412,639.4946899,0.01420929097,639.4946899,0.01349992678,639.4946899,0.01396807376,639.4946899,0.01288466621,
639.0546265,0.01517236419,639.0546265,0.01538399793,639.0546265,0.01422033738,639.0546265,0.01357975043,639.0546265,0.01381425839,639.0546265,0.01302449498,
638.4678345,0.01533494797,638.4678345,0.01501466427,638.4678345,0.01424203068,638.4678345,0.0137827266,638.4678345,0.01388638839,638.4678345,0.01319462899,
638.02771,0.01542495284,638.02771,0.01501675509,638.02771,0.01399756037,638.02771,0.01355154719,638.02771,0.01380226016,638.02771,0.01286616083,
637.4407349,0.01500520576,637.4407349,0.01504239999,637.4407349,0.01397192292,637.4407349,0.01372992992,637.4407349,0.01369161904,637.4407349,0.01300627738,
637.0004272,0.01522622164,637.0004272,0.01506606303,637.0004272,0.01414119825,637.0004272,0.01375801023,637.0004272,0.01402918808,637.0004272,0.01321173459,
636.5601196,0.01522622164,636.5601196,0.01520437188,636.5601196,0.01402640715,636.5601196,0.01374705601,636.5601196,0.01410298515,636.5601196,0.01282315329,
635.9729004,0.0150628211,635.9729004,0.0152874859,635.9729004,0.01417751703,635.9729004,0.01344743185,635.9729004,0.01380880643,635.9729004,0.01325224526,
635.5324097,0.01515917573,635.5324097,0.01505360194,635.5324097,0.01412731968,635.5324097,0.01362187136,635.5324097,0.01399221364,635.5324097,0.0130053442,
634.9450684,0.01501093991,634.9450684,0.01490140986,634.9450684,0.01408017613,634.9450684,0.01335596666,634.9450684,0.01387853082,634.9450684,0.01303057745,
634.5044556,0.01504454389,634.5044556,0.01509806328,634.5044556,0.01429117098,634.5044556,0.01369853783,634.5044556,0.01416467968,634.5044556,0.0128990924,
634.0637817,0.01507552341,634.0637817,0.01513481047,634.0637817,0.01394177042,634.0637817,0.01344767213,634.0637817,0.01364350785,634.0637817,0.01352794003,
633.4761963,0.01542127784,633.4761963,0.01513062883,633.4761963,0.01395339798,633.4761963,0.01376151107,633.4761963,0.01382775325,633.4761963,0.01312728226,
633.0354004,0.01502482034,633.0354004,0.01541569922,633.0354004,0.01425029617,633.0354004,0.01355539355,633.0354004,0.01362705324,633.0354004,0.01291330531,
632.4476318,0.0148631027,632.4476318,0.01532019954,632.4476318,0.01424826309,632.4476318,0.0135546457,632.4476318,0.01389948465,632.4476318,0.01308307517,
632.0067139,0.01507651526,632.0067139,0.01509436499,632.0067139,0.01417925488,632.0067139,0.01353205182,632.0067139,0.01376231201,632.0067139,0.01305983961,
631.5657349,0.01503253821,631.5657349,0.01486457605,631.5657349,0.01407819707,631.5657349,0.01373810507,631.5657349,0.01392268483,631.5657349,0.01306245383,
630.9776611,0.01504333783,630.9776611,0.01515930984,630.9776611,0.01410210226,630.9776611,0.01353974361,630.9776611,0.01391894277,630.9776611,0.01318102051,
630.5366211,0.01523699891,630.5366211,0.01507876627,630.5366211,0.01405410655,630.5366211,0.01371860132,630.5366211,0.01397023909,630.5366211,0.01332209259,
629.9483643,0.01520174462,629.9483643,0.0154280914,629.9483643,0.01421891991,629.9483643,0.01354609989,629.9483643,0.01405814383,629.9483643,0.01349282358,
629.5072021,0.01528332941,629.5072021,0.01537707821,629.5072021,0.01415847428,629.5072021,0.01362822857,629.5072021,0.01381457876,629.5072021,0.01358901802,
629.065918,0.01510505844,629.065918,0.0152205918,629.065918,0.01429590583,629.065918,0.01380650885,629.065918,0.01392677519,629.065918,0.01351805869,
628.477478,0.01537198294,628.477478,0.01559213921,628.477478,0.01434917282,628.477478,0.01367601752,628.477478,0.01376677491,628.477478,0.01321125403,
628.0360718,0.0148936417,628.0360718,0.01559747849,628.0360718,0.01442262344,628.0360718,0.01351060811,628.0360718,0.01397801843,628.0360718,0.01345303841,
627.4474487,0.01510897186,627.4474487,0.01556007564,627.4474487,0.01431720145,627.4474487,0.01392901968,627.4474487,0.01405089814,627.4474487,0.01325630117,
627.0059204,0.01524088625,627.0059204,0.01548836473,627.0059204,0.01421226002,627.0059204,0.01390279923,627.0059204,0.01404236816,627.0059204,0.01351691037,
626.5643311,0.01550003421,626.5643311,0.01560759451,626.5643311,0.01460449584,626.5643311,0.01390491053,626.5643311,0.0140148038,626.5643311,0.01341154799,
625.9754639,0.01537351124,625.9754639,0.01573445275,625.9754639,0.01430168469,625.9754639,0.01396425162,625.9754639,0.01394091453,625.9754639,0.01375667471,
625.5337524,0.01538705546,625.5337524,0.01554062404,625.5337524,0.01440033223,625.5337524,0.01391848829,625.5337524,0.01397975627,625.5337524,0.01354919747,
624.9447021,0.01534025744,624.9447021,0.01557958219,624.9447021,0.01465777401,624.9447021,0.01394046098,624.9447021,0.01441360544,624.9447021,0.01382438559,
624.5028687,0.0152322799,624.5028687,0.01576738805,624.5028687,0.01423785742,624.5028687,0.0139291808,624.5028687,0.0143112354,624.5028687,0.01362983137,
624.0609741,0.0152113419,624.0609741,0.01560034975,624.0609741,0.01439235825,624.0609741,0.01410860009,624.0609741,0.01446809061,624.0609741,0.01341977157,
623.4717407,0.01531513128,623.4717407,0.01571904682,623.4717407,0.0146466624,623.4717407,0.01388395578,623.4717407,0.01419779006,623.4717407,0.01355488598,
623.0297241,0.01547546126,623.0297241,0.01561983116,623.0297241,0.0146354977,623.0297241,0.01402806491,623.0297241,0.014248183,623.0297241,0.0135607617,
622.4402466,0.0153185362,622.4402466,0.01590079255,622.4402466,0.01450821012,622.4402466,0.01410798542,622.4402466,0.01416807529,622.4402466,0.01348775066,
621.9981079,0.01541972253,621.9981079,0.01585740224,621.9981079,0.0146020595,621.9981079,0.01447312254,621.9981079,0.01455668453,621.9981079,0.01363843214,
621.5559082,0.01563783735,621.5559082,0.01597270556,621.5559082,0.01471228991,621.5559082,0.01433873829,621.5559082,0.01406945381,621.5559082,0.01365018543,
620.9662476,0.01538541913,620.9662476,0.01603326946,620.9662476,0.01473151706,620.9662476,0.01424170937,620.9662476,0.01420979854,620.9662476,0.01341216266,
620.5239258,0.01546432916,620.5239258,0.01545714028,620.5239258,0.0145944031,620.5239258,0.01398772281,620.5239258,0.01406218112,620.5239258,0.01355128083,
619.934082,0.01529646851,619.934082,0.01573547348,619.934082,0.01488453336,619.934082,0.01405763533,619.934082,0.01451302785,619.934082,0.01365162805,
619.4916382,0.01542562339,619.4916382,0.01554735843,619.4916382,0.01472843718,619.4916382,0.01414716244,619.4916382,0.01433614362,619.4916382,0.01355977356,
619.0491333,0.01556407381,619.0491333,0.01536905952,619.0491333,0.01441068854,619.0491333,0.01392019913,619.0491333,0.01410659496,619.0491333,0.01346654911,
618.4590454,0.0151229091,618.4590454,0.01535117254,618.4590454,0.01465555187,618.4590454,0.01388852671,618.4590454,0.01420616172,618.4590454,0.01353840809,
618.0164185,0.01518745627,618.0164185,0.01559707616,618.0164185,0.01455224119,618.0164185,0.01415596064,618.0164185,0.01415216271,618.0164185,0.01345605589,
617.5737305,0.01519697346,617.5737305,0.01545142662,617.5737305,0.0144895548,617.5737305,0.01388473157,617.5737305,0.01429850049,617.5737305,0.01333728153,
616.9833984,0.01504063141,616.9833984,0.01553976536,616.9833984,0.01439134125,616.9833984,0.01391298231,616.9833984,0.01415735111,616.9833984,0.01336325426,
616.5406494,0.01529255323,616.5406494,0.01546953339,616.5406494,0.01437162142,616.5406494,0.01389526203,616.5406494,0.01405857131,616.5406494,0.01329115778,
615.9501343,0.01538885199,615.9501343,0.01531073358,615.9501343,0.01446177438,615.9501343,0.01360301394,615.9501343,0.01419690717,615.9501343,0.01323313639,
615.5072021,0.01544077788,615.5072021,0.01534908079,615.5072021,0.01454675384,615.5072021,0.01382775325,615.5072021,0.01425075065,615.5072021,0.01324314438,
615.064209,0.01538187917,615.064209,0.01519372966,615.064209,0.01418901701,615.064209,0.01367895585,615.064209,0.01390750334,615.064209,0.01343181264,
614.4735107,0.01520643663,614.4735107,0.01544603519,614.4735107,0.0140803894,614.4735107,0.01345343888,614.4735107,0.01398785599,614.4735107,0.01313470025,
614.0303955,0.01538450737,614.0303955,0.01554518566,614.0303955,0.0143510187,614.0303955,0.01359732449,614.0303955,0.01395719405,614.0303955,0.0133010596,
613.4395142,0.01509243529,613.4395142,0.01536892541,613.4395142,0.01414809842,613.4395142,0.01373775769,613.4395142,0.01385402307,613.4395142,0.01288442593,
612.9962769,0.01518882345,612.9962769,0.01536047738,612.9962769,0.01425917633,612.9962769,0.01369698811,612.9962769,0.0140548544,612.9962769,0.01301684044,
612.5529785,0.01514845341,612.5529785,0.01533226669,612.5529785,0.01423250791,612.5529785,0.01338324975,612.5529785,0.01395053789,612.5529785,0.01326179877,
611.961853,0.01500898413,611.961853,0.01551693492,611.961853,0.01418457739,611.961853,0.01347634848,611.961853,0.01400459185,611.961853,0.01304103341,
611.5184326,0.01491625234,611.5184326,0.01517558098,611.5184326,0.01412737276,611.5184326,0.01346411929,611.5184326,0.01377773006,611.5184326,0.01307584625,
610.927124,0.01491676085,610.927124,0.01544316486,610.927124,0.01414956897,610.927124,0.01365897432,610.927124,0.01385466475,610.927124,0.01302857697,
610.4836426,0.01508101821,610.4836426,0.01528968476,610.4836426,0.01411028486,610.4836426,0.01371793356,610.4836426,0.0138312811,610.4836426,0.01286069397,
610.0400391,0.014972114,610.0400391,0.01514196675,610.0400391,0.01404303685,610.0400391,0.01359831262,610.0400391,0.01377465669,610.0400391,0.01279737242,
609.4484863,0.01494371332,609.4484863,0.01495274249,609.4484863,0.01414668094,609.4484863,0.01338834874,609.4484863,0.01373359002,609.4484863,0.01297936495,
609.0048218,0.01497112215,609.0048218,0.01503259223,609.0048218,0.01390710194,609.0048218,0.01349183638,609.0048218,0.01387786213,609.0048218,0.01311290264,
608.5610352,0.01498312596,608.5610352,0.01526622288,608.5610352,0.01395096537,608.5610352,0.01333493181,608.5610352,0.01390694175,608.5610352,0.01342246775,
607.9692993,0.01471786015,607.9692993,0.01525295153,607.9692993,0.01402287837,607.9692993,0.01347327791,607.9692993,0.01381193288,607.9692993,0.01300817169,
607.5253906,0.01499695238,607.5253906,0.015272283,607.5253906,0.01394142304,607.5253906,0.01347626839,607.5253906,0.01387091354,607.5253906,0.01278484147,
606.9334717,0.01494036429,606.9334717,0.01531888545,606.9334717,0.0140483845,606.9334717,0.01314675994,606.9334717,0.0135940928,606.9334717,0.01310724579,
606.4894409,0.01490904577,606.4894409,0.01515890751,606.4894409,0.01406196691,606.4894409,0.01323532499,606.4894409,0.0136130834,606.4894409,0.01289026532,
606.0454102,0.0147201363,606.0454102,0.01510154735,606.0454102,0.01393749379,606.0454102,0.01321274787,606.0454102,0.01374056377,606.0454102,0.01280790288,
605.4532471,0.01479707751,605.4532471,0.01504869759,605.4532471,0.01407415979,605.4532471,0.01365619618,605.4532471,0.01373228058,605.4532471,0.01256511826,
605.0090332,0.0148568349,605.0090332,0.01479525585,605.0090332,0.01404763572,605.0090332,0.01340207085,605.0090332,0.01372984983,605.0090332,0.01281934045,
604.5648193,0.01466071885,604.5648193,0.01519724075,604.5648193,0.01387706026,604.5648193,0.01344262529,604.5648193,0.01378229912,604.5648193,0.01293645333,
603.9724121,0.01488340832,603.9724121,0.01512880623,603.9724121,0.01424652431,603.9724121,0.01386562176,603.9724121,0.01373420469,603.9724121,0.01295232121,
603.5280762,0.01500014123,603.5280762,0.01509045158,603.5280762,0.01411959063,603.5280762,0.01334173884,603.5280762,0.01360792853,603.5280762,0.01288887952,
602.9354858,0.01498157158,602.9354858,0.01509222109,602.9354858,0.0140090026,602.9354858,0.01354876999,602.9354858,0.0133726513,602.9354858,0.01295661554,
602.4910278,0.01466093305,602.4910278,0.01502843853,602.4910278,0.01371259056,602.4910278,0.01341232285,602.4910278,0.01350120921,602.4910278,0.01299091429,
602.0465088,0.01468492392,602.0465088,0.01487612166,602.0465088,0.01398790907,602.0465088,0.01320973318,602.0465088,0.01347271726,602.0465088,0.01300486363,
601.4537354,0.01472774148,601.4537354,0.01487355027,601.4537354,0.01384670008,601.4537354,0.01319156028,601.4537354,0.01359417289,601.4537354,0.01279561222,
601.0090942,0.01489187311,601.0090942,0.01514818519,601.0090942,0.01366899163,601.0090942,0.01329382695,601.0090942,0.01342516392,601.0090942,0.01274032332,
600.5643311,0.01467823051,600.5643311,0.01510653272,600.5643311,0.01370345335,600.5643311,0.01339240652,600.5643311,0.01341216266,600.5643311,0.01280563697,
599.9713135,0.01444791164,599.9713135,0.01487909537,599.9713135,0.01373810507,599.9713135,0.01297883224,599.9713135,0.0134773897,599.9713135,0.01287178695,
599.5264893,0.014595313,599.5264893,0.01508962084,599.5264893,0.01388037484,599.5264893,0.01295850892,599.5264893,0.01361727715,599.5264893,0.0125093786,
598.9333496,0.01462508366,598.9333496,0.01472886652,598.9333496,0.01379683521,598.9333496,0.01294930745,598.9333496,0.01327244844,598.9333496,0.01269860752,
598.4884033,0.01452488545,598.4884033,0.01465274021,598.4884033,0.01379165146,598.4884033,0.01288317237,598.4884033,0.01333303656,598.4884033,0.0125318123,
598.043396,0.01447590534,598.043396,0.01460545976,598.043396,0.01360621862,598.043396,0.01295978948,598.043396,0.01308985148,598.043396,0.01239171438,
597.4499512,0.01471057627,597.4499512,0.01473435573,597.4499512,0.01349106152,597.4499512,0.01313542016,597.4499512,0.01350342482,597.4499512,0.01262307633,
597.0048828,0.01431543566,597.0048828,0.01434561424,597.0048828,0.01359088812,597.0048828,0.01289623883,597.0048828,0.01326681674,597.0048828,0.01236766391,
596.5596924,0.01468088105,596.5596924,0.01463581901,596.5596924,0.01363549381,596.5596924,0.01287711971,596.5596924,0.01360215899,596.5596924,0.01259008609,
595.9660645,0.01448248979,595.9660645,0.01469448302,595.9660645,0.01384194382,595.9660645,0.01314411871,595.9660645,0.01323265582,595.9660645,0.0123839369,
595.520752,0.01426337659,595.520752,0.0146018723,595.520752,0.01365710422,595.520752,0.01296381652,595.520752,0.01296880376,595.520752,0.01241352968,
594.9269409,0.01441106293,594.9269409,0.01436051726,594.9269409,0.01329588238,594.9269409,0.01289071888,594.9269409,0.01307595242,594.9269409,0.01234976668,
594.4815063,0.01439896785,594.4815063,0.01449370384,594.4815063,0.01335108187,594.4815063,0.01246464811,594.4815063,0.01339232642,594.4815063,0.01244986337,
594.0360718,0.01454672683,594.0360718,0.01450143848,594.0360718,0.01349263731,594.0360718,0.0126718739,594.0360718,0.01302556228,594.0360718,0.01228143275,
593.4420166,0.01433274522,593.4420166,0.01438320708,593.4420166,0.01341587305,593.4420166,0.01285157539,593.4420166,0.01342986338,593.4420166,0.01201073173,
592.99646,0.0143092284,592.99646,0.01443621702,592.99646,0.01343378797,592.99646,0.01297456492,592.99646,0.01296434924,592.99646,0.01238902472,
592.5508423,0.01419744175,592.5508423,0.01418096665,592.5508423,0.01331392489,592.5508423,0.01257209945,592.5508423,0.01323788706,592.5508423,0.01194811892,
591.956543,0.014190007,591.956543,0.01422330644,591.956543,0.01332153287,591.956543,0.01272363681,591.956543,0.01298656687,591.956543,0.01230201684,
591.5108032,0.01394877397,591.5108032,0.01407784969,591.5108032,0.01313822158,591.5108032,0.01241150498,591.5108032,0.0130319111,591.5108032,0.01225421857,
591.0650024,0.01415467728,591.0650024,0.01430660672,591.0650024,0.01314150356,591.0650024,0.01229171082,591.0650024,0.01267208718,591.0650024,0.01205171645,
590.47052,0.01416786201,590.47052,0.01411993895,590.47052,0.0131603675,590.47052,0.01232973952,590.47052,0.01283837669,590.47052,0.01192058064,
590.0245972,0.01412025932,590.0245972,0.01409945544,590.0245972,0.01297707111,590.0245972,0.01249499153,590.0245972,0.01262790058,590.0245972,0.0119213257,
589.4299316,0.01401020586,589.4299316,0.01419992931,589.4299316,0.01303705946,589.4299316,0.01233506575,589.4299316,0.01284549572,589.4299316,0.01176381763,
588.9838867,0.01393781416,588.9838867,0.01395422686,588.9838867,0.01312194671,588.9838867,0.01238367148,588.9838867,0.01291173231,588.9838867,0.01184010413,
588.5377808,0.01396649703,588.5377808,0.01411418896,588.5377808,0.01309518702,588.5377808,0.01238516252,588.5377808,0.01267006155,588.5377808,0.01206521038,
587.9429321,0.0139587177,587.9429321,0.0138908783,587.9429321,0.0129127726,587.9429321,0.01212376729,587.9429321,0.01267472655,587.9429321,0.01188570075,
587.4967041,0.01382874232,587.4967041,0.01394198369,587.4967041,0.01283867005,587.4967041,0.0120377969,587.4967041,0.01249208767,587.4967041,0.01166435704,
587.050415,0.01396013424,587.050415,0.01395505574,587.050415,0.01266315952,587.050415,0.01226154156,587.050415,0.01259669475,587.050415,0.01187702827,
586.4553223,0.01385356858,586.4553223,0.01371878851,586.4553223,0.0128689073,586.4553223,0.0121456217,586.4553223,0.01241882984,586.4553223,0.01184388157,
586.0089111,0.01373305544,586.0089111,0.01380244642,586.0089111,0.01267595217,586.0089111,0.01209845394,586.0089111,0.0124826571,586.0089111,0.01163449697,
585.5625,0.01384138223,585.5625,0.01371798757,585.5625,0.01272030454,585.5625,0.01194774639,585.5625,0.01233272161,585.5625,0.01158116292,
584.9671631,0.01376746967,584.9671631,0.01371387299,584.9671631,0.01269988716,584.9671631,0.01201514993,584.9671631,0.0125447344,584.9671631,0.0114432862,
584.5206299,0.01359235682,584.5206299,0.01348070148,584.5206299,0.01289474592,584.5206299,0.01177408453,584.5206299,0.01211117674,584.5206299,0.01129530277,
584.0740356,0.01358672138,584.0740356,0.01365082711,584.0740356,0.01236625202,584.0740356,0.01188266836,584.0740356,0.0122129228,584.0740356,0.01144163776,
583.4784546,0.01348038111,583.4784546,0.01341750193,583.4784546,0.01255467255,583.4784546,0.01192866918,583.4784546,0.01219431311,583.4784546,0.01109162718,
583.0317383,0.01318726409,583.0317383,0.01333351713,583.0317383,0.01255267486,583.0317383,0.012022282,583.0317383,0.01206379943,583.0317383,0.01129070669,
582.4360352,0.01332163904,582.4360352,0.01336082537,582.4360352,0.01219604351,582.4360352,0.01177655812,582.4360352,0.01213574596,582.4360352,0.01113672089,
581.9891968,0.01312037278,581.9891968,0.01313571353,581.9891968,0.01247866079,581.9891968,0.01157515496,581.9891968,0.011962221,581.9891968,0.01109882351,
581.5422974,0.01323174872,581.5422974,0.01308542304,581.5422974,0.01233117748,581.5422974,0.01157892961,581.5422974,0.01193508133,581.5422974,0.01103227958,
580.9463501,0.01324797515,580.9463501,0.01327196788,580.9463501,0.01230225619,580.9463501,0.01180924755,580.9463501,0.01194375474,580.9463501,0.01101273764,
580.4993286,0.0131914001,580.4993286,0.01322587766,580.4993286,0.01223669853,580.4993286,0.01131530944,580.4993286,0.01195769757,580.4993286,0.01111316402,
580.0523071,0.01306696236,580.0523071,0.01327407639,580.0523071,0.01212251652,580.0523071,0.01136797294,580.0523071,0.01194476616,580.0523071,0.01083294675,
579.4561157,0.01316359639,579.4561157,0.01291458588,579.4561157,0.01228563953,579.4561157,0.01133999322,579.4561157,0.01154718827,579.4561157,0.01072894968,
579.0089722,0.01297141705,579.0089722,0.0128399767,579.0089722,0.01192611456,579.0089722,0.0113935899,579.0089722,0.01154952776,579.0089722,0.01081723534,
578.5617065,0.01247900724,578.5617065,0.01283349749,578.5617065,0.01177067962,578.5617065,0.01124673989,578.5617065,0.01129952725,578.5617065,0.01072993129,
577.965332,0.01286845375,577.965332,0.01272696815,577.965332,0.0116469143,577.965332,0.01106884331,577.965332,0.01134148054,577.965332,0.01057794783,
577.5180054,0.01280019805,577.5180054,0.01295826863,577.5180054,0.0114727607,577.5180054,0.0109419059,577.5180054,0.01139893103,577.5180054,0.01063595992,
577.0706177,0.01272480935,577.0706177,0.01260197069,577.0706177,0.01163393911,577.0706177,0.01113953628,577.0706177,0.01116872486,577.0706177,0.01023215614,
576.473999,0.01270068623,576.473999,0.0126068471,576.473999,0.01166228298,576.473999,0.0109652942,576.473999,0.01118625514,576.473999,0.01035329234,
576.0264893,0.01258342434,576.0264893,0.01236745063,576.0264893,0.01129904948,576.0264893,0.01075134426,576.0264893,0.01112750545,576.0264893,0.01020106953,
575.4297485,0.01226641424,575.4297485,0.01220397744,575.4297485,0.01132774353,575.4297485,0.0107428534,575.4297485,0.0110356519,575.4297485,0.01008384395,
574.9821167,0.01221196447,574.9821167,0.01211684663,574.9821167,0.01123629976,574.9821167,0.01077297051,574.9821167,0.01089346129,574.9821167,0.009781731293,
574.5344238,0.01228742395,574.5344238,0.01225997042,574.5344238,0.01119847316,574.5344238,0.01088183559,574.5344238,0.01079258136,574.5344238,0.01015644334,
573.937439,0.01214988157,573.937439,0.01181653515,573.937439,0.01109393779,573.937439,0.01052105706,573.937439,0.01064508501,573.937439,0.009675894864,
573.4896851,0.01216050237,573.4896851,0.01187846437,573.4896851,0.01090171654,573.4896851,0.01052057929,573.4896851,0.01071027014,573.4896851,0.009693153203,
573.0418091,0.0117917452,573.0418091,0.01191509981,573.0418091,0.01091121882,573.0418091,0.01016974635,573.0418091,0.01070560049,573.0418091,0.009595436044,
572.4446411,0.0117134992,572.4446411,0.01186428498,572.4446411,0.01077894121,572.4446411,0.01051352452,572.4446411,0.01048960444,572.4446411,0.009638654068,
571.9966431,0.01164999884,571.9966431,0.01170522906,571.9966431,0.01062542852,571.9966431,0.01020130794,571.9966431,0.01038799621,571.9966431,0.00950337667,
571.548645,0.01149317343,571.548645,0.01157092769,571.548645,0.01058892813,571.548645,0.01023915317,571.548645,0.01014777832,571.548645,0.009534784593,
570.9512329,0.01143042278,570.9512329,0.01153626293,570.9512329,0.01064198185,570.9512329,0.0101202745,570.9512329,0.01029693522,570.9512329,0.009477421641,
570.5031128,0.01129942108,570.5031128,0.01151308324,570.5031128,0.01047883742,570.5031128,0.01018707734,570.5031128,0.01013376191,570.5031128,0.009067134,
570.0549316,0.01122070663,570.0549316,0.01142446976,570.0549316,0.01030865125,570.0549316,0.009690161794,570.0549316,0.009856478311,570.0549316,0.008963347413,
569.4572754,0.01123499777,569.4572754,0.01107455231,569.4572754,0.01024927758,569.4572754,0.009682538919,569.4572754,0.00970207341,569.4572754,0.008752203546,
569.0089722,0.01095098443,569.0089722,0.01098788716,569.0089722,0.01029354148,569.0089722,0.00940474961,569.0089722,0.009582098573,569.0089722,0.00893068593,
568.5606689,0.01093402132,568.5606689,0.01122052036,568.5606689,0.01013484783,568.5606689,0.009527189657,568.5606689,0.009688917547,568.5606689,0.008699354716,
567.9628296,0.01080874261,567.9628296,0.01067023538,567.9628296,0.01002850104,567.9628296,0.009280282073,567.9628296,0.009381101467,567.9628296,0.008332283236,
567.5143433,0.01044712309,567.5143433,0.01085797418,567.5143433,0.009732595645,567.5143433,0.00906745065,567.5143433,0.009323124774,567.5143433,0.008346162736,
567.0658569,0.01062903646,567.0658569,0.01074242871,567.0658569,0.00978186354,567.0658569,0.0089655146,567.0658569,0.009344812483,567.0658569,0.008132259361,
566.4677734,0.01042994112,566.4677734,0.01051296759,566.4677734,0.009570136666,566.4677734,0.008889810182,566.4677734,0.009237786755,566.4677734,0.008033758961,
566.019165,0.01027419232,566.019165,0.01048316061,566.019165,0.009707103483,566.019165,0.008937160484,566.019165,0.009013056755,566.019165,0.007993363775,
565.5704956,0.01010570209,565.5704956,0.01039321907,565.5704956,0.009746202268,565.5704956,0.00874644611,565.5704956,0.008971301839,565.5704956,0.00790042989,
564.972168,0.01010986231,564.972168,0.0102468133,564.972168,0.009410913102,564.972168,0.008641758934,564.972168,0.008941599168,564.972168,0.00776782725,
564.5234375,0.009943951853,564.5234375,0.01021323353,564.5234375,0.009259205312,564.5234375,0.00843370147,564.5234375,0.008843866177,564.5234375,0.007788620424,
564.074585,0.00989167206,564.074585,0.01004966814,564.074585,0.009032086469,564.074585,0.008249223232,564.074585,0.00853881333,564.074585,0.007466978859,
563.4760742,0.009438928217,563.4760742,0.009920644574,563.4760742,0.009044772945,563.4760742,0.008035816252,563.4760742,0.00852598343,563.4760742,0.007221501786,
563.0270996,0.009509171359,563.0270996,0.009762749076,563.0270996,0.008723599836,563.0270996,0.008028353564,563.0270996,0.008282492869,563.0270996,0.007252112962,
562.4284668,0.009314105846,562.4284668,0.009424060583,562.4284668,0.008739182726,562.4284668,0.007888989523,562.4284668,0.00827027671,562.4284668,0.007214026991,
561.9793701,0.009189161472,561.9793701,0.009463346563,561.9793701,0.008763482794,561.9793701,0.007843177766,561.9793701,0.007975645363,561.9793701,0.007064084057,
561.5302734,0.009157118388,561.5302734,0.00939041283,561.5302734,0.008577886969,561.5302734,0.007605311926,561.5302734,0.007799979299,561.5302734,0.007034748793,
560.9313965,0.00881406758,560.9313965,0.00928128697,560.9313965,0.008383767679,560.9313965,0.007358440198,560.9313965,0.007774389349,560.9313965,0.006877030712,
560.4821777,0.008846217766,560.4821777,0.00917258393,560.4821777,0.008218989708,560.4821777,0.007405412383,560.4821777,0.007643774617,560.4821777,0.006704752799,
560.0328979,0.008814040571,560.0328979,0.009099725634,560.0328979,0.008233499713,560.0328979,0.007073108573,560.0328979,0.007511065807,560.0328979,0.006654045079,
559.4338379,0.00836410746,559.4338379,0.008525639772,559.4338379,0.008060788736,559.4338379,0.006884420756,559.4338379,0.007326583844,559.4338379,0.006451745052,
558.984436,0.008412481286,558.984436,0.008520703763,558.984436,0.007814606652,558.984436,0.006796667818,558.984436,0.007092474028,558.984436,0.006383045577,
558.5350342,0.008129674941,558.5350342,0.008334024809,558.5350342,0.00767952716,558.5350342,0.006607574411,558.5350342,0.00701280823,558.5350342,0.006068008021,
557.9356689,0.008137745783,557.9356689,0.008495387621,557.9356689,0.007428926416,557.9356689,0.006592567079,557.9356689,0.006985475309,557.9356689,0.006114263553,
557.486145,0.007962014526,557.486145,0.008268245496,557.486145,0.007603362203,557.486145,0.006530230865,557.486145,0.006702176761,557.486145,0.005928982981,
557.0365601,0.00782169681,557.0365601,0.008065113798,557.0365601,0.007123970892,557.0365601,0.006185782142,557.0365601,0.006605839822,557.0365601,0.005556588061,
556.4370117,0.0076747844,556.4370117,0.008013059385,556.4370117,0.007276566699,556.4370117,0.006061786786,556.4370117,0.006560714915,556.4370117,0.005578088574,
555.9873047,0.007646330167,555.9873047,0.007598831318,555.9873047,0.006810998544,555.9873047,0.00595981814,555.9873047,0.006331061944,555.9873047,0.005275372416,
555.5375977,0.007332375739,555.5375977,0.007526868489,555.5375977,0.00674721133,555.5375977,0.005957771093,555.5375977,0.006128230132,555.5375977,0.005163712427,
554.9378052,0.007173891645,554.9378052,0.007248638663,554.9378052,0.006440868136,554.9378052,0.005680806469,554.9378052,0.005963387433,554.9378052,0.00504582189,
554.4879761,0.006956987549,554.4879761,0.007194709033,554.4879761,0.006084729917,554.4879761,0.005434161052,554.4879761,0.005790422205,554.4879761,0.005100690294,
554.0380249,0.006878687534,554.0380249,0.007133128121,554.0380249,0.00620531803,554.0380249,0.005524313543,554.0380249,0.005817443598,554.0380249,0.004854426719,
553.4381104,0.00687298039,553.4381104,0.007061716169,553.4381104,0.005912844557,553.4381104,0.005224018823,553.4381104,0.005594896153,553.4381104,0.004584155045,
552.9880981,0.00663480442,552.9880981,0.00679674698,552.9880981,0.006036876235,552.9880981,0.0052709179,552.9880981,0.005433086772,552.9880981,0.004446807317,
552.5380249,0.006422162522,552.5380249,0.00666731922,552.5380249,0.005678813439,552.5380249,0.004980617668,552.5380249,0.005429259501,552.5380249,0.004387994763,
551.9378052,0.006380445324,551.9378052,0.006560005248,551.9378052,0.00558249373,551.9378052,0.004727931693,551.9378052,0.005230359267,551.9378052,0.00414670771,
551.4876709,0.006256026216,551.4876709,0.006493022665,551.4876709,0.005346674938,551.4876709,0.004790795036,551.4876709,0.005062216427,551.4876709,0.004116524011,
551.0374146,0.00598566886,551.0374146,0.006380812731,551.0374146,0.005269529298,551.0374146,0.004434960429,551.0374146,0.004967420828,551.0374146,0.004013704602,
550.4370117,0.005902663339,550.4370117,0.00607905956,550.4370117,0.005021572113,550.4370117,0.00433860207,550.4370117,0.004886599258,550.4370117,0.003813988762,
549.9866943,0.005792442244,549.9866943,0.005849163048,549.9866943,0.004850630648,549.9866943,0.004267517477,549.9866943,0.004535420798,549.9866943,0.00349042262,
549.5363159,0.005431802012,549.5363159,0.005760648288,549.5363159,0.004861572757,549.5363159,0.003967228346,549.5363159,0.004489804152,549.5363159,0.003521633102,
548.93573,0.005495239515,548.93573,0.005472930614,548.93573,0.004696974531,548.93573,0.00397425564,548.93573,0.004249610938,548.93573,0.003307797015,
548.4852295,0.005448630545,548.4852295,0.005579373334,548.4852295,0.004553391598,548.4852295,0.00372463488,548.4852295,0.004257217981,548.4852295,0.003120894078,
548.034668,0.005466796458,548.034668,0.005385671742,548.034668,0.004429338034,548.034668,0.003648768878,548.034668,0.003896778915,548.034668,0.003049330553,
547.4338379,0.005044879392,547.4338379,0.005123425275,547.4338379,0.004153685644,547.4338379,0.003385638352,547.4338379,0.003895237809,547.4338379,0.002832287457,
546.9832153,0.004942075815,546.9832153,0.005199366249,546.9832153,0.004137195181,546.9832153,0.00341211888,546.9832153,0.003759726649,546.9832153,0.002768664854,
546.5324707,0.004821601789,546.5324707,0.005166279618,546.5324707,0.004047199618,546.5324707,0.003354515648,546.5324707,0.003740822664,546.5324707,0.0026874959,
545.9314575,0.004758760333,545.9314575,0.004877200816,545.9314575,0.003867813619,545.9314575,0.003163655289,545.9314575,0.00352883595,545.9314575,0.002583868802,
545.4806519,0.004725393374,545.4806519,0.004804824013,545.4806519,0.003968221135,545.4806519,0.003037782386,545.4806519,0.003535647178,545.4806519,0.002363362117,
545.0297852,0.00473109819,545.0297852,0.004843981937,545.0297852,0.003716802225,545.0297852,0.003051155247,545.0297852,0.003422242124,545.0297852,0.002469331957,
544.4285278,0.004466421902,544.4285278,0.004709037952,544.4285278,0.003732075915,544.4285278,0.003023966681,544.4285278,0.003356524277,544.4285278,0.002343581989,
543.9776001,0.004435039125,543.9776001,0.004460799042,543.9776001,0.00360227935,543.9776001,0.00295450422,543.9776001,0.003169861156,543.9776001,0.002131365472,
543.5265503,0.004449056461,543.5265503,0.004382947925,543.5265503,0.003499608021,543.5265503,0.002862929599,543.5265503,0.003207307309,543.5265503,0.002217920497,
542.9251099,0.004257976077,542.9251099,0.004435143434,542.9251099,0.003345985431,542.9251099,0.002718622796,542.9251099,0.003232942661,542.9251099,0.002257184125,
542.473999,0.004052503966,542.473999,0.004435431212,542.473999,0.003342333483,542.473999,0.002635067329,542.473999,0.003045811318,542.473999,0.002085896675,
542.0228271,0.00425481284,542.0228271,0.004509289749,542.0228271,0.003399360925,542.0228271,0.002606081776,542.0228271,0.002893208992,542.0228271,0.00217543426,
541.5715942,0.004108736292,541.5715942,0.004313842859,541.5715942,0.003250624752,541.5715942,0.002554053441,541.5715942,0.002946112072,541.5715942,0.002103792271,
540.9698486,0.003907279111,540.9698486,0.004386478104,540.9698486,0.00336200255,540.9698486,0.00253491546,540.9698486,0.003064685035,540.9698486,0.002092919545,
540.5185547,0.004119581077,540.5185547,0.004435143434,540.5185547,0.003425894771,540.5185547,0.002672727685,540.5185547,0.002936312696,540.5185547,0.002055543242,
540.0671387,0.004261191469,540.0671387,0.004367232788,540.0671387,0.003554255236,540.0671387,0.002553532599,540.0671387,0.002993547823,540.0671387,0.002190549858,
539.46521,0.004127447493,539.46521,0.004527311772,539.46521,0.003477792721,539.46521,0.002536581829,539.46521,0.002926279092,539.46521,0.002051537856,
539.0137329,0.004198639654,539.0137329,0.004592657555,539.0137329,0.003460153472,539.0137329,0.002491408959,539.0137329,0.003006345825,539.0137329,0.002097133314,
538.5621948,0.00431870576,538.5621948,0.004413176794,538.5621948,0.003499738406,538.5621948,0.00260865991,538.5621948,0.003003191901,538.5621948,0.002025139984,
537.960083,0.004274915438,537.960083,0.00465945201,537.960083,0.003721736604,537.960083,0.002789532766,537.960083,0.003036922077,537.960083,0.002183317207,
537.5084229,0.004305241629,537.5084229,0.004623502493,537.5084229,0.003778944723,537.5084229,0.00271419459,537.5084229,0.003153016791,537.5084229,0.002202465665,
537.0567627,0.004532150924,537.0567627,0.004571650643,537.0567627,0.003753799479,537.0567627,0.002861730987,537.0567627,0.003024644451,537.0567627,0.002101477236,
536.4544067,0.004503849428,536.4544067,0.004890342709,536.4544067,0.003989904188,536.4544067,0.002949552145,536.4544067,0.00332858623,536.4544067,0.002265692921,
536.0026245,0.004806080367,536.0026245,0.004801630974,536.0026245,0.00408746535,536.0026245,0.003062443109,536.0026245,0.00341313635,536.0026245,0.002233922016,
535.5507202,0.004873955157,535.5507202,0.005200937856,535.5507202,0.004351047799,535.5507202,0.003270342015,535.5507202,0.003533794312,535.5507202,0.002746912418,
534.9481812,0.005285670049,534.9481812,0.005379408132,534.9481812,0.004421597347,534.9481812,0.003351176623,534.9481812,0.003706228454,534.9481812,0.002947154455,
534.4962769,0.005182730965,534.4962769,0.005267223343,534.4962769,0.004438203294,534.4962769,0.003518318757,534.4962769,0.00382879586,534.4962769,0.002937641926,
534.0442505,0.005297801923,534.0442505,0.00540063763,534.0442505,0.004559251014,534.0442505,0.003647280857,534.0442505,0.003910752945,534.0442505,0.003076650901,
533.4415283,0.005423388444,533.4415283,0.005762747023,533.4415283,0.004879949614,533.4415283,0.004095539916,533.4415283,0.004124023952,533.4415283,0.003192286706,
532.9893799,0.005711703096,532.9893799,0.005900852848,532.9893799,0.004970144015,532.9893799,0.00428877119,532.9893799,0.004398401827,532.9893799,0.003565477906,
532.5372314,0.006028135773,532.5372314,0.006237039808,532.5372314,0.005348457024,532.5372314,0.004253688734,532.5372314,0.004796788562,532.5372314,0.003749308409,
531.9342651,0.006436165422,531.9342651,0.006528575439,531.9342651,0.005880569573,531.9342651,0.004909139592,531.9342651,0.005104619078,531.9342651,0.004022065084,
531.4819946,0.006622766145,531.4819946,0.006751575507,531.4819946,0.00581240654,531.4819946,0.004933854565,531.4819946,0.005259599071,531.4819946,0.004251754377,
531.0297241,0.006629652809,531.0297241,0.007098604925,531.0297241,0.006234046072,531.0297241,0.005114676896,531.0297241,0.005390206352,531.0297241,0.004379182588,
530.4265747,0.007283094805,530.4265747,0.007347198203,530.4265747,0.006541819777,530.4265747,0.005609003827,530.4265747,0.005874062423,530.4265747,0.004856599029,
529.9741211,0.007436036598,529.9741211,0.007428084034,529.9741211,0.006612278987,529.9741211,0.005932499655,529.9741211,0.006006429438,529.9741211,0.005105378572,
529.5216675,0.00777570717,529.5216675,0.007980338298,529.5216675,0.006976479199,529.5216675,0.005982519593,529.5216675,0.006431384012,529.5216675,0.005321910139,
529.0691528,0.008310778067,529.0691528,0.0083800992,529.0691528,0.007399092894,529.0691528,0.006618639454,529.0691528,0.006952252705,529.0691528,0.005653006956,
528.4657593,0.008755769581,528.4657593,0.008668984286,528.4657593,0.008036923595,528.4657593,0.006881843321,528.4657593,0.007395643741,528.4657593,0.006137996912,
528.0131226,0.00880120229,528.0131226,0.008821199648,528.0131226,0.007881160825,528.0131226,0.007008993533,528.0131226,0.007645091973,528.0131226,0.006114998367,
527.5604858,0.008883892559,527.5604858,0.009159761481,527.5604858,0.008610310033,527.5604858,0.007723240182,527.5604858,0.007880370133,527.5604858,0.006721367594,
526.9568481,0.009575217962,526.9568481,0.01002452802,526.9568481,0.008962501772,526.9568481,0.007968500257,526.9568481,0.008650077507,526.9568481,0.007558028214,
526.5040894,0.01001594495,526.5040894,0.01030544378,526.5040894,0.009194422513,526.5040894,0.008532477543,526.5040894,0.00900573656,526.5040894,0.007644038182,
526.0512695,0.01064986084,526.0512695,0.01059627626,526.0512695,0.009446970187,526.0512695,0.009118176997,526.0512695,0.009198150598,526.0512695,0.008162117563,
525.4474487,0.010881464,525.4474487,0.01103912946,525.4474487,0.01018421538,525.4474487,0.009438107722,525.4474487,0.009744667448,525.4474487,0.00851967372,
524.9945068,0.01103928871,524.9945068,0.0114160981,524.9945068,0.01035472378,524.9945068,0.009657896124,524.9945068,0.009851261973,524.9945068,0.008887141943,
524.5415039,0.01193343196,524.5415039,0.01183244307,524.5415039,0.01097917836,524.5415039,0.01023220923,524.5415039,0.01038690936,524.5415039,0.009082993492,
523.9375,0.0119891772,523.9375,0.01225523092,523.9375,0.01135686599,523.9375,0.01058200561,523.9375,0.01078844164,523.9375,0.009554868564,
523.484436,0.01256631687,523.484436,0.01274245605,523.484436,0.01174161024,523.484436,0.01113355998,523.484436,0.01181259844,523.484436,0.01015064027,
523.031311,0.01315866038,523.031311,0.01305823959,523.031311,0.01255914941,523.031311,0.01113186032,523.031311,0.01179812849,523.031311,0.01059823856,
522.427063,0.01362475567,522.427063,0.01384124905,522.427063,0.013043168,522.427063,0.01200482436,522.427063,0.01227898244,522.427063,0.0109989848,
521.973877,0.01424066629,521.973877,0.01409817114,521.973877,0.01349338517,521.973877,0.0123489676,521.973877,0.01274093613,521.973877,0.01159182377,
521.5205688,0.01423063502,521.5205688,0.01435736008,521.5205688,0.01353285369,521.5205688,0.01251041796,521.5205688,0.01316634472,521.5205688,0.01167127118,
521.0672607,0.0148664508,521.0672607,0.01518434659,521.0672607,0.01418925822,521.0672607,0.01362208463,521.0672607,0.01352051552,521.0672607,0.01280161086,
520.4627686,0.01553198509,520.4627686,0.01553123444,520.4627686,0.01471767295,520.4627686,0.01369650755,520.4627686,0.01383373886,520.4627686,0.01329059713,
520.0093384,0.01597474702,520.0093384,0.01602349244,520.0093384,0.01508777216,520.0093384,0.01424810197,520.0093384,0.01469662506,520.0093384,0.01335618086,
519.5559082,0.01602588408,519.5559082,0.0166124776,519.5559082,0.01546760183,519.5559082,0.01459820475,519.5559082,0.01514017116,519.5559082,0.01350636221,
518.9511719,0.01665489376,518.9511719,0.01688576676,518.9511719,0.01595342346,518.9511719,0.0147455493,518.9511719,0.01563703083,518.9511719,0.01396743208,
518.4976196,0.01733861305,518.4976196,0.01742827892,518.4976196,0.01619448327,518.4976196,0.01521206647,518.4976196,0.01575895958,518.4976196,0.01449769177,
518.0440063,0.0178146679,518.0440063,0.01784892008,518.0440063,0.01704772748,518.0440063,0.01584690437,518.0440063,0.01605319977,518.0440063,0.01505563874,
517.4390869,0.01840073988,517.4390869,0.01829316095,517.4390869,0.01750176772,517.4390869,0.01615799591,517.4390869,0.01700570434,517.4390869,0.01581855491,
516.9854126,0.01840660162,516.9854126,0.01894542016,516.9854126,0.01762713306,516.9854126,0.01677880436,516.9854126,0.01724664867,516.9854126,0.01592560299,
516.5316162,0.01902322285,516.5316162,0.01911102049,516.5316162,0.01842023991,516.5316162,0.01737832464,516.5316162,0.01754365116,516.5316162,0.01623900793,
515.9265137,0.01966634206,515.9265137,0.01980471611,515.9265137,0.01865478233,515.9265137,0.01770909317,515.9265137,0.01825012639,515.9265137,0.0169660002,
515.4726563,0.01994670928,515.4726563,0.01999771968,515.4726563,0.01915013604,515.4726563,0.01808188669,515.4726563,0.01842253469,515.4726563,0.01699135639,
515.0187378,0.0203398224,515.0187378,0.02078520693,515.0187378,0.01962742396,515.0187378,0.01841237955,515.0187378,0.01908113062,515.0187378,0.01769806445,
514.5648193,0.02069256268,514.5648193,0.02098283172,514.5648193,0.0199506674,514.5648193,0.01895618252,514.5648193,0.0191874709,514.5648193,0.01853563078,
513.9594727,0.02108857967,513.9594727,0.02136788145,513.9594727,0.02000015974,513.9594727,0.01933302544,513.9594727,0.01977074146,513.9594727,0.01848671027,
513.5053711,0.02139977925,513.5053711,0.02135045268,513.5053711,0.02026528306,513.5053711,0.01999888569,513.5053711,0.02014929429,513.5053711,0.01862908527,
513.0512695,0.02173523046,513.0512695,0.02213541232,513.0512695,0.02074423246,513.0512695,0.020006584,513.0512695,0.020060746,513.0512695,0.01895731874,
512.4457397,0.02214344777,512.4457397,0.02266603522,512.4457397,0.02123740874,512.4457397,0.02053360641,512.4457397,0.02073274553,512.4457397,0.01927716844,
511.9915161,0.02240625769,511.9915161,0.02272347733,511.9915161,0.02163925581,511.9915161,0.02055957913,511.9915161,0.02095256746,511.9915161,0.01987611316,
511.537262,0.02250267565,511.537262,0.02294627391,511.537262,0.02199743874,511.537262,0.02100369707,511.537262,0.02138751373,511.537262,0.02008254267,
510.9315186,0.02309522219,510.9315186,0.02342406474,510.9315186,0.02235997841,510.9315186,0.02118837275,510.9315186,0.02202567831,510.9315186,0.02041334286,
510.4771729,0.02344286069,510.4771729,0.02347335406,510.4771729,0.02278032526,510.4771729,0.02147679776,510.4771729,0.02207979374,510.4771729,0.02068569511,
510.0227661,0.02382072061,510.0227661,0.02380201593,510.0227661,0.02282512002,510.0227661,0.02180520445,510.0227661,0.02221452259,510.0227661,0.02134713531,
509.5682983,0.02378025092,509.5682983,0.02383584343,509.5682983,0.02296698652,509.5682983,0.0218512062,509.5682983,0.02246031165,509.5682983,0.02122411691,
508.9623108,0.02407932095,508.9623108,0.02440879866,508.9623108,0.0233826749,508.9623108,0.0223027505,508.9623108,0.02308771573,508.9623108,0.02156593464,
508.5077515,0.02446378767,508.5077515,0.02461920306,508.5077515,0.02365585789,508.5077515,0.0225361269,508.5077515,0.02284430154,508.5077515,0.02195986174,
508.0531616,0.02453379147,508.0531616,0.02484892309,508.0531616,0.02362330444,508.0531616,0.02285641432,508.0531616,0.02328955941,508.0531616,0.02186898328,
507.4469604,0.02512289211,507.4469604,0.02541959472,507.4469604,0.02420632541,507.4469604,0.02324277535,507.4469604,0.02344376221,507.4469604,0.02230454795,
506.9922791,0.02516976744,506.9922791,0.02528482676,506.9922791,0.02434010245,506.9922791,0.02332539298,506.9922791,0.0237015374,506.9922791,0.02261051163,
506.5375366,0.02538940497,506.5375366,0.02572265267,506.5375366,0.02467413433,506.5375366,0.02386822179,506.5375366,0.02412162535,506.5375366,0.02294602804,
505.9311218,0.0256121736,505.9311218,0.02586008422,505.9311218,0.02487679943,505.9311218,0.02421034873,505.9311218,0.02431179397,505.9311218,0.02296300232,
505.4762878,0.02565632947,505.4762878,0.02612388879,505.4762878,0.02501881681,505.4762878,0.02409661375,505.4762878,0.0246453397,505.4762878,0.02313063107,
505.0213928,0.02593311667,505.0213928,0.02590627037,505.0213928,0.02509765886,505.0213928,0.02412389591,505.0213928,0.02463462763,505.0213928,0.02315962687,
504.5664673,0.02577860467,504.5664673,0.02621967718,504.5664673,0.02509200945,504.5664673,0.02412895858,504.5664673,0.02475387417,504.5664673,0.02334809303,
503.9598389,0.02642592601,503.9598389,0.02640361711,503.9598389,0.02534242347,503.9598389,0.02481627837,503.9598389,0.02494097501,503.9598389,0.02346922643,
503.5047913,0.0263091065,503.5047913,0.0264613051,503.5047913,0.02547569945,503.5047913,0.02467320301,503.5047913,0.02517983504,503.5047913,0.02392448112,
503.0497131,0.02634035051,503.0497131,0.02667554095,503.0497131,0.02571828663,503.0497131,0.02472814173,503.0497131,0.02504363284,503.0497131,0.02405488864,
502.4428711,0.02668049559,502.4428711,0.0268875137,502.4428711,0.02583404072,502.4428711,0.02500099316,502.4428711,0.02524054423,502.4428711,0.02431097254,
501.9877014,0.02690428495,501.9877014,0.02716409601,501.9877014,0.02600709721,501.9877014,0.02539239638,501.9877014,0.0255935844,501.9877014,0.02450667508,
501.5324707,0.02697082795,501.5324707,0.02699961327,501.5324707,0.02614448033,501.5324707,0.0253499411,501.5324707,0.02550814673,501.5324707,0.02433142252,
500.9254456,0.02703856491,500.9254456,0.02716798149,500.9254456,0.0260449145,500.9254456,0.0254728999,500.9254456,0.02548431791,500.9254456,0.02428855188,
500.4701233,0.02714166604,500.4701233,0.02747761272,500.4701233,0.02611443214,500.4701233,0.02541591786,500.4701233,0.02569466643,500.4701233,0.02468824573,
500.0147705,0.02711557224,500.0147705,0.02728847787,500.0147705,0.02642006613,500.0147705,0.02550358884,500.0147705,0.02563504688,500.0147705,0.02450705878,
499.5593567,0.02710292488,499.5593567,0.02722858451,499.5593567,0.02643855289,499.5593567,0.02541413344,499.5593567,0.02596721984,499.5593567,0.02471822314,
498.9520569,0.02716941386,498.9520569,0.02764815278,498.9520569,0.02647770382,498.9520569,0.02560195886,498.9520569,0.02588420734,498.9520569,0.02464375086,
498.4965515,0.02735102735,498.4965515,0.02730463073,498.4965515,0.02677263506,498.4965515,0.02584082633,498.4965515,0.02611256391,498.4965515,0.02456720918,
498.0409851,0.02728059515,498.0409851,0.0277074147,498.0409851,0.02673717588,498.0409851,0.02543274127,498.0409851,0.02624280378,498.0409851,0.02458646521,
497.4335327,0.02728277259,497.4335327,0.02746272087,497.4335327,0.02671418898,497.4335327,0.02569186501,497.4335327,0.02615558729,497.4335327,0.02480986528,
496.9778748,0.02737437747,496.9778748,0.02758602984,496.9778748,0.02669808641,496.9778748,0.02595573291,496.9778748,0.02603370138,496.9778748,0.02467827126,
496.5221558,0.02729950286,496.5221558,0.02759162895,496.5221558,0.02681944333,496.5221558,0.02550243586,496.5221558,0.0257074926,496.5221558,0.02468432672,
496.0664368,0.02760026418,496.0664368,0.02749123611,496.0664368,0.0268259123,496.0664368,0.02583980933,496.0664368,0.02613889985,496.0664368,0.02453461289,
495.4587097,0.02746126056,495.4587097,0.02742293105,495.4587097,0.02667248622,495.4587097,0.0256363377,495.4587097,0.02616817877,495.4587097,0.024647668,
495.0028687,0.02728197165,495.0028687,0.02735739574,495.0028687,0.02682059817,495.0028687,0.02586533315,495.0028687,0.02603224479,495.0028687,0.02453853004,
494.5469666,0.02703148499,494.5469666,0.02738827281,494.5469666,0.02651569992,494.5469666,0.02580654062,494.5469666,0.02613298967,494.5469666,0.02486613579,
493.9390564,0.02701801434,493.9390564,0.02726609632,493.9390564,0.02663078718,493.9390564,0.02572993189,493.9390564,0.02584208921,493.9390564,0.02481329069,
493.4830933,0.02720220946,493.4830933,0.02712072432,493.4830933,0.02632450871,493.4830933,0.0253911335,493.4830933,0.0259027537,493.4830933,0.0246306546,
493.0270386,0.02700845525,493.0270386,0.0273049064,493.0270386,0.02637456916,493.0270386,0.02528372966,493.0270386,0.02559998259,493.0270386,0.02442643419,
492.5709839,0.02702289075,492.5709839,0.02728817426,492.5709839,0.02596295998,492.5709839,0.02530683205,492.5709839,0.02567959018,492.5709839,0.02445179224,
491.9628296,0.02679325826,491.9628296,0.02711190656,491.9628296,0.02611003444,491.9628296,0.02520669065,491.9628296,0.02558265626,491.9628296,0.02432011627,
491.5066528,0.02691731229,491.5066528,0.02685876377,491.5066528,0.02639376931,491.5066528,0.0252789557,491.5066528,0.02541641146,491.5066528,0.02427286655,
491.0504456,0.02726584859,491.0504456,0.02727690153,491.0504456,0.02623474598,491.0504456,0.02560201474,491.0504456,0.02556168102,491.0504456,0.0245733168,
490.4420776,0.02720295265,490.4420776,0.02728318609,490.4420776,0.02611484565,490.4420776,0.0254039783,490.4420776,0.02555594221,490.4420776,0.02419009618,
489.9857788,0.02696631104,489.9857788,0.02738413773,489.9857788,0.02628702298,489.9857788,0.02520499006,489.9857788,0.02559948899,489.9857788,0.02418251522,
489.5294189,0.02659869567,489.5294189,0.02680619806,489.5294189,0.02591371723,489.5294189,0.0248276256,489.5294189,0.02515857667,489.5294189,0.02381013706,
489.0730286,0.02620455436,489.0730286,0.02678642981,489.0730286,0.02571787499,489.0730286,0.0245569367,489.0730286,0.02507632226,489.0730286,0.02386157587,
488.4644165,0.02623287588,488.4644165,0.02618640848,488.4644165,0.02514724806,488.4644165,0.02435614541,488.4644165,0.02468602546,488.4644165,0.02331012487,
488.0079346,0.0262225382,488.0079346,0.02663695253,488.0079346,0.02543798462,488.0079346,0.02450169064,488.0079346,0.02499811538,488.0079346,0.02365801856,
487.5513916,0.0264459271,487.5513916,0.02637718059,487.5513916,0.02545961365,487.5513916,0.02463177778,487.5513916,0.02507615834,487.5513916,0.02352018841,
486.942627,0.02615655027,486.942627,0.02649214864,486.942627,0.02537441999,486.942627,0.02425630577,486.942627,0.02452746406,486.942627,0.02313349955,
486.4859924,0.0262990687,486.4859924,0.02607000992,486.4859924,0.02529637888,486.4859924,0.02393837646,486.4859924,0.02489873022,486.4859924,0.02328445204,
486.0292969,0.02567044459,486.0292969,0.02603949979,486.0292969,0.02510457113,486.0292969,0.02422693558,486.0292969,0.02439423278,486.0292969,0.02323218063,
485.5725708,0.02544179931,485.5725708,0.0260449145,485.5725708,0.0247201398,485.5725708,0.02407015488,485.5725708,0.02398802526,485.5725708,0.02283968963,
484.963562,0.02535139583,484.963562,0.02553625777,484.963562,0.02447745204,484.963562,0.02328103781,484.963562,0.02369505912,484.963562,0.02239211276,
484.5067444,0.02520935237,484.5067444,0.02553872764,484.5067444,0.02422830462,484.5067444,0.02358752675,484.5067444,0.02379802428,484.5067444,0.02247961238,
484.0498657,0.0249227453,484.0498657,0.02538597398,484.0498657,0.02429378033,484.0498657,0.02351300232,484.0498657,0.02366326563,484.0498657,0.02247377858,
483.4406738,0.02523645759,483.4406738,0.02539848909,483.4406738,0.02428340539,483.4406738,0.02331744507,483.4406738,0.02390418574,483.4406738,0.02251071855,
482.9837036,0.02529997379,482.9837036,0.02523557842,482.9837036,0.02454121411,482.9837036,0.02344958298,482.9837036,0.02381989919,482.9837036,0.02257045545,
482.5267029,0.02461660095,482.5267029,0.02505295724,482.5267029,0.02448884584,482.5267029,0.02309800684,482.5267029,0.02367444709,482.5267029,0.02242108621,
482.0696716,0.0246278327,482.0696716,0.02502334118,482.0696716,0.02391933836,482.0696716,0.02281267941,482.0696716,0.02326544374,482.0696716,0.02214551903,
481.4602051,0.02459232882,481.4602051,0.02472320944,481.4602051,0.02385944314,481.4602051,0.02276840247,481.4602051,0.02314051613,481.4602051,0.0219651442,
481.0030518,0.02443100698,481.0030518,0.02455669083,481.0030518,0.02353060059,481.0030518,0.02251652442,481.0030518,0.02302711457,481.0030518,0.02163865604,
480.5458679,0.02418812551,480.5458679,0.02446808666,480.5458679,0.02337956056,480.5458679,0.02245573141,480.5458679,0.02293770388,480.5458679,0.021604212,
479.9362488,0.02389155142,479.9362488,0.02370372415,479.9362488,0.02311201207,479.9362488,0.02200392075,479.9362488,0.02255262248,479.9362488,0.02115660161,
479.4789734,0.02375173382,479.4789734,0.02403948456,479.4789734,0.02286921255,479.4789734,0.02213680185,479.4789734,0.02249018848,479.4789734,0.02136540785,
479.021637,0.02385613322,479.021637,0.02403494343,479.021637,0.02303352952,479.021637,0.02248323709,479.021637,0.02250946313,479.021637,0.02119158022,
478.56427,0.02396280318,478.56427,0.02393427305,478.56427,0.02318884432,478.56427,0.02201565728,478.56427,0.02224343084,478.56427,0.02105015703,
477.9544067,0.02387333661,477.9544067,0.02400752902,477.9544067,0.02322925813,477.9544067,0.02221228927,477.9544067,0.02229536511,477.9544067,0.02107208595,
477.4969482,0.02402903326,477.4969482,0.0238223616,477.4969482,0.02292981744,477.4969482,0.02214214019,477.4969482,0.02235161141,477.4969482,0.02121688612,
477.0394287,0.0237527173,477.0394287,0.02383504994,477.0394287,0.02298388071,477.0394287,0.02208044752,477.0394287,0.02229645476,477.0394287,0.02100945637,
476.4293823,0.02384650707,476.4293823,0.02363538556,476.4293823,0.02290012687,476.4293823,0.02218875103,476.4293823,0.02230021544,476.4293823,0.02118106186,
475.9717712,0.02391509898,475.9717712,0.02411062457,475.9717712,0.02287873439,475.9717712,0.02216041833,475.9717712,0.02205141447,475.9717712,0.02100171335,
475.5141296,0.02397765592,475.5141296,0.02406440862,475.5141296,0.02329996414,475.5141296,0.02221283503,475.5141296,0.02236349508,475.5141296,0.02116923966,
475.0564575,0.02394729294,475.0564575,0.02420900762,475.0564575,0.02316088416,475.0564575,0.02230291441,475.0564575,0.02240271494,475.0564575,0.0210898295,
474.446167,0.02421426214,474.446167,0.02431217767,474.446167,0.0235213358,474.446167,0.0225958135,474.446167,0.02268103696,474.446167,0.02121900767,
473.9883728,0.02430202067,473.9883728,0.02454989776,473.9883728,0.0235741064,473.9883728,0.02256682888,473.9883728,0.02295178548,473.9883728,0.02145172097,
473.5305786,0.02439368516,473.5305786,0.02484889515,473.5305786,0.02371334843,473.5305786,0.02263952792,473.5305786,0.02285960689,473.5305786,0.02162750252,
473.0727234,0.02443322539,473.0727234,0.02492943406,473.0727234,0.02396515571,473.0727234,0.02320956998,473.0727234,0.02301472239,473.0727234,0.02197905816,
472.4621582,0.02481589466,472.4621582,0.02493113279,472.4621582,0.02419967391,472.4621582,0.02342223376,472.4621582,0.02347133122,472.4621582,0.02208428644,
472.0042114,0.02515506558,472.0042114,0.02517034486,472.0042114,0.02446537465,472.0042114,0.0235560704,472.0042114,0.02364066057,472.0042114,0.0223454535,
471.5462341,0.02518600784,471.5462341,0.02527171187,471.5462341,0.02442843281,471.5462341,0.02371556312,471.5462341,0.02392757125,471.5462341,0.0224804841,
470.9355164,0.02553175576,470.9355164,0.02589681931,470.9355164,0.02471411228,470.9355164,0.02406512015,470.9355164,0.02419745736,470.9355164,0.02274597995,
470.477417,0.02584571578,470.477417,0.02579722926,470.477417,0.02530131675,470.477417,0.02435444854,470.477417,0.02461591549,470.477417,0.02330755815,
470.0192871,0.02640028857,470.0192871,0.02663274109,470.0192871,0.02568447776,470.0192871,0.02483011968,470.0192871,0.02493587695,470.0192871,0.02338472381,
469.5611267,0.02667815611,469.5611267,0.02677836269,469.5611267,0.02616815269,469.5611267,0.02527577244,469.5611267,0.02529415675,469.5611267,0.02399773523,
468.9501648,0.02703906223,468.9501648,0.0275589712,468.9501648,0.02658218332,468.9501648,0.02558449656,468.9501648,0.0255253315,468.9501648,0.02423949912,
468.4918823,0.02728144825,468.4918823,0.02748362347,468.4918823,0.02703087963,468.4918823,0.02587692626,468.4918823,0.0259915404,468.4918823,0.02461523004,
468.0335999,0.02759063616,468.0335999,0.0278338287,468.0335999,0.02694215626,468.0335999,0.02644644864,468.0335999,0.02609439194,468.0335999,0.02494571917,
467.5752258,0.02815498225,467.5752258,0.02838713303,467.5752258,0.02730077133,467.5752258,0.02666285262,467.5752258,0.02657822147,467.5752258,0.02548549883,
466.9640503,0.02875739895,466.9640503,0.02873253636,466.9640503,0.02812904865,466.9640503,0.02735747769,466.9640503,0.02730978653,466.9640503,0.02597639896,
466.5056152,0.02922839485,466.5056152,0.02922097594,466.5056152,0.02822737955,466.5056152,0.02753883786,466.5056152,0.02761151828,466.5056152,0.02651864477,
466.0471191,0.02931116335,466.0471191,0.0294885207,466.0471191,0.02865941823,466.0471191,0.02812661789,466.0471191,0.02799390629,466.0471191,0.02686925605,
465.4357605,0.02990609035,465.4357605,0.03001165017,465.4357605,0.02890121751,465.4357605,0.02848914452,465.4357605,0.02839138918,465.4357605,0.0269600302,
464.9771729,0.03008230403,464.9771729,0.03055890463,464.9771729,0.02971345745,464.9771729,0.02885581926,464.9771729,0.02869096957,464.9771729,0.02768429369,
464.5185547,0.03046029434,464.5185547,0.03093972988,464.5185547,0.02995226718,464.5185547,0.0295053646,464.5185547,0.02925101668,464.5185547,0.02801654674,
464.059906,0.03127915785,464.059906,0.03156550974,464.059906,0.03009190224,464.059906,0.02997367829,464.059906,0.02969408222,464.059906,0.02838995121,
463.4483032,0.03163650259,463.4483032,0.03215902299,463.4483032,0.03091357276,463.4483032,0.03020580299,463.4483032,0.03030563332,463.4483032,0.02873043343,
462.989563,0.03184871003,462.989563,0.03248866275,462.989563,0.03099460527,462.989563,0.0307418853,462.989563,0.0304085128,462.989563,0.02927602082,
462.5307617,0.03244556487,462.5307617,0.03262953833,462.5307617,0.03167974204,462.5307617,0.03141371161,462.5307617,0.03111202456,462.5307617,0.02951481193,
462.0719299,0.03284904361,462.0719299,0.03315157816,462.0719299,0.03190041333,462.0719299,0.03096636012,462.0719299,0.03135630488,462.0719299,0.02985578962,
461.460083,0.03326480091,461.460083,0.03343749046,461.460083,0.03255455941,461.460083,0.03156392276,461.460083,0.03180163726,461.460083,0.03050663881,
461.0011597,0.0333337523,461.0011597,0.03350381181,461.0011597,0.03255899623,461.0011597,0.03191261366,461.0011597,0.03192481771,461.0011597,0.03078470379,
460.5422058,0.03349329531,460.5422058,0.03396495432,460.5422058,0.03263793513,460.5422058,0.03216869384,460.5422058,0.0320604071,460.5422058,0.03098304011,
459.9302063,0.03433835506,459.9302063,0.03475638479,459.9302063,0.03330834582,459.9302063,0.03245463222,459.9302063,0.03247853741,459.9302063,0.03154783323,
459.4711304,0.03428706154,459.4711304,0.0348922722,459.4711304,0.03364834189,459.4711304,0.03257559985,459.4711304,0.0328010805,459.4711304,0.03173100948,
459.0120544,0.03503030911,459.0120544,0.03551473096,459.0120544,0.03417110443,459.0120544,0.03312886134,459.0120544,0.03387891501,459.0120544,0.03235254809,
458.5529175,0.03569711372,458.5529175,0.03536404669,458.5529175,0.03468126431,458.5529175,0.03380624205,458.5529175,0.03381477669,458.5529175,0.03276978433,
457.9406738,0.03586509451,457.9406738,0.03605884686,457.9406738,0.03465303034,457.9406738,0.03429479152,457.9406738,0.03422163054,457.9406738,0.03302338347,
457.4814453,0.0361899659,457.4814453,0.03657077625,457.4814453,0.03516372666,457.4814453,0.03429655731,457.4814453,0.03460951895,457.4814453,0.03307033703,
457.0221558,0.03594418615,457.0221558,0.03667841852,457.0221558,0.03541111574,457.0221558,0.03438236937,457.0221558,0.03468370438,457.0221558,0.03337540105,
456.5628662,0.03649545461,456.5628662,0.03685861453,456.5628662,0.03559089452,456.5628662,0.03472904116,456.5628662,0.03475040942,456.5628662,0.03337925673,
455.9503784,0.03686503693,455.9503784,0.03704499826,455.9503784,0.03576397896,455.9503784,0.03510832414,455.9503784,0.03529525176,455.9503784,0.03372412175,
455.4909668,0.03719246387,455.4909668,0.03744380176,455.4909668,0.0361815542,455.4909668,0.03543074802,455.4909668,0.03536376357,455.4909668,0.03403457254,
455.0315552,0.03710823506,455.0315552,0.0376724489,455.0315552,0.0359227322,455.0315552,0.03570087999,455.0315552,0.03565476462,455.0315552,0.03444900364,
454.572052,0.03739270568,454.572052,0.0376965031,454.572052,0.03641234711,454.572052,0.03559429571,454.572052,0.03602596745,454.572052,0.034394335,
453.9593506,0.0377266258,453.9593506,0.03823725134,453.9593506,0.03684159368,453.9593506,0.03578896821,453.9593506,0.03617564589,453.9593506,0.03481468931,
453.4997864,0.03814677149,453.4997864,0.03829707205,453.4997864,0.03674954548,453.4997864,0.03585739061,453.4997864,0.03633663058,453.4997864,0.03461285681,
453.0401917,0.03788562119,453.0401917,0.03842516243,453.0401917,0.03720227629,453.0401917,0.03624910861,453.0401917,0.03644942492,453.0401917,0.03473024815,
452.4273071,0.03811054304,452.4273071,0.03860908374,452.4273071,0.03714441136,452.4273071,0.03645930439,452.4273071,0.03662676364,452.4273071,0.03534862772,
451.9675903,0.03821144253,451.9675903,0.03863092512,451.9675903,0.03738161549,451.9675903,0.03667926416,451.9675903,0.03703547269,451.9675903,0.03557724133,
451.5078735,0.03903795779,451.5078735,0.03849960491,451.5078735,0.0377443321,451.5078735,0.03643633425,451.5078735,0.03722405061,451.5078735,0.03560539335,
451.0480652,0.0386364162,451.0480652,0.03902523965,451.0480652,0.03761779517,451.0480652,0.03719485924,451.0480652,0.03702580184,451.0480652,0.03559539095,
450.434967,0.03878337145,450.434967,0.0391112268,450.434967,0.03797186166,450.434967,0.03736039996,450.434967,0.03728505597,450.434967,0.03621362895,
449.9750977,0.038872201,449.9750977,0.03934826329,449.9750977,0.03797378391,449.9750977,0.03692399338,449.9750977,0.03730925918,449.9750977,0.03605049103,
449.5151978,0.0391539149,449.5151978,0.03903254867,449.5151978,0.03808044642,449.5151978,0.03709966689,449.5151978,0.03756969422,449.5151978,0.03593088686,
449.0552368,0.03952097893,449.0552368,0.03927639499,449.0552368,0.03825585172,449.0552368,0.03742213175,449.0552368,0.0375940837,449.0552368,0.03639419377,
448.441925,0.0397919938,448.441925,0.0393232964,448.441925,0.03836297989,448.441925,0.03740311414,448.441925,0.0378622897,448.441925,0.03621317819,
447.9818726,0.0398735106,447.9818726,0.03953861445,447.9818726,0.03872263432,447.9818726,0.03788694739,447.9818726,0.03787073493,447.9818726,0.03633100167,
447.5217896,0.03961928561,447.5217896,0.03962685913,447.5217896,0.03899726272,447.5217896,0.03752882779,447.5217896,0.03812975809,447.5217896,0.03654954582,
447.061676,0.03987555206,447.061676,0.03969557583,447.061676,0.03865732625,447.061676,0.03804560378,447.061676,0.03814007342,447.061676,0.03659924865,
446.4481201,0.03999559581,446.4481201,0.04010111094,446.4481201,0.03865455091,446.4481201,0.03798477352,446.4481201,0.03840316087,446.4481201,0.03643760085,
445.987915,0.03956356645,445.987915,0.03995262459,445.987915,0.03894722834,445.987915,0.0380631797,445.987915,0.03850421309,445.987915,0.0366428718,
445.5276794,0.04026364535,445.5276794,0.04036467522,445.5276794,0.03930844739,445.5276794,0.03822631016,445.5276794,0.03850837424,445.5276794,0.03712532297,
445.0673828,0.04018728063,445.0673828,0.04008072615,445.0673828,0.03922910616,445.0673828,0.03808821738,445.0673828,0.03866383433,445.0673828,0.03691443801,
444.4536133,0.04028468952,444.4536133,0.04042780399,444.4536133,0.03927288204,444.4536133,0.03821918741,444.4536133,0.03843935952,444.4536133,0.03707589954,
443.9932251,0.0404917039,443.9932251,0.04041007534,443.9932251,0.03924420848,443.9932251,0.03828010708,443.9932251,0.03869289532,443.9932251,0.03723518923,
443.5328064,0.04056183994,443.5328064,0.04056334496,443.5328064,0.03904766962,443.5328064,0.03837050125,443.5328064,0.03859165683,443.5328064,0.03741231188,
443.0723572,0.04038371146,443.0723572,0.04039368033,443.0723572,0.03962158412,443.0723572,0.03841441497,443.0723572,0.03881773353,443.0723572,0.03753929958,
442.458374,0.04037351161,442.458374,0.04039822519,442.458374,0.03952730075,442.458374,0.03832045197,442.458374,0.03894196078,442.458374,0.03738804907,
441.9978333,0.0405591391,441.9978333,0.04052034765,441.9978333,0.03940336034,441.9978333,0.03844580799,441.9978333,0.03871066496,441.9978333,0.03722574189,
441.537262,0.04031087831,441.537262,0.04034124315,441.537262,0.03965096176,441.537262,0.03834310174,441.537262,0.03870149702,441.537262,0.03732353076,
441.0766296,0.0403954424,441.0766296,0.04021559283,441.0766296,0.03962399438,441.0766296,0.03864761814,441.0766296,0.03865667433,441.0766296,0.03720241785,
440.4624023,0.04042433575,440.4624023,0.0407612808,440.4624023,0.03991408646,440.4624023,0.03911199421,440.4624023,0.03910839558,440.4624023,0.03727997839,
440.001709,0.04022047669,440.001709,0.04052589089,440.001709,0.04002182186,440.001709,0.03908349946,440.001709,0.03899528086,440.001709,0.03742156923,
439.5409546,0.04036146775,439.5409546,0.04067172483,439.5409546,0.04000607133,439.5409546,0.03904359043,439.5409546,0.03902337328,439.5409546,0.03740850464,
438.9265747,0.04049747065,438.9265747,0.04054782912,438.9265747,0.03979659081,438.9265747,0.03900986165,438.9265747,0.03927724808,438.9265747,0.0375354588,
438.4657288,0.04030971229,438.4657288,0.04061822966,438.4657288,0.03976736963,438.4657288,0.03901804611,438.4657288,0.0391337201,438.4657288,0.0375486128,
438.0048523,0.04029414803,438.0048523,0.04102240503,438.0048523,0.03943916038,438.0048523,0.03888949752,438.0048523,0.0392219089,438.0048523,0.03774887696,
437.5439453,0.04080003873,437.5439453,0.04073264822,437.5439453,0.04006596282,437.5439453,0.03919525072,437.5439453,0.03915465251,437.5439453,0.03753878921,
436.9293518,0.04018918425,436.9293518,0.0403906405,436.9293518,0.03975849226,436.9293518,0.03910301253,436.9293518,0.03884055093,436.9293518,0.03757946193,
436.4683533,0.04018838704,436.4683533,0.04054507241,436.4683533,0.03954504803,436.4683533,0.03858690336,436.4683533,0.03874660656,436.4683533,0.0373682715,
436.0072937,0.03997240961,436.0072937,0.04028267413,436.0072937,0.03953827173,436.0072937,0.03863313422,436.0072937,0.03857931867,436.0072937,0.03723019734,
435.5462341,0.04001517966,435.5462341,0.04009909183,435.5462341,0.03923822939,435.5462341,0.03884584457,435.5462341,0.03850447014,435.5462341,0.03701396286,
434.9313965,0.03969205916,434.9313965,0.04045595974,434.9313965,0.03910049424,434.9313965,0.03848763928,434.9313965,0.03859270364,434.9313965,0.03693616763,
434.4702454,0.03984227031,434.4702454,0.03999860585,434.4702454,0.03904124349,434.4702454,0.03857864067,434.4702454,0.03850376233,434.4702454,0.03673774377,
434.0090332,0.03981727362,434.0090332,0.03995461389,434.0090332,0.03920706362,434.0090332,0.03828565031,434.0090332,0.038494315,434.0090332,0.0365620181,
433.5477905,0.0397866331,433.5477905,0.03995078057,433.5477905,0.03944670036,433.5477905,0.03808824345,433.5477905,0.03827159852,433.5477905,0.03678329661,
432.9327698,0.03969597444,432.9327698,0.03973750025,432.9327698,0.03928107023,432.9327698,0.0382915847,432.9327698,0.03829455376,432.9327698,0.03680628911,
432.4714355,0.03968919441,432.4714355,0.03994073346,432.4714355,0.03926679119,432.4714355,0.03824598715,432.4714355,0.03828720376,432.4714355,0.03657745197,
432.0100708,0.03970621154,432.0100708,0.03966684639,432.0100708,0.03919133916,432.0100708,0.03817814589,432.0100708,0.03846617043,432.0100708,0.03698168695,
431.5486755,0.03954757378,431.5486755,0.03978308663,431.5486755,0.03877875954,431.5486755,0.03804772347,431.5486755,0.03824969009,431.5486755,0.036620453,
430.9334106,0.03933380917,430.9334106,0.0399627313,430.9334106,0.03909607604,430.9334106,0.03782789037,430.9334106,0.03796463087,430.9334106,0.03669853136,
430.4719238,0.03956390545,430.4719238,0.04011510685,430.4719238,0.03877383471,430.4719238,0.03793567419,430.4719238,0.0381527096,430.4719238,0.03640314564,
430.0104065,0.03975687549,430.0104065,0.0396896787,430.0104065,0.03887293488,430.0104065,0.03803582862,430.0104065,0.03837397695,430.0104065,0.03654763103,
429.5488281,0.0394808054,429.5488281,0.03988701478,429.5488281,0.03866018355,429.5488281,0.03782853857,429.5488281,0.03843862563,429.5488281,0.03663377464,
428.9333496,0.03970734775,428.9333496,0.03959523886,428.9333496,0.03877799585,428.9333496,0.03761790693,428.9333496,0.03818877414,428.9333496,0.03671619296,
428.4717102,0.03945081308,428.4717102,0.03962628916,428.4717102,0.03871420398,428.4717102,0.03760153428,428.4717102,0.03820092604,428.4717102,0.0365710035,
428.0100098,0.03934063762,428.0100098,0.03953569382,428.0100098,0.038728863,428.0100098,0.03737941757,428.0100098,0.03788401186,428.0100098,0.03614281118,
427.5483093,0.03953889757,427.5483093,0.03927095607,427.5483093,0.03855320811,427.5483093,0.03783337027,427.5483093,0.03827405721,427.5483093,0.03607499227,
426.9326172,0.0391006358,426.9326172,0.03923814371,426.9326172,0.03847290203,426.9326172,0.03730367124,426.9326172,0.03793781996,426.9326172,0.03623411059,
426.4707947,0.03932834044,426.4707947,0.03914757073,426.4707947,0.03807756305,426.4707947,0.03751372918,426.4707947,0.03822306171,426.4707947,0.03617269173,
426.0089417,0.03917757049,426.0089417,0.03911833838,426.0089417,0.03823617473,426.0089417,0.03749496117,426.0089417,0.03799754381,426.0089417,0.03606480733,
425.5470581,0.03946932405,425.5470581,0.03981332853,425.5470581,0.03851965815,425.5470581,0.03737239167,425.5470581,0.03823937103,425.5470581,0.03633291647,
424.9311523,0.03954153508,424.9311523,0.03963312507,424.9311523,0.03845420852,424.9311523,0.03757105023,424.9311523,0.03817746788,424.9311523,0.03648895025,
424.4692078,0.03930255026,424.4692078,0.03954385966,424.4692078,0.03839320689,424.4692078,0.03762603551,424.4692078,0.03795920685,424.4692078,0.0366291292,
424.0072021,0.03898228332,424.0072021,0.03906486183,424.0072021,0.03808214143,424.0072021,0.03737701848,424.0072021,0.03762688488,424.0072021,0.0364301689,
423.5451355,0.03882741556,423.5451355,0.03902541101,423.5451355,0.03792623803,423.5451355,0.03758886084,423.5451355,0.03785121813,423.5451355,0.0357699655,
422.9290466,0.03900269791,422.9290466,0.0393072851,422.9290466,0.03848014399,422.9290466,0.03707088158,422.9290466,0.0379415229,422.9290466,0.03573674336,
422.4668884,0.03883669898,422.4668884,0.03895702213,422.4668884,0.03775037453,422.4668884,0.03699462488,422.4668884,0.03752089664,422.4668884,0.03571226075,
422.0047302,0.03899655491,422.0047302,0.0393210575,422.0047302,0.03850418702,422.0047302,0.03720907494,422.0047302,0.0379386954,422.0047302,0.03604168817,
421.5425415,0.03919275478,421.5425415,0.03917638212,421.5425415,0.03832096234,421.5425415,0.03712115064,421.5425415,0.03798689321,421.5425415,0.03597944975,
420.9262085,0.03852593899,420.9262085,0.03835347667,420.9262085,0.03810992092,420.9262085,0.03656508774,420.9262085,0.03755860403,420.9262085,0.03587560728,
420.4639282,0.03830798343,420.4639282,0.03890226409,420.4639282,0.03781487048,420.4639282,0.0366374366,420.4639282,0.0378622897,420.4639282,0.03547891602,
420.0015869,0.03851320967,420.0015869,0.03886305541,420.0015869,0.03809451684,420.0015869,0.03682978824,420.0015869,0.03800652921,420.0015869,0.0354084745,
419.5392456,0.03859737143,419.5392456,0.03868281841,419.5392456,0.03796251118,419.5392456,0.03685029969,419.5392456,0.03783413023,419.5392456,0.03561756015,
419.0768433,0.0387781933,419.0768433,0.03879480809,419.0768433,0.03787813708,419.0768433,0.03726483136,419.0768433,0.03774057701,419.0768433,0.0357023403,
418.4602661,0.03843435273,418.4602661,0.03892706707,418.4602661,0.0377375558,418.4602661,0.0367035456,418.4602661,0.03772953525,418.4602661,0.0356990546,
417.9977722,0.03852302581,417.9977722,0.03858268633,417.9977722,0.03760997579,417.9977722,0.03669247404,417.9977722,0.03755685315,417.9977722,0.03543549404,
417.5352478,0.03850713,417.5352478,0.03881306574,417.5352478,0.03760977834,417.5352478,0.03661268204,417.5352478,0.03759761155,417.5352478,0.03544523939,
417.0726929,0.03844546899,417.0726929,0.0384327136,417.0726929,0.03768258169,417.0726929,0.03700471669,417.0726929,0.03736031801,417.0726929,0.03539982438,
416.4559021,0.03839530051,416.4559021,0.03844218701,416.4559021,0.03753828257,416.4559021,0.03646611795,416.4559021,0.03728308156,416.4559021,0.03539732471,
415.9932556,0.03811464086,415.9932556,0.03821551427,415.9932556,0.03759882599,415.9932556,0.03644190729,415.9932556,0.03691528365,415.9932556,0.03513579816,
415.5305786,0.0382916145,415.5305786,0.03812772408,415.5305786,0.03711367771,415.5305786,0.03631588817,415.5305786,0.03659975529,415.5305786,0.03505581617,
415.0678711,0.03801653162,415.0678711,0.03860967606,415.0678711,0.03718842939,415.0678711,0.03625431657,415.0678711,0.03669793904,415.0678711,0.03519943357,
414.4508667,0.03796627,414.4508667,0.03816141188,414.4508667,0.03727309778,414.4508667,0.03615910187,414.4508667,0.03630097583,414.4508667,0.0349781476,
413.9880981,0.03788087517,413.9880981,0.03797126934,413.9880981,0.03700674698,413.9880981,0.03596004844,413.9880981,0.03654737771,413.9880981,0.03493611887,
413.5252686,0.0376920104,413.5252686,0.03790872544,413.5252686,0.03693306819,413.5252686,0.03580167145,413.5252686,0.03652882203,413.5252686,0.03466690704,
413.0623779,0.03784398735,413.0623779,0.03793499619,413.0623779,0.03680825979,413.0623779,0.03584493697,413.0623779,0.0365584977,413.0623779,0.03484211862,
412.4451904,0.03790188953,412.4451904,0.03774376586,412.4451904,0.03668900952,412.4451904,0.03554490581,412.4451904,0.0361212343,412.4451904,0.03430157155,
411.9822388,0.03764339909,411.9822388,0.03790937737,411.9822388,0.03658460453,411.9822388,0.03526512533,411.9822388,0.03589621931,411.9822388,0.03424297273,
411.5192566,0.03765200824,411.5192566,0.03745096922,411.5192566,0.03643126413,411.5192566,0.03563043103,411.5192566,0.03577182069,411.5192566,0.03411585465,
411.0562134,0.03754025698,411.0562134,0.03724049032,411.0562134,0.03640139848,411.0562134,0.03541895002,411.0562134,0.0358793214,411.0562134,0.03433199599,
410.4388123,0.03721488267,410.4388123,0.03716528043,410.4388123,0.03654647619,410.4388123,0.0351998806,410.4388123,0.03601820394,410.4388123,0.03454232961,
409.975708,0.037176162,409.975708,0.03722196072,409.975708,0.03673388436,409.975708,0.03527278826,409.975708,0.03604351729,409.975708,0.03408813477,
409.5125732,0.03736107796,409.5125732,0.03701959923,409.5125732,0.03655326366,409.5125732,0.03522337973,409.5125732,0.03586380184,409.5125732,0.03430720419,
409.0493774,0.03717793897,409.0493774,0.03696071729,409.0493774,0.03625578061,409.0493774,0.03516816348,409.0493774,0.03568753228,409.0493774,0.03412464634,
408.4317627,0.03689110279,408.4317627,0.03706050664,408.4317627,0.03607093915,408.4317627,0.03488466889,408.4317627,0.0354898721,408.4317627,0.03379023448,
407.9685059,0.03674856201,407.9685059,0.03642853349,407.9685059,0.03601944074,407.9685059,0.03468417749,407.9685059,0.03548206389,407.9685059,0.03385940939,
407.5052185,0.036664024,407.5052185,0.03653383255,407.5052185,0.03591786698,407.5052185,0.03475649655,407.5052185,0.03508424386,407.5052185,0.03364607692,
407.0419006,0.0365114212,407.0419006,0.03633660451,407.0419006,0.03590608761,407.0419006,0.03443810344,407.0419006,0.03502113,407.0419006,0.03357769176,
406.4240723,0.03661611676,406.4240723,0.03619728237,406.4240723,0.03569961712,406.4240723,0.03455878422,406.4240723,0.03511982784,406.4240723,0.03350006416,
405.9606628,0.03604292497,405.9606628,0.03628805652,405.9606628,0.03551178426,405.9606628,0.03407572955,405.9606628,0.03512693197,405.9606628,0.03323422745,
405.4971924,0.0361215733,405.4971924,0.03611740842,405.4971924,0.03554928675,405.4971924,0.03415141627,405.4971924,0.03506951034,405.4971924,0.03333006054,
405.0337219,0.03621385247,405.0337219,0.0358844921,405.0337219,0.03526518121,405.0337219,0.03418435156,405.0337219,0.03490270674,405.0337219,0.03314271942,
404.5702209,0.0358340852,404.5702209,0.03570984676,404.5702209,0.03518404812,404.5702209,0.03371052817,404.5702209,0.03455113247,404.5702209,0.03316051885,
403.9521179,0.03592560068,403.9521179,0.03566805646,403.9521179,0.03502646461,403.9521179,0.03375861794,403.9521179,0.03445099294,403.9521179,0.03309128806,
403.4885254,0.03544383496,403.4885254,0.0356320329,403.4885254,0.03462322801,403.4885254,0.03348001465,403.4885254,0.03377627209,403.4885254,0.03287163004,
403.0249023,0.03550152853,403.0249023,0.03523292392,403.0249023,0.03447820246,403.0249023,0.03350246698,403.0249023,0.03394049034,403.0249023,0.032632716,
402.5612488,0.03535716608,402.5612488,0.03531987593,402.5612488,0.03419614211,402.5612488,0.03321310133,402.5612488,0.03378027678,402.5612488,0.03247281909,
401.9429626,0.0351170525,401.9429626,0.03512336686,401.9429626,0.03426050767,401.9429626,0.03330946341,401.9429626,0.03382437304,401.9429626,0.03241820261,
401.4792175,0.03489039093,401.4792175,0.03503258154,401.4792175,0.03416401893,401.4792175,0.03294035047,401.4792175,0.03369575739,401.4792175,0.03258695453,
401.0154114,0.03461941704,401.0154114,0.03465905786,401.0154114,0.03381376714,401.0154114,0.03296140581,401.0154114,0.03352154046,401.0154114,0.03238356113,
400.5516052,0.03469183296,400.5516052,0.03448434174,400.5516052,0.03367547691,400.5516052,0.03241853788,400.5516052,0.03325929493,400.5516052,0.03202713281,
399.933136,0.03428445756,399.933136,0.03433311731,399.933136,0.03346519545,399.933136,0.03300212696,399.933136,0.03310737759,399.933136,0.03218173981,
399.4692383,0.03434793651,399.4692383,0.03432468325,399.4692383,0.03357360885,399.4692383,0.0325024426,399.4692383,0.03335463256,399.4692383,0.03216024861,
399.0052795,0.03401035815,399.0052795,0.03378293291,399.0052795,0.03283536062,399.0052795,0.03195627406,399.0052795,0.0332958512,399.0052795,0.03199492022,
398.5413208,0.03400086612,398.5413208,0.03416183591,398.5413208,0.03290647641,398.5413208,0.03172513098,398.5413208,0.03324998915,398.5413208,0.03200929984,
397.9226379,0.03411750495,397.9226379,0.03379342705,397.9226379,0.03281163052,397.9226379,0.0320385322,397.9226379,0.03306053206,397.9226379,0.03151248395,
397.4585876,0.03340388462,397.4585876,0.03348230943,397.4585876,0.0329478085,397.4585876,0.03185974061,397.4585876,0.0328608267,397.4585876,0.03218974173,
396.9945068,0.03386489302,396.9945068,0.03378234431,396.9945068,0.03285973519,396.9945068,0.03230360895,396.9945068,0.03314096108,396.9945068,0.0323058404,
396.5303955,0.03376455233,396.5303955,0.03356091306,396.5303955,0.03294981644,396.5303955,0.03212083504,396.5303955,0.03320069611,396.5303955,0.0322904177,
396.0662537,0.03366034105,396.0662537,0.03376572579,396.0662537,0.03277782351,396.0662537,0.03202914074,396.0662537,0.03290577978,396.0662537,0.03244411573,
395.4473267,0.03362892941,395.4473267,0.03363749012,395.4473267,0.03252978623,395.4473267,0.03215701506,395.4473267,0.03311204538,395.4473267,0.03253963217,
394.9830933,0.0330860354,394.9830933,0.03365239874,394.9830933,0.03249544278,394.9830933,0.0320174098,394.9830933,0.03276361525,394.9830933,0.03275189176,
394.5188293,0.03330856934,394.5188293,0.03355691209,394.5188293,0.03250018507,394.5188293,0.03173203766,394.5188293,0.03270067275,394.5188293,0.03316926211,
394.0545044,0.03339502588,394.0545044,0.03356589004,394.0545044,0.03277955577,394.0545044,0.03211629018,394.0545044,0.03302310407,394.0545044,0.03288958594,
393.4353943,0.03351714835,393.4353943,0.03351717815,393.4353943,0.03282383084,393.4353943,0.03199065849,393.4353943,0.03377851099,393.4353943,0.03356974944,
392.9710083,0.03332723677,392.9710083,0.03337872773,392.9710083,0.0329641439,392.9710083,0.03228732198,392.9710083,0.03355120867,392.9710083,0.0337946862,
392.5065918,0.03311900049,392.5065918,0.03315098956,392.5065918,0.03250135481,392.5065918,0.03199316561,392.5065918,0.03372851387,392.5065918,0.03430894017,
392.0421448,0.03302282467,392.0421448,0.03338157758,392.0421448,0.03219423071,392.0421448,0.03194941953,392.0421448,0.03358325735,392.0421448,0.03510952741,
391.422821,0.03292172402,391.422821,0.03349735215,391.422821,0.03257704899,391.422821,0.03242180124,391.422821,0.03375590593,391.422821,0.03535281494,
390.958313,0.03344805911,390.958313,0.03312542662,390.958313,0.0330889672,390.958313,0.03262588009,390.958313,0.0345663242,390.958313,0.03615699336,
390.4937439,0.03360974416,390.4937439,0.03317951784,390.4937439,0.03317948803,390.4937439,0.03274097666,390.4937439,0.03450990096,390.4937439,0.03654236346,
390.0291443,0.03309757262,390.0291443,0.03333629295,390.0291443,0.03299469873,390.0291443,0.03271929175,390.0291443,0.03480798379,390.0291443,0.03734652326,
389.5645142,0.0333673507,389.5645142,0.03343687579,389.5645142,0.03297070786,389.5645142,0.03294174746,389.5645142,0.03537842631,389.5645142,0.03770353273,
388.9449768,0.03316018358,388.9449768,0.03329842165,388.9449768,0.0331511572,388.9449768,0.03295716271,388.9449768,0.03583697975,388.9449768,0.03907573596,
388.4802551,0.03308243304,388.4802551,0.03326206282,388.4802551,0.03311559185,388.4802551,0.03356225416,388.4802551,0.03669250384,388.4802551,0.0400220491,
388.0155029,0.0330671221,388.0155029,0.03332195431,388.0155029,0.03295766562,388.0155029,0.03313146159,388.0155029,0.03684674948,388.0155029,0.04088509828,
387.5507507,0.03313403204,387.5507507,0.03377277777,387.5507507,0.03332654014,387.5507507,0.03381600603,387.5507507,0.03806617483,387.5507507,0.04206550494,
386.9309692,0.03331614286,386.9309692,0.03344774991,386.9309692,0.03351499513,386.9309692,0.0337623693,386.9309692,0.03827600926,386.9309692,0.04422376677,
386.4661255,0.03348208591,386.4661255,0.03365435451,386.4661255,0.03409205377,386.4661255,0.0344026275,386.4661255,0.0389335528,386.4661255,0.04578223825,
386.0012512,0.03338484839,386.0012512,0.03392965719,386.0012512,0.03427078575,386.0012512,0.03484842926,386.0012512,0.03974374011,386.0012512,0.04688177258,
385.5363159,0.03334568813,385.5363159,0.0336153917,385.5363159,0.03428375721,385.5363159,0.03495805711,385.5363159,0.04052526504,385.5363159,0.04824399203,
385.0713806,0.03365410492,385.0713806,0.03395680711,385.0713806,0.03454050794,385.0713806,0.03576889634,385.0713806,0.04228589684,385.0713806,0.05106664822,
384.4513855,0.03368384019,384.4513855,0.03415222839,384.4513855,0.03496223688,384.4513855,0.03597334772,384.4513855,0.04247311503,384.4513855,0.05388464406,
383.9863586,0.03376331925,383.9863586,0.03414525837,383.9863586,0.03523954749,383.9863586,0.03659043461,383.9863586,0.04436646402,383.9863586,0.05612301454,
383.5212708,0.03409496695,383.5212708,0.03448557481,383.5212708,0.03542852774,383.5212708,0.03714711964,383.5212708,0.04540039226,383.5212708,0.05805067345,
383.0561829,0.03414800018,383.0561829,0.03462333977,383.0561829,0.03571889549,383.0561829,0.03784322739,383.0561829,0.04660021886,383.0561829,0.06081483141,
382.4360046,0.03424591199,382.4360046,0.03534149751,382.4360046,0.0362576358,382.4360046,0.03884932399,382.4360046,0.04859253392,382.4360046,0.06519974023,
381.9708252,0.03434154764,381.9708252,0.03491182253,381.9708252,0.03655748442,381.9708252,0.03958846256,381.9708252,0.04966897517,381.9708252,0.0670305714,
381.5056152,0.03450723737,381.5056152,0.03503892198,381.5056152,0.03689612076,381.5056152,0.04011107236,381.5056152,0.05169665068,381.5056152,0.07160913199,
381.0403748,0.03474766389,381.0403748,0.03549256921,381.0403748,0.03719973937,381.0403748,0.04124252498,381.0403748,0.05388924479,381.0403748,0.0767410621,
380.5751038,0.03473655879,380.5751038,0.03555074707,380.5751038,0.03766716644,380.5751038,0.04212345928,380.5751038,0.05558599159,380.5751038,0.07897815108,
379.9546814,0.03499270976,379.9546814,0.03612382337,379.9546814,0.03856138512,379.9546814,0.04342406616,379.9546814,0.05987409875,379.9546814,0.08734308928,
379.4893188,0.03559887409,379.4893188,0.0360618569,379.4893188,0.03847545013,379.4893188,0.0446796827,379.4893188,0.06121009216,379.4893188,0.09142585844,
379.0239563,0.03584142402,379.0239563,0.03650505468,379.0239563,0.03944933787,379.0239563,0.04574516416,379.0239563,0.06431826949,379.0239563,0.09706172347,
378.5585327,0.03547526523,378.5585327,0.03672075644,378.5585327,0.04036524519,378.5585327,0.04765808955,378.5585327,0.06759729981,378.5585327,0.1036809906,
377.9379272,0.03621320426,377.9379272,0.0371311605,377.9379272,0.0410557501,377.9379272,0.04955017194,377.9379272,0.07159347087,377.9379272,0.1120360866,
377.4724121,0.03609445691,377.4724121,0.03761406988,377.4724121,0.04187985882,377.4724121,0.05121283606,377.4724121,0.07499123365,377.4724121,0.1203347147,
377.006897,0.03680893779,377.006897,0.03768549114,377.006897,0.04256978258,377.006897,0.05226969346,377.006897,0.07841008157,377.006897,0.1257921904,
376.5413208,0.03718566522,376.5413208,0.03870701417,376.5413208,0.04362548143,376.5413208,0.05382023752,376.5413208,0.08143495023,376.5413208,0.1326670647,
376.0757446,0.0371216014,376.0757446,0.03910797089,376.0757446,0.044548098,376.0757446,0.05634685606,376.0757446,0.0862409547,376.0757446,0.142240867,
375.454895,0.03759340569,375.454895,0.03897001967,375.454895,0.04540159926,375.454895,0.05945206061,375.454895,0.09360461682,375.454895,0.152945742,
374.9892273,0.03810347617,374.9892273,0.04020440578,374.9892273,0.04671198875,374.9892273,0.06212096289,374.9892273,0.09834409505,374.9892273,0.1697272509,
374.5235291,0.03807177022,374.5235291,0.04032797739,374.5235291,0.04694227874,374.5235291,0.06416970491,374.5235291,0.102030389,374.5235291,0.1760546714,
374.0578003,0.03862583265,374.0578003,0.04072323814,374.0578003,0.04841935635,374.0578003,0.06626971066,374.0578003,0.109081164,374.0578003,0.1884107292,
373.4367676,0.03891183436,373.4367676,0.04116829485,373.4367676,0.04973904043,373.4367676,0.06968630105,373.4367676,0.1176824197,373.4367676,0.209102571,
372.9709778,0.03916589916,372.9709778,0.04188245535,372.9709778,0.05089210346,372.9709778,0.07188349217,372.9709778,0.1241253316,372.9709778,0.2177454084,
372.505127,0.03993193805,372.505127,0.04252841324,372.505127,0.05209600925,372.505127,0.07539573312,372.505127,0.1318188757,372.505127,0.2366972268,
372.0392456,0.03969240189,372.0392456,0.04263854027,372.0392456,0.05278421193,372.0392456,0.07817346603,372.0392456,0.1373422295,372.0392456,0.2473449707,
371.5733337,0.04014272988,371.5733337,0.04338833317,371.5733337,0.05460237339,371.5733337,0.08224439621,371.5733337,0.1460959166,371.5733337,0.2674130797,
370.9520874,0.04068289697,370.9520874,0.04407956824,370.9520874,0.05678830668,370.9520874,0.08733046055,370.9520874,0.1576982439,370.9520874,0.2913888991,
370.4861145,0.04114262387,370.4861145,0.04432199895,370.4861145,0.05787200108,370.4861145,0.09022340178,370.4861145,0.1651881337,370.4861145,0.3070375919,
370.0200806,0.0411801897,370.0200806,0.0452934131,370.0200806,0.06005921587,370.0200806,0.09579388052,370.0200806,0.1766020656,370.0200806,0.3337362409,
369.5540466,0.04167124256,369.5540466,0.04579777271,369.5540466,0.0613431558,369.5540466,0.09854015708,369.5540466,0.1845949441,369.5540466,0.3492686749,
368.9326172,0.04192390665,368.9326172,0.04679821432,368.9326172,0.0649548769,368.9326172,0.1067075208,368.9326172,0.2035339475,368.9326172,0.3895893991,
368.4664917,0.04231814295,368.4664917,0.04738350585,368.4664917,0.06608111411,368.4664917,0.111117363,368.4664917,0.2139936537,368.4664917,0.4089236856,
368.0003357,0.04270516708,368.0003357,0.04803365469,368.0003357,0.06799630821,368.0003357,0.1160941944,368.0003357,0.2239471525,368.0003357,0.4301971495,
367.5341492,0.04311623797,367.5341492,0.04889569432,367.5341492,0.07035369426,367.5341492,0.1217955723,367.5341492,0.2412900031,367.5341492,0.4635931551,
367.0679321,0.04305997863,367.0679321,0.0491659008,367.0679321,0.07155247778,367.0679321,0.1260873079,367.0679321,0.2489790022,367.0679321,0.4787102044,
366.4462585,0.04389400408,366.4462585,0.05048783123,366.4462585,0.07592462748,366.4462585,0.1361843348,366.4462585,0.2719222605,366.4462585,0.5311014652,
365.9799805,0.04424233735,365.9799805,0.05109521002,365.9799805,0.07761456072,365.9799805,0.1420474499,365.9799805,0.2833686471,365.9799805,0.5570577979,
365.5136414,0.04450599477,365.5136414,0.05158714578,365.5136414,0.07963874936,365.5136414,0.1474548876,365.5136414,0.2976622283,365.5136414,0.5859468579,
365.0473022,0.04489230737,365.0473022,0.05278950185,365.0473022,0.08293814957,365.0473022,0.1558798254,365.0473022,0.3205312788,365.0473022,0.6324808598,
364.4254456,0.04516956955,364.4254456,0.05334151536,364.4254456,0.0855332464,364.4254456,0.1627611071,364.4254456,0.338290602,364.4254456,0.6707389951,
363.9590149,0.04534717277,363.9590149,0.05458499491,363.9590149,0.08978120983,363.9590149,0.174267754,363.9590149,0.366275847,363.9590149,0.7289735079,
363.4925537,0.04559761286,363.4925537,0.05534436926,363.4925537,0.09255546331,363.4925537,0.1810944825,363.4925537,0.3831275702,363.4925537,0.7657499313,
363.026062,0.04563134164,363.026062,0.05572302639,363.026062,0.09503509104,363.026062,0.1884889603,363.026062,0.4005890787,363.026062,0.7990000844,
362.5595398,0.04582178965,362.5595398,0.05662085488,362.5595398,0.09865235537,362.5595398,0.2007527351,362.5595398,0.4282623529,362.5595398,0.8587710857,
361.9374695,0.04596000537,361.9374695,0.05739606172,361.9374695,0.1014295071,361.9374695,0.2076157033,361.9374695,0.4473389685,361.9374695,0.8958362341,
361.4708862,0.04639649391,361.4708862,0.05816871673,361.4708862,0.1059860364,361.4708862,0.2194166183,361.4708862,0.4730808735,361.4708862,0.9583538771,
361.0042419,0.04698150232,361.0042419,0.05951742828,361.0042419,0.1080168337,361.0042419,0.2278071195,361.0042419,0.4930383563,361.0042419,0.9934360981,
360.5375977,0.04690778628,360.5375977,0.06060558185,360.5375977,0.1118263677,360.5375977,0.2357070893,360.5375977,0.5127974153,360.5375977,1.031631947,
360.0709229,0.04735383019,360.0709229,0.0613987036,360.0709229,0.1160211861,360.0709229,0.248502478,360.0709229,0.5430030227,360.0709229,1.095960617,
359.4486084,0.0477226004,359.4486084,0.06249822304,359.4486084,0.1196799204,359.4486084,0.2575336397,359.4486084,0.5684313178,359.4486084,1.149716973,
358.981842,0.04768836498,358.981842,0.06349954754,358.981842,0.1256500483,358.981842,0.2730059922,358.981842,0.6111791134,358.981842,1.246909261,
358.5150452,0.04760672897,358.5150452,0.06426405907,358.5150452,0.1286679506,358.5150452,0.284424603,358.5150452,0.6335579157,358.5150452,1.295028329,
358.0482483,0.04749779031,358.0482483,0.06503752619,358.0482483,0.132539615,358.0482483,0.295091331,358.0482483,0.6548998356,358.0482483,1.340804696,
357.4257507,0.048075784,357.4257507,0.06640589982,357.4257507,0.1381938905,357.4257507,0.3090801537,357.4257507,0.6916825771,357.4257507,1.422177315,
356.9588623,0.04813382402,356.9588623,0.0667764321,356.9588623,0.1399665475,356.9588623,0.3143887222,356.9588623,0.7075805068,356.9588623,1.452976108,
356.4919434,0.04855487123,356.4919434,0.06861553341,356.4919434,0.1460023224,356.4919434,0.3320749402,356.4919434,0.7466295362,356.4919434,1.531174421,
356.0249634,0.04841383174,356.0249634,0.06945241243,356.0249634,0.1502497196,356.0249634,0.3416091502,356.0249634,0.7756448984,356.0249634,1.58943212,
355.5579834,0.04857985303,355.5579834,0.06972787529,355.5579834,0.1535612643,355.5579834,0.3534742594,355.5579834,0.8013963699,355.5579834,1.645399809,
354.9353027,0.04886116087,354.9353027,0.07135986537,354.9353027,0.1601639092,354.9353027,0.3709545135,354.9353027,0.8480356336,354.9353027,1.749735236,
354.4682312,0.04906668514,354.4682312,0.07222635299,354.4682312,0.1630592495,354.4682312,0.3789593875,354.4682312,0.8632830381,354.4682312,1.77872014,
354.0011292,0.04908039421,354.0011292,0.07326506823,354.0011292,0.169192344,354.0011292,0.3964408636,354.0011292,0.9076737761,354.0011292,1.891345143,
353.5340271,0.04920263216,353.5340271,0.07454869151,353.5340271,0.1730858237,353.5340271,0.4069126248,353.5340271,0.929952085,353.5340271,1.930729151,
353.066864,0.04931365326,353.066864,0.07518617064,353.066864,0.1762675643,353.066864,0.4168725908,353.066864,0.9536775351,353.066864,1.98716259,
352.4439392,0.04922918975,352.4439392,0.07631342858,352.4439392,0.1818035394,352.4439392,0.4330666363,352.4439392,0.9909570813,352.4439392,2.040657759,
351.9767151,0.04925270379,351.9767151,0.07692241669,351.9767151,0.1840949357,351.9767151,0.4407964945,351.9767151,1.013953209,351.9767151,2.090337276,
351.5094604,0.04941382632,351.5094604,0.07815109193,351.5094604,0.1906428635,351.5094604,0.4584808052,351.5094604,1.061461568,351.5094604,2.234021902,
351.0421753,0.04935057089,351.0421753,0.07884782553,351.0421753,0.1945330948,351.0421753,0.468090564,351.0421753,1.081469893,351.0421753,2.3461833,
350.5748596,0.04932577536,350.5748596,0.07967957854,350.5748596,0.1969910413,350.5748596,0.478261441,350.5748596,1.106770635,350.5748596,2.304019928,
349.9517517,0.04951672256,349.9517517,0.08096845448,349.9517517,0.2040333003,349.9517517,0.4954925478,349.9517517,1.152240872,349.9517517,2.429143906,
349.4843445,0.04946748912,349.4843445,0.08157320321,349.4843445,0.2061967701,349.4843445,0.5027089715,349.4843445,1.167572498,349.4843445,2.494050264,
349.0169373,0.04949893802,349.0169373,0.0827530399,349.0169373,0.2119401395,349.0169373,0.5186367631,349.0169373,1.203824759,349.0169373,2.614203691,
348.5494995,0.04978005961,348.5494995,0.08345419914,348.5494995,0.2155580968,348.5494995,0.5278334022,348.5494995,1.228857517,348.5494995,2.655326366,
347.926178,0.04970534146,347.926178,0.0843218565,347.926178,0.2199547738,347.926178,0.540879488,347.926178,1.258513808,347.926178,2.817373037,
347.4586792,0.04983942956,347.4586792,0.08484908938,347.4586792,0.2234183997,347.4586792,0.5514780283,347.4586792,1.28106308,347.4586792,2.830592394,
346.9911194,0.04978333786,346.9911194,0.08557721972,346.9911194,0.2251573205,346.9911194,0.5554997921,346.9911194,1.299378633,346.9911194,2.930317402,
346.5235291,0.04966915026,346.5235291,0.08636119962,346.5235291,0.2298206389,346.5235291,0.5708396435,346.5235291,1.333665013,346.5235291,2.920868397,
346.0559387,0.04973715544,346.0559387,0.08713878691,346.0559387,0.2318041623,346.0559387,0.5776575208,346.0559387,1.348388195,346.0559387,2.92649579,
345.4324036,0.04979379103,345.4324036,0.08787587285,345.4324036,0.2363954484,345.4324036,0.5888075829,345.4324036,1.37550807,345.4324036,3.046200275,
344.9647217,0.04987296462,344.9647217,0.088357687,344.9647217,0.239244923,344.9647217,0.5960200429,344.9647217,1.39387393,344.9647217,3.067142725,
344.4970398,0.04979637265,344.4970398,0.08869729936,344.4970398,0.2404181659,344.4970398,0.6014451981,344.4970398,1.407570004,344.4970398,3.279816151,
344.0292969,0.04996673018,344.0292969,0.08960296214,344.0292969,0.2441910952,344.0292969,0.6110639572,344.0292969,1.434629917,344.0292969,3.368020058,
343.5615234,0.05008520931,343.5615234,0.09034150094,343.5615234,0.2467066497,343.5615234,0.6171407104,343.5615234,1.448149204,343.5615234,3.269865036,
342.9378052,0.05012445897,342.9378052,0.09058807045,342.9378052,0.2492175549,342.9378052,0.6246916056,342.9378052,1.46312809,342.9378052,3.027710915,
342.4699402,0.04993127286,342.4699402,0.09083758295,342.4699402,0.2509251833,342.4699402,0.6301639676,342.4699402,1.477348208,342.4699402,3.071542978,
342.0020752,0.0500190407,342.0020752,0.09121949971,342.0020752,0.2518979609,342.0020752,0.6338117123,342.0020752,1.485195398,342.0020752,3.088590622,
341.5341797,0.04971947521,341.5341797,0.09158145636,341.5341797,0.2550725937,341.5341797,0.6411579847,341.5341797,1.500610948,341.5341797,3.260389566,
341.0662842,0.05008968338,341.0662842,0.09228415787,341.0662842,0.2564879656,341.0662842,0.6452825665,341.0662842,1.51898706,341.0662842,3.921961069,
340.4423218,0.04991820455,340.4423218,0.09269253165,340.4423218,0.2583191693,340.4423218,0.6508927345,340.4423218,1.535080433,340.4423218,4.348715782,
339.9743347,0.05014043674,339.9743347,0.09295005351,339.9743347,0.2598331869,339.9743347,0.6538258195,339.9743347,1.537637115,339.9743347,3.979394197,
339.5063171,0.05000489578,339.5063171,0.09311354905,339.5063171,0.2600568533,339.5063171,0.6560867429,339.5063171,1.544524431,339.5063171,3.655942917,
339.038269,0.05009328574,339.038269,0.09335395694,339.038269,0.2616729438,339.038269,0.6606519818,339.038269,1.551739693,339.038269,10,
338.5701599,0.05003457889,338.5701599,0.0933701992,338.5701599,0.2627698481,338.5701599,0.6636743546,338.5701599,1.557399273,338.5701599,3.974967003,
337.9460144,0.04982250184,337.9460144,0.0935356468,337.9460144,0.2639834285,337.9460144,0.6665232778,337.9460144,1.570569634,337.9460144,10,
337.4778748,0.05020479858,337.4778748,0.09368760139,337.4778748,0.2641103268,337.4778748,0.6677336693,337.4778748,1.571593642,337.4778748,3.962261677,
337.0096741,0.04979341105,337.0096741,0.09389256686,337.0096741,0.264431715,337.0096741,0.6694066525,337.0096741,1.574311733,337.0096741,10,
336.5414734,0.04984770343,336.5414734,0.09375666082,336.5414734,0.2649856508,336.5414734,0.6703059673,336.5414734,1.575736523,336.5414734,4.376372337,
336.0732422,0.04992476478,336.0732422,0.0938199535,336.0732422,0.2652716935,336.0732422,0.671209991,336.0732422,1.577334881,336.0732422,10,
335.4488831,0.04983370751,335.4488831,0.09372319281,335.4488831,0.2653236687,335.4488831,0.6719059348,335.4488831,1.581872702,335.4488831,10,
334.9805603,0.04983472452,334.9805603,0.09400003403,334.9805603,0.2650415599,334.9805603,0.6709134579,334.9805603,1.581336617,334.9805603,4.781140804,
334.5122375,0.04984422028,334.5122375,0.09399440885,334.5122375,0.2653465271,334.5122375,0.6711070538,334.5122375,1.582335711,334.5122375,10,
334.0438843,0.04960556701,334.0438843,0.09383771569,334.0438843,0.2646840215,334.0438843,0.6695898771,334.0438843,1.576383591,334.0438843,4.815601349,
333.57547,0.04959523678,333.57547,0.09358779341,333.57547,0.2642077506,333.57547,0.668915391,333.57547,1.573928475,333.57547,10,
332.9509277,0.04957016557,332.9509277,0.09343891591,332.9509277,0.2636490762,332.9509277,0.666690886,332.9509277,1.5691154,332.9509277,10,
332.4824524,0.04960402846,332.4824524,0.09334962815,332.4824524,0.2630677521,332.4824524,0.6648895741,332.4824524,1.564048767,332.4824524,10,
332.0139771,0.04954202101,332.0139771,0.09335691482,332.0139771,0.2626442611,332.0139771,0.6639237404,332.0139771,1.563709617,332.0139771,4.434320927,
331.5454407,0.04948147386,331.5454407,0.09313561767,331.5454407,0.2612134218,331.5454407,0.6604245305,331.5454407,1.553977132,331.5454407,4.979166508,
331.0769043,0.04935573414,331.0769043,0.09293078631,331.0769043,0.2605652809,331.0769043,0.6575545669,331.0769043,1.546723485,331.0769043,10,
330.4521179,0.04961412773,330.4521179,0.09231457114,330.4521179,0.2590273321,330.4521179,0.6532958746,330.4521179,1.533386469,330.4521179,10,
329.9835205,0.04935022444,329.9835205,0.09209048003,329.9835205,0.2576696277,329.9835205,0.6497107148,329.9835205,1.526613235,329.9835205,4.274479866,
329.5148621,0.04925583303,329.5148621,0.09186653048,329.5148621,0.256729424,329.5148621,0.6469948292,329.5148621,1.520895123,329.5148621,4.996373653,
329.0462036,0.04916737974,329.0462036,0.09152325988,329.0462036,0.2549002171,329.0462036,0.6411010623,329.0462036,1.502141356,329.0462036,3.945954084,
328.5775146,0.04927589744,328.5775146,0.0910988003,328.5775146,0.2535477579,328.5775146,0.6376736164,328.5775146,1.497438669,328.5775146,3.463376284,
327.9525146,0.0490366891,327.9525146,0.09067890048,327.9525146,0.2517163754,327.9525146,0.6311410069,327.9525146,1.479609013,327.9525146,3.402700663,
327.4837646,0.04906013608,327.4837646,0.09039989859,327.4837646,0.2496631145,327.4837646,0.6264496446,327.4837646,1.467203259,327.4837646,3.383969784,
327.0149536,0.04907630756,327.0149536,0.09005567431,327.0149536,0.2484885305,327.0149536,0.6230947375,327.0149536,1.458734989,327.0149536,3.276185513,
326.5461426,0.04904477298,326.5461426,0.08956707269,326.5461426,0.2458384484,326.5461426,0.6155965328,326.5461426,1.4408319,326.5461426,3.463465452,
326.077301,0.04919950292,326.077301,0.08907387406,326.077301,0.244732812,326.077301,0.6118788719,326.077301,1.431892753,326.077301,3.237352371,
325.4521179,0.04904106632,325.4521179,0.08894785494,325.4521179,0.2423021197,325.4521179,0.6052232385,325.4521179,1.413577437,325.4521179,3.172477245,
324.9832153,0.04899493232,324.9832153,0.08828257024,324.9832153,0.2400000542,324.9832153,0.5993117094,324.9832153,1.398974895,324.9832153,3.141198635,
324.5142517,0.04910688475,324.5142517,0.08801010996,324.5142517,0.2388262749,324.5142517,0.5947980881,324.5142517,1.389806628,324.5142517,3.034437656,
324.0452881,0.04903277755,324.0452881,0.08750223368,324.0452881,0.2358561456,324.0452881,0.5865738988,324.0452881,1.370117664,324.0452881,2.953802824,
323.5762939,0.04912914708,323.5762939,0.08750122041,323.5762939,0.2344118208,323.5762939,0.5821393728,323.5762939,1.358705759,323.5762939,2.936968803,
322.9508972,0.04940872267,322.9508972,0.08710294217,322.9508972,0.2323480397,322.9508972,0.5755612254,322.9508972,1.341992378,322.9508972,2.892216206,
322.481842,0.04936417192,322.481842,0.08680931479,322.481842,0.2303072661,322.481842,0.5698142052,322.481842,1.326895595,322.481842,2.898492336,
322.0127563,0.04940008,322.0127563,0.08675500751,322.0127563,0.22917898,322.0127563,0.5662972927,322.0127563,1.320018768,322.0127563,2.908257008,
321.5436401,0.04947401583,321.5436401,0.08603862673,321.5436401,0.2260419428,321.5436401,0.557524085,321.5436401,1.294316649,321.5436401,2.859503269,
321.0744629,0.04940863326,321.0744629,0.08568223566,321.0744629,0.2245924473,321.0744629,0.5528457761,321.0744629,1.285965204,321.0744629,2.847414494,
320.4489136,0.04961058497,320.4489136,0.08531246334,320.4489136,0.2219893187,320.4489136,0.5452409387,320.4489136,1.265602946,320.4489136,2.700995445,
319.9796753,0.04966340214,319.9796753,0.08499617875,319.9796753,0.2199368179,319.9796753,0.5394750834,319.9796753,1.251945972,319.9796753,2.664469004,
319.510437,0.04981027916,319.510437,0.08496447653,319.510437,0.2189935148,319.510437,0.5354430079,319.510437,1.241839409,319.510437,2.657528877,
319.0411682,0.05027399212,319.0411682,0.08465074003,319.0411682,0.2166948169,319.0411682,0.5284218788,319.0411682,1.223551512,319.0411682,2.613852262,
318.5718689,0.05022752285,318.5718689,0.08447729051,318.5718689,0.2152793258,318.5718689,0.5246711373,318.5718689,1.212840676,318.5718689,2.614406824,
317.946106,0.05041755736,317.946106,0.08434565365,317.946106,0.2136166394,317.946106,0.5188359022,317.946106,1.197611451,317.946106,2.549575567,
317.4767456,0.05073799565,317.4767456,0.08439490944,317.4767456,0.2123451233,317.4767456,0.5141228437,317.4767456,1.186624646,317.4767456,2.533268452,
317.0073547,0.05093832314,317.0073547,0.08426826447,317.0073547,0.2115249634,317.0073547,0.5111980438,317.0073547,1.181136847,317.0073547,2.519554853,
316.5379333,0.05115502328,316.5379333,0.08424843103,316.5379333,0.2099375129,316.5379333,0.5063394904,316.5379333,1.166665792,316.5379333,2.454169512,
316.0684814,0.05142224208,316.0684814,0.08435649425,316.0684814,0.2091181129,316.0684814,0.5029764771,316.0684814,1.157951832,316.0684814,2.446207523,
315.4425354,0.05172644928,315.4425354,0.08481223881,315.4425354,0.2083542198,315.4425354,0.4989684224,315.4425354,1.147373557,315.4425354,2.459454298,
314.9730225,0.05229889229,314.9730225,0.08513846248,314.9730225,0.2080356777,314.9730225,0.4969949424,314.9730225,1.141266584,314.9730225,2.44917345,
314.503479,0.05256421492,314.503479,0.08539756387,314.503479,0.2077568471,314.503479,0.4957452416,314.503479,1.138469577,314.503479,2.419860363,
314.033905,0.05347040296,314.033905,0.08652011305,314.033905,0.2080847472,314.033905,0.4938344359,314.033905,1.131529927,314.033905,2.405116081,
313.5643311,0.0539659746,313.5643311,0.0869679451,313.5643311,0.2084574401,313.5643311,0.4929330945,313.5643311,1.127399802,313.5643311,2.41955924,
312.9381714,0.05471434444,312.9381714,0.08826055378,312.9381714,0.2091722935,312.9381714,0.4921602607,312.9381714,1.121625423,312.9381714,2.363723993,
312.4685059,0.05571390316,312.4685059,0.0888633579,312.4685059,0.2105243206,312.4685059,0.4925540388,312.4685059,1.11932981,312.4685059,2.350324154,
311.9988403,0.05599671975,311.9988403,0.08994860947,311.9988403,0.2109793872,311.9988403,0.4936409891,311.9988403,1.118870616,311.9988403,2.345604897,
311.5291138,0.05729175732,311.5291138,0.09191108495,311.5291138,0.2137459069,311.5291138,0.4950823486,311.5291138,1.121515036,311.5291138,2.328144789,
311.0593872,0.05883057415,311.0593872,0.09399113059,311.0593872,0.2159494013,311.0593872,0.4980600774,311.0593872,1.126061678,311.0593872,2.376725435,
310.4330444,0.06084526703,310.4330444,0.09669265151,310.4330444,0.2198256701,310.4330444,0.5025306344,310.4330444,1.129265666,310.4330444,2.379086256,
309.9632263,0.0623870343,309.9632263,0.09878638387,309.9632263,0.2230926007,309.9632263,0.5064832568,309.9632263,1.132577181,309.9632263,2.345754385,
309.4934082,0.06356277317,309.4934082,0.1009419262,309.4934082,0.2251118124,309.4934082,0.5096076727,309.4934082,1.135834575,309.4934082,2.354571581,
309.0235596,0.06683095545,309.0235596,0.1061119735,309.0235596,0.2325705588,309.0235596,0.518535018,309.0235596,1.152266383,309.0235596,2.400001049,
308.5536804,0.06889471412,308.5536804,0.1088930592,308.5536804,0.236930415,308.5536804,0.5250527859,308.5536804,1.157489777,308.5536804,2.408747196,
307.927124,0.07153684646,307.927124,0.1139279008,307.927124,0.2439693213,307.927124,0.5336262584,307.927124,1.171797633,307.927124,2.421335936,
307.4571838,0.07429468632,307.4571838,0.1176453233,307.4571838,0.2487126738,307.4571838,0.5410863757,307.4571838,1.182224751,307.4571838,2.44110322,
306.9872437,0.07541035861,306.9872437,0.1205613986,306.9872437,0.2527222037,306.9872437,0.5458343029,306.9872437,1.186774969,306.9872437,2.457636833,
306.5172424,0.07977615297,306.5172424,0.1269718409,306.5172424,0.2611439228,306.5172424,0.5593782663,306.5172424,1.203128338,306.5172424,2.470599174,
306.0472107,0.08219018579,306.0472107,0.1306145191,306.0472107,0.2659600675,306.0472107,0.5656362772,306.0472107,1.211002827,306.0472107,2.490403414,
305.577179,0.08377375454,305.577179,0.1337105334,305.577179,0.2715388834,305.577179,0.5733397007,305.577179,1.227906704,305.577179,2.516106367,
304.9504089,0.08785708249,304.9504089,0.1402311623,304.9504089,0.2805805504,304.9504089,0.5860154629,304.9504089,1.24406004,304.9504089,2.571051359,
304.4802856,0.08904336393,304.4802856,0.1423572898,304.4802856,0.2839645743,304.4802856,0.5905745029,304.4802856,1.253627658,304.4802856,2.572157383,
304.0101624,0.09148791432,304.0101624,0.146570459,304.0101624,0.2910334766,304.0101624,0.6023423672,304.0101624,1.268199444,304.0101624,2.588060856,
303.5400085,0.0927843526,303.5400085,0.148681879,303.5400085,0.293823272,303.5400085,0.6066558361,303.5400085,1.279751539,303.5400085,2.631115198,
303.0698242,0.09385416657,303.0698242,0.1505782008,303.0698242,0.296910733,303.0698242,0.6120049953,303.0698242,1.28736794,303.0698242,2.641262054,
302.4428406,0.09498773515,302.4428406,0.1528583914,302.4428406,0.3004941642,302.4428406,0.618239224,302.4428406,1.297993302,302.4428406,2.686520576,
301.9725952,0.09539960325,301.9725952,0.1534760296,301.9725952,0.3014397323,301.9725952,0.6203840375,301.9725952,1.302769423,301.9725952,2.678899765,
301.5023193,0.09604233503,301.5023193,0.1545730382,301.5023193,0.3035864532,301.5023193,0.6238424778,301.5023193,1.311182737,301.5023193,2.685861588,
301.0320435,0.09655234218,301.0320435,0.1552232206,301.0320435,0.3045961261,301.0320435,0.6261772513,301.0320435,1.314979553,301.0320435,2.678843737,
300.5617065,0.09693349898,300.5617065,0.155532226,300.5617065,0.3053857088,300.5617065,0.6272463799,300.5617065,1.316124082,300.5617065,2.728515387,
299.9345703,0.09748722613,299.9345703,0.1563179493,299.9345703,0.3065423667,299.9345703,0.6295005679,299.9345703,1.319746852,299.9345703,2.702706575,
299.4641724,0.09754862636,299.4641724,0.1569569558,299.4641724,0.3068971038,299.4641724,0.6298597455,299.4641724,1.320487976,299.4641724,2.738591433,
298.9937439,0.0985962823,298.9937439,0.1583799571,298.9937439,0.3088905513,298.9937439,0.6322918534,298.9937439,1.327133536,298.9937439,2.841180563,
298.5233154,0.09925300628,298.5233154,0.1588949859,298.5233154,0.309448272,298.5233154,0.6322831511,298.5233154,1.325904012,298.5233154,2.856901646,
298.0528564,0.09915477037,298.0528564,0.1586372852,298.0528564,0.3091662526,298.0528564,0.6304575801,298.0528564,1.317599535,298.0528564,2.678799868,
297.4255371,0.1001283973,297.4255371,0.1599358618,297.4255371,0.3102679849,297.4255371,0.6299498677,297.4255371,1.311220527,297.4255371,2.652430058,
296.9549866,0.1001290157,296.9549866,0.1605840474,296.9549866,0.3104107976,296.9549866,0.6289607882,296.9549866,1.310219049,296.9549866,2.641807556,
296.484436,0.1013859287,296.484436,0.1616836935,296.484436,0.3110357225,296.484436,0.6277672052,296.484436,1.301789284,296.484436,2.626019716,
296.0138855,0.1020949557,296.0138855,0.1629354954,296.0138855,0.3115262687,296.0138855,0.6265012622,296.0138855,1.297856688,296.0138855,2.630219698,
295.5432739,0.1026675105,295.5432739,0.1629873663,295.5432739,0.3107412457,295.5432739,0.6244496107,295.5432739,1.289993167,295.5432739,2.601867914,
295.0726318,0.1042010114,295.0726318,0.1645528674,295.0726318,0.3114882112,295.0726318,0.6226220727,295.0726318,1.284021735,295.0726318,2.671905756,
294.4450989,0.1049702615,294.4450989,0.1653264463,294.4450989,0.311021328,294.4450989,0.61964643,294.4450989,1.274991274,294.4450989,2.622504711,
293.9744263,0.1053811833,293.9744263,0.1647650748,293.9744263,0.3092757761,293.9744263,0.6134616137,293.9744263,1.25581193,293.9744263,2.511185408,
293.5036926,0.1056743413,293.5036926,0.1654888242,293.5036926,0.3086150289,293.5036926,0.6095627546,293.5036926,1.245897532,293.5036926,2.478018761,
293.032959,0.1057801098,293.032959,0.1655127257,293.032959,0.3075020611,293.032959,0.6057551503,293.032959,1.235920072,293.032959,2.46918273,
292.5621948,0.1060178578,292.5621948,0.1651466787,292.5621948,0.3054690361,292.5621948,0.5989539623,292.5621948,1.21837914,292.5621948,2.426491737,
291.9344788,0.1062108725,291.9344788,0.1647112817,291.9344788,0.3035289049,291.9344788,0.5935055017,291.9344788,1.204720259,291.9344788,2.384747028,
291.4636536,0.1059480086,291.4636536,0.1637062728,291.4636536,0.2998010516,291.4636536,0.5836548209,291.4636536,1.181106687,291.4636536,2.332788467,
290.9927979,0.1057844982,290.9927979,0.1630065739,290.9927979,0.2975894511,290.9927979,0.5772769451,290.9927979,1.167742968,290.9927979,2.300544739,
290.5219116,0.1060069799,290.5219116,0.1622163951,290.5219116,0.2952102423,290.5219116,0.5716384053,290.5219116,1.153011799,290.5219116,2.272708654,
290.0510254,0.1055258885,290.0510254,0.1611498594,290.0510254,0.2917604148,290.0510254,0.5624253154,290.0510254,1.13354516,290.0510254,2.230901957,
289.4231262,0.1052194387,289.4231262,0.159985587,289.4231262,0.2885803878,289.4231262,0.5548993945,289.4231262,1.117021561,289.4231262,2.186091423,
288.952179,0.1046535969,288.952179,0.1578992754,288.952179,0.282966435,288.952179,0.5421099663,288.952179,1.086927533,288.952179,2.129417181,
288.4811707,0.1042531729,288.4811707,0.156560123,288.4811707,0.2795597613,288.4811707,0.5344961286,288.4811707,1.06944263,288.4811707,2.091159344,
288.0101624,0.1038003117,288.0101624,0.1554620564,288.0101624,0.2766507864,288.0101624,0.5260569453,288.0101624,1.051414609,288.0101624,2.054991961,
287.5391541,0.1033413932,287.5391541,0.1537009627,287.5391541,0.272164166,287.5391541,0.5150741935,287.5391541,1.024779797,287.5391541,1.994102359,
287.0680847,0.1029801369,287.0680847,0.1527872533,287.0680847,0.2695118785,287.0680847,0.5082010031,287.0680847,1.009077907,287.0680847,1.96021533,
286.4399719,0.1026568189,286.4399719,0.1513320953,286.4399719,0.2640083134,286.4399719,0.4943197668,286.4399719,0.9746624231,286.4399719,1.890330911,
285.9688721,0.1027955338,285.9688721,0.1505437791,285.9688721,0.2615176141,285.9688721,0.4870550632,285.9688721,0.9602071643,285.9688721,1.851041913,
285.4977112,0.1027970091,285.4977112,0.1498974264,285.4977112,0.2589900792,285.4977112,0.4801120758,285.4977112,0.9428990483,285.4977112,1.819132566,
285.0265503,0.1028663218,285.0265503,0.1489225328,285.0265503,0.2550384998,285.0265503,0.4692192972,285.0265503,0.9151461124,285.0265503,1.760110378,
284.5553589,0.1028731093,284.5553589,0.1484437883,284.5553589,0.2527656555,284.5553589,0.4622900188,284.5553589,0.9008138776,284.5553589,1.721026897,
283.927063,0.1031941921,283.927063,0.1474036723,283.927063,0.2476228625,283.927063,0.4480390549,283.927063,0.8655899763,283.927063,1.652867675,
283.4558105,0.1030148864,283.4558105,0.1468515843,283.4558105,0.2449458688,283.4558105,0.4398930371,283.4558105,0.8466143012,283.4558105,1.610363483,
282.9845581,0.1031843424,282.9845581,0.1463145167,282.9845581,0.2421845943,282.9845581,0.4318488836,282.9845581,0.828810513,282.9845581,1.569126844,
282.5132446,0.1030714288,282.5132446,0.1454481781,282.5132446,0.2386369109,282.5132446,0.4222887754,282.5132446,0.801558733,282.5132446,1.51248157,
282.0419312,0.1031137332,282.0419312,0.1455554068,282.0419312,0.2368841469,282.0419312,0.417219311,282.0419312,0.7895040512,282.0419312,1.485262871,
281.5705872,0.1032206565,281.5705872,0.1452426314,281.5705872,0.2345247269,281.5705872,0.408562541,281.5705872,0.7689777613,281.5705872,1.440019846,
280.9421082,0.1041351408,280.9421082,0.1450439394,280.9421082,0.2313839346,280.9421082,0.398556143,280.9421082,0.7404217124,280.9421082,1.379524469,
280.4707031,0.1047250479,280.4707031,0.1448943764,280.4707031,0.2296427935,280.4707031,0.3922996223,280.4707031,0.7259155512,280.4707031,1.341595292,
279.9992676,0.1050894111,279.9992676,0.1451193541,279.9992676,0.2272380143,279.9992676,0.3823421299,279.9992676,0.6983984113,279.9992676,1.289704323,
279.527832,0.1056848094,279.527832,0.1455310136,279.527832,0.2260388881,279.527832,0.3770162463,279.527832,0.6842433214,279.527832,1.25790441,
279.0563354,0.1065753847,279.0563354,0.1459083855,279.0563354,0.2242693752,279.0563354,0.3698840141,279.0563354,0.6631494761,279.0563354,1.207156658,
278.4276733,0.1076771095,278.4276733,0.1470323354,278.4276733,0.2226503342,278.4276733,0.3608349562,278.4276733,0.6383569837,278.4276733,1.146844983,
277.9561462,0.1085911393,277.9561462,0.1480968148,277.9561462,0.2221180797,277.9561462,0.3560060561,277.9561462,0.6237641573,277.9561462,1.115199089,
277.4845886,0.1100531742,277.4845886,0.1497121155,277.4845886,0.2214599252,277.4845886,0.3503427207,277.4845886,0.6026367545,277.4845886,1.073020101,
277.0130005,0.1108100489,277.0130005,0.1505582035,277.0130005,0.2219254971,277.0130005,0.3470744491,277.0130005,0.5935316682,277.0130005,1.051077843,
276.5414124,0.1127813607,276.5414124,0.1523526311,276.5414124,0.2225417346,276.5414124,0.3427220583,276.5414124,0.5770831108,276.5414124,1.01185143,
276.0697632,0.1145644933,276.0697632,0.1556775719,276.0697632,0.2232597321,276.0697632,0.3392711878,276.0697632,0.5643513203,276.0697632,0.9733695984,
275.440918,0.1169837341,275.440918,0.1579124182,275.440918,0.2250686437,275.440918,0.3363817036,275.440918,0.5487783551,275.440918,0.9370321035,
274.9692078,0.119541198,274.9692078,0.1616160572,274.9692078,0.2278915495,274.9692078,0.3341954947,274.9692078,0.5341490507,274.9692078,0.8967998028,
274.4975281,0.1216525361,274.4975281,0.1646618098,274.4975281,0.2296311557,274.4975281,0.3329744041,274.4975281,0.5253489017,274.4975281,0.8723480701,
274.0257874,0.1244786233,274.0257874,0.1687255353,274.0257874,0.2331645489,274.0257874,0.3318590522,274.0257874,0.5120282173,274.0257874,0.8375566602,
273.5540161,0.1269588768,273.5540161,0.172457546,273.5540161,0.2360829115,273.5540161,0.3314811885,273.5540161,0.5026367307,273.5540161,0.8046232462,
272.9249878,0.1306295991,272.9249878,0.1766617447,272.9249878,0.240222156,272.9249878,0.3317252994,272.9249878,0.4918864369,272.9249878,0.7758589387,
272.453186,0.1340729147,272.453186,0.1825065762,272.453186,0.2452541143,272.453186,0.3333578408,272.453186,0.4831381142,272.453186,0.747625649,
271.9813538,0.1362380981,271.9813538,0.186129421,271.9813538,0.247876972,271.9813538,0.3339070678,271.9813538,0.4771717489,271.9813538,0.7283506393,
271.509491,0.1386154145,271.509491,0.1885498017,271.509491,0.2523555458,271.509491,0.3337133527,271.509491,0.4684869051,271.509491,0.7033954859,
271.0375977,0.1418856829,271.0375977,0.1934321225,271.0375977,0.2544973195,271.0375977,0.3354660571,271.0375977,0.4632216394,271.0375977,0.685103476,
270.5657043,0.1432626247,270.5657043,0.1959419996,270.5657043,0.257755518,270.5657043,0.3360335231,270.5657043,0.459517628,270.5657043,0.6726546288,
269.9364624,0.1486531496,269.9364624,0.2038575113,269.9364624,0.2653406858,269.9364624,0.339399308,269.9364624,0.4489644468,269.9364624,0.6343810558,
269.4645081,0.1503021866,269.4645081,0.2071209997,269.4645081,0.2679472268,269.4645081,0.3404217064,269.4645081,0.4447675645,269.4645081,0.6197180152,
268.9925232,0.1533610821,268.9925232,0.211403653,268.9925232,0.2725481987,268.9925232,0.3420678973,268.9925232,0.4377457798,268.9925232,0.5949340463,
268.5205078,0.1555896699,268.5205078,0.214944765,268.5205078,0.2760080099,268.5205078,0.3427618146,268.5205078,0.4319907725,268.5205078,0.5766777396,
268.0484924,0.1573832929,268.0484924,0.217086941,268.0484924,0.2780582905,268.0484924,0.3433510363,268.0484924,0.428612709,268.0484924,0.5634567142,
267.5764465,0.1600768119,267.5764465,0.2209034115,267.5764465,0.2810922861,267.5764465,0.3437353969,267.5764465,0.4209654629,267.5764465,0.5402833819,
266.946991,0.1612567902,266.946991,0.2228316069,266.946991,0.2831496298,266.946991,0.3436567485,266.946991,0.4155564904,266.946991,0.5246796608,
266.4749146,0.1627771556,266.4749146,0.2247086465,266.4749146,0.2851303518,266.4749146,0.3435468674,266.4749146,0.4097820222,266.4749146,0.5089175105,
266.0027771,0.1640371978,266.0027771,0.2257985473,266.0027771,0.2861607075,266.0027771,0.343159318,266.0027771,0.4041514397,266.0027771,0.4929985702,
265.5306091,0.1647127569,265.5306091,0.2268487215,265.5306091,0.2869575918,265.5306091,0.3425247967,265.5306091,0.4012791812,265.5306091,0.4849177301,
265.0584412,0.1657340974,265.0584412,0.2285430878,265.0584412,0.287943691,265.0584412,0.3404423594,265.0584412,0.3920824528,265.0584412,0.4617009163,
264.428833,0.16593045,264.428833,0.2290364504,264.428833,0.2877327204,264.428833,0.3388718069,264.428833,0.3868292868,264.428833,0.4464583397,
263.956604,0.1658150405,263.956604,0.229181841,263.956604,0.2871125042,263.956604,0.3365536928,263.956604,0.3793677688,263.956604,0.4314991832,
263.484375,0.1654050499,263.484375,0.2291190475,263.484375,0.2863512933,263.484375,0.3339693844,263.484375,0.3724883199,263.484375,0.4170416296,
263.012085,0.1650862843,263.012085,0.2288251668,263.012085,0.2857764363,263.012085,0.3322042823,263.012085,0.3692196608,263.012085,0.4088932872,
262.5397949,0.1644904017,262.5397949,0.2279622108,262.5397949,0.2841622829,262.5397949,0.3288292587,262.5397949,0.3610555828,262.5397949,0.3936383426,
262.0674744,0.1640347093,262.0674744,0.2274826169,262.0674744,0.283095479,262.0674744,0.3266052902,262.0674744,0.3567661345,262.0674744,0.3848284185,
261.4376831,0.1629701853,261.4376831,0.2260838896,261.4376831,0.2806525826,261.4376831,0.3226220608,261.4376831,0.3487001061,261.4376831,0.3695870936,
260.9653015,0.1625810862,260.9653015,0.2253684849,260.9653015,0.2794562876,260.9653015,0.3202333748,260.9653015,0.3433159292,260.9653015,0.3585114479,
260.4929199,0.1619842947,260.4929199,0.2245770395,260.4929199,0.2782463133,260.4929199,0.3181096017,260.4929199,0.3400246799,260.4929199,0.3518507183,
260.0205078,0.1611103266,260.0205078,0.2231366485,260.0205078,0.2758420706,260.0205078,0.3142979443,260.0205078,0.3338115811,260.0205078,0.3419296443,
259.5480652,0.160522595,259.5480652,0.2223823518,259.5480652,0.2746748924,259.5480652,0.3123548031,259.5480652,0.3306378424,259.5480652,0.336658299,
259.075592,0.1595487893,259.075592,0.2204060107,259.075592,0.2717555463,259.075592,0.3081278503,259.075592,0.3257415593,259.075592,0.3297643065,
258.4456177,0.1577492356,258.4456177,0.2179272026,258.4456177,0.2685534358,258.4456177,0.3044131994,258.4456177,0.319965601,258.4456177,0.3210683763,
257.9730835,0.1567442864,257.9730835,0.2166996449,257.9730835,0.2667972147,257.9730835,0.3023347855,257.9730835,0.3173888028,257.9730835,0.3180004954,
257.5005493,0.1545789987,257.5005493,0.2134667188,257.5005493,0.2629140019,257.5005493,0.2978059351,257.5005493,0.3130083978,257.5005493,0.3137817383,
257.0280151,0.153398633,257.0280151,0.2118027806,257.0280151,0.2608222365,257.0280151,0.2955375016,257.0280151,0.311265409,257.0280151,0.3129121959,
256.5554199,0.1522104591,256.5554199,0.210052371,256.5554199,0.258764565,256.5554199,0.2936979532,256.5554199,0.3100878894,256.5554199,0.3135842979,
255.9252777,0.1491463333,255.9252777,0.2058521211,255.9252777,0.2537052929,255.9252777,0.2897873223,255.9252777,0.3105234206,255.9252777,0.3219293356,
255.4526367,0.147885859,255.4526367,0.2038842589,255.4526367,0.2520338595,255.4526367,0.2887347043,255.4526367,0.3118358254,255.4526367,0.3286921978,
254.9799805,0.1448884606,254.9799805,0.1996946484,254.9799805,0.248102963,254.9799805,0.2880074978,254.9799805,0.3185094893,254.9799805,0.3497858644,
254.507309,0.1429252774,254.507309,0.1972019076,254.507309,0.2461030185,254.507309,0.2890382409,254.507309,0.3254513741,254.507309,0.3706162274,
254.0346069,0.1412035227,254.0346069,0.1948147863,254.0346069,0.2444418967,254.0346069,0.2907315493,254.0346069,0.336681664,254.0346069,0.4000814557,
253.5618896,0.1380656213,253.5618896,0.190987736,253.5618896,0.2429874837,253.5618896,0.2963184118,253.5618896,0.3591718972,253.5618896,0.4498208463,
252.9315643,0.135885343,252.9315643,0.188147679,252.9315643,0.2423985451,252.9315643,0.3033894897,252.9315643,0.3851525187,252.9315643,0.5113364458,
252.458786,0.132618621,252.458786,0.1847647727,252.458786,0.2434676439,252.458786,0.3156223595,252.458786,0.4234552979,252.458786,0.6064055562,
251.9859924,0.1312085986,251.9859924,0.1833136231,251.9859924,0.2444555759,251.9859924,0.3240094185,251.9859924,0.4498382807,251.9859924,0.6608310938,
251.5131683,0.1298431754,251.5131683,0.1819995046,251.5131683,0.2461411655,251.5131683,0.3358110189,251.5131683,0.4752855003,251.5131683,0.7370817065,
251.040329,0.1270241737,251.040329,0.1797972322,251.040329,0.251558274,251.040329,0.357922852,251.040329,0.5469189286,251.040329,0.8778112531,
250.5674744,0.1250899434,250.5674744,0.1784521937,250.5674744,0.2552042603,250.5674744,0.3735607266,250.5674744,0.5980244279,250.5674744,0.9940476418,
249.9373322,0.1208050177,249.9373322,0.1754505038,249.9373322,0.265465945,249.9373322,0.4231080413,249.9373322,0.7260532975,249.9373322,1.260265589,
249.4672546,0.1189213023,249.4672546,0.1740952581,249.4672546,0.2706359327,249.4672546,0.4482848644,249.4672546,0.7844317555,249.4672546,1.394899607,
248.9971313,0.1174509302,248.9971313,0.1733870506,248.9971313,0.2770451307,248.9971313,0.4671489596,248.9971313,0.8474748135,248.9971313,1.518235445,
248.5270081,0.1147085503,248.5270081,0.1716147363,248.5270081,0.2846684754,248.5270081,0.5029121041,248.5270081,0.9397242069,248.5270081,1.720528722,
248.0568542,0.112796329,248.0568542,0.1705860943,248.0568542,0.2884044349,248.0568542,0.5250312686,248.0568542,0.9931688905,248.0568542,1.87431407,
247.4299469,0.1096021608,247.4299469,0.1679192185,247.4299469,0.2967324555,247.4299469,0.5552672744,247.4299469,1.089054465,247.4299469,2.083881378,
246.9597321,0.1084009483,246.9597321,0.1668687016,246.9597321,0.2987986207,246.9597321,0.5669926405,246.9597321,1.119501472,246.9597321,2.148855925,
246.4895172,0.1072459221,246.4895172,0.1658476144,246.4895172,0.3010939658,246.4895172,0.5758618712,246.4895172,1.150427938,246.4895172,2.249035358,
246.0192719,0.1055010036,246.0192719,0.16437383,246.0192719,0.3043276668,246.0192719,0.5949522853,246.0192719,1.200879216,246.0192719,2.355028868,
245.548996,0.1042263806,245.548996,0.1630574465,245.548996,0.3065424263,245.548996,0.6040913463,245.548996,1.2342453,245.548996,2.455949783,
244.921936,0.1004357785,244.921936,0.1591959,244.921936,0.3088006675,244.921936,0.6267538667,244.921936,1.294932723,244.921936,2.564471245,
244.4516296,0.09944151342,244.4516296,0.157792151,244.4516296,0.3100799024,244.4516296,0.636510551,244.4516296,1.326683998,244.4516296,2.62367487,
243.9812927,0.09839003533,243.9812927,0.1568713188,243.9812927,0.3119125366,243.9812927,0.6451194882,243.9812927,1.351075888,243.9812927,2.889837027,
243.5109253,0.09675420076,243.5109253,0.154903084,243.5109253,0.3134354949,243.5109253,0.6552294493,243.5109253,1.393504381,243.5109253,2.917411566,
243.0405426,0.09589846432,243.0405426,0.1539170444,243.0405426,0.3141872883,243.0405426,0.6613711119,243.0405426,1.405352831,243.0405426,2.980453491,
242.5701447,0.09492379427,242.5701447,0.1527682245,242.5701447,0.3148927391,242.5701447,0.6684755087,242.5701447,1.427507043,242.5701447,2.982090712,
241.9429169,0.09433620423,241.9429169,0.1520422101,241.9429169,0.315728724,241.9429169,0.6732305884,241.9429169,1.443530798,241.9429169,3.080464125,
241.4724579,0.09296458215,241.4724579,0.1501874775,241.4724579,0.3143791854,241.4724579,0.674282372,241.4724579,1.446479082,241.4724579,2.945310593,
241.0019989,0.09325191379,241.0019989,0.1506364495,241.0019989,0.3163116872,241.0019989,0.6803309917,241.0019989,1.460031986,241.0019989,2.994927168,
240.5314941,0.09363763034,240.5314941,0.1504711807,240.5314941,0.3163741231,240.5314941,0.6814023256,240.5314941,1.465785861,240.5314941,3.003798008,
240.0609894,0.09395565093,240.0609894,0.150256291,240.0609894,0.3160603642,240.0609894,0.6820337176,240.0609894,1.470086694,240.0609894,3.081145525,
239.433609,0.09413932264,239.433609,0.1503700167,239.433609,0.3155275583,239.433609,0.6798875928,239.433609,1.465417147,239.433609,3.05949378,
238.9630432,0.09484843165,238.9630432,0.1508366168,238.9630432,0.3147378862,238.9630432,0.6772561073,238.9630432,1.458873153,238.9630432,3.034276009,
238.4924622,0.09538906068,238.4924622,0.150951162,238.4924622,0.3123005331,238.4924622,0.6691870689,238.4924622,1.437244296,238.4924622,2.901843786,
238.0218658,0.09684720635,238.0218658,0.1517111361,238.0218658,0.3113905787,238.0218658,0.6646642089,238.0218658,1.424054861,238.0218658,2.853981256,
237.551239,0.09812939167,237.551239,0.1526457071,237.551239,0.3100683689,237.551239,0.6568500996,237.551239,1.403339863,237.551239,2.877426147,
236.9237213,0.1000645384,236.9237213,0.1545267403,236.9237213,0.308282882,236.9237213,0.646921277,236.9237213,1.373677015,236.9237213,2.748784065,
236.4530487,0.1018367335,236.4530487,0.1566391289,236.4530487,0.3079418242,236.4530487,0.6419602036,236.4530487,1.359900355,236.4530487,2.853954077,
235.9823608,0.1046956927,235.9823608,0.1595058143,235.9823608,0.3071015179,235.9823608,0.6321985722,235.9823608,1.329972386,235.9823608,2.763964891,
235.5116425,0.1062874049,235.5116425,0.161438033,235.5116425,0.306917578,235.5116425,0.6268854141,235.5116425,1.311429739,235.5116425,2.695111036,
235.0409088,0.1096580103,235.0409088,0.1651364118,235.0409088,0.3070129752,235.0409088,0.6166285872,235.0409088,1.276499629,235.0409088,2.587756157,
234.5701599,0.1130507439,234.5701599,0.1680787504,234.5701599,0.3068187833,234.5701599,0.6080368757,234.5701599,1.247597456,234.5701599,2.458236933,
233.9424744,0.1166046858,233.9424744,0.1726843119,233.9424744,0.3078387976,233.9424744,0.600240171,233.9424744,1.220505595,233.9424744,2.408574104,
233.4716644,0.1213981658,233.4716644,0.1774398535,233.4716644,0.3098102808,233.4716644,0.5928857923,233.4716644,1.186848164,233.4716644,2.327068567,
233.0008545,0.1247842386,233.0008545,0.182575196,233.0008545,0.3121734262,233.0008545,0.5875178576,233.0008545,1.167725325,233.0008545,2.251985788,
232.530014,0.1303852648,232.530014,0.1895876229,232.530014,0.3157570362,232.530014,0.579628706,232.530014,1.132052898,232.530014,2.173424482,
232.0591583,0.1344522834,232.0591583,0.1944526434,232.0591583,0.3185866177,232.0591583,0.5743358731,232.0591583,1.104376554,232.0591583,2.104533672,
231.4313202,0.1396880746,231.4313202,0.2007446736,231.4313202,0.3212426603,231.4313202,0.5683736205,231.4313202,1.078398824,231.4313202,2.035025358,
230.9604034,0.1442010999,230.9604034,0.2066466659,230.9604034,0.3249905705,230.9604034,0.5628959537,230.9604034,1.051374078,230.9604034,1.958934307,
230.4894867,0.148308605,230.4894867,0.211450696,230.4894867,0.3277543783,230.4894867,0.5601087213,230.4894867,1.032026649,230.4894867,1.918946266,
230.0185394,0.1547457874,230.0185394,0.2190468311,230.0185394,0.3327127993,230.0185394,0.556370914,230.0185394,1.007263303,230.0185394,1.855258107,
229.5475769,0.1586594433,229.5475769,0.2257086039,229.5475769,0.3368338346,229.5475769,0.55408144,229.5475769,0.9890051484,229.5475769,1.798474073,
229.0765991,0.1607310921,229.0765991,0.2284874916,229.0765991,0.3384733498,229.0765991,0.5514534116,229.0765991,0.9770175219,229.0765991,1.764169931,
228.4485779,0.1677870899,228.4485779,0.2366716415,228.4485779,0.3457503915,228.4485779,0.5518735051,228.4485779,0.9597688913,228.4485779,1.708848834,
227.9775543,0.1748619229,227.9775543,0.2447111607,227.9775543,0.3527241349,227.9775543,0.554449439,227.9775543,0.9513451457,227.9775543,1.685004115,
227.5065002,0.1788362563,227.5065002,0.2492913902,227.5065002,0.3589120507,227.5065002,0.5590741038,227.5065002,0.9482794404,227.5065002,1.667766213,
227.0354309,0.1838148832,227.0354309,0.2546474934,227.0354309,0.366866082,227.0354309,0.5628075004,227.0354309,0.9470171332,227.0354309,1.647398114,
226.5643463,0.1865275651,226.5643463,0.2587670386,226.5643463,0.3714980185,226.5643463,0.5679582357,226.5643463,0.9489640594,226.5643463,1.645475149,
225.936203,0.1930882037,225.936203,0.2693080008,225.936203,0.383246392,225.936203,0.5805299878,225.936203,0.963182807,225.936203,1.659605145,
225.4650726,0.1951207221,225.4650726,0.2718875706,225.4650726,0.385895133,225.4650726,0.5875490308,225.4650726,0.9683893919,225.4650726,1.661401629,
224.9939117,0.1997008771,224.9939117,0.2785220444,224.9939117,0.3953844011,224.9939117,0.5964652896,224.9939117,0.9818270206,224.9939117,1.680772543,
224.5227356,0.2049963921,224.5227356,0.2842992842,224.5227356,0.4012365937,224.5227356,0.6063959599,224.5227356,0.993411839,224.5227356,1.696510553,
224.0515442,0.2064295113,224.0515442,0.2869808972,224.0515442,0.4054558277,224.0515442,0.6092244983,224.0515442,1.00072062,224.0515442,1.707613111,
223.4232635,0.2122174948,223.4232635,0.2933301628,223.4232635,0.4141992033,223.4232635,0.6200886369,223.4232635,1.010502577,223.4232635,1.721226215,
222.9520264,0.2143160403,222.9520264,0.2974973619,222.9520264,0.4167410731,222.9520264,0.6221271753,222.9520264,1.012252212,222.9520264,1.720172524,
222.4807739,0.2169796675,222.4807739,0.2997742295,222.4807739,0.4210123122,222.4807739,0.62537992,222.4807739,1.01269424,222.4807739,1.713092089,
222.009491,0.218816787,222.009491,0.3017642796,222.009491,0.423358202,222.009491,0.6277840137,222.009491,1.012826324,222.009491,1.712583303,
221.538208,0.2194196284,221.538208,0.304330498,221.538208,0.4247322381,221.538208,0.6287227869,221.538208,1.013470888,221.538208,1.710614324,
221.0668945,0.2226749361,221.0668945,0.3068333566,221.0668945,0.4293656945,221.0668945,0.635237515,221.0668945,1.020332694,221.0668945,1.722544789,
220.438446,0.2247288376,220.438446,0.3096582592,220.438446,0.4330229461,220.438446,0.6397742033,220.438446,1.028475285,220.438446,1.746951461,
219.9670868,0.2260098904,219.9670868,0.3119878769,219.9670868,0.4378336966,219.9670868,0.6487804055,219.9670868,1.045414448,219.9670868,1.771089554,
219.4957123,0.2271258533,219.4957123,0.3124195933,219.4957123,0.4405321479,219.4957123,0.6539095044,219.4957123,1.059917212,219.4957123,1.784417987,
219.0243073,0.2290359288,219.0243073,0.3154958487,219.0243073,0.4436983168,219.0243073,0.6632763743,219.0243073,1.086638093,219.0243073,1.813359141,
218.5529022,0.2327246517,218.5529022,0.3221166134,218.5529022,0.4572061598,218.5529022,0.6876792312,218.5529022,1.124588132,218.5529022,1.939178705,
217.9243164,0.2333078235,217.9243164,0.3251143694,217.9243164,0.4654563665,217.9243164,0.7009174824,217.9243164,1.166858077,217.9243164,1.989642739,
217.4528656,0.2368522137,217.4528656,0.3306435049,217.4528656,0.4738737941,217.4528656,0.7223932743,217.4528656,1.206870556,217.4528656,2.066943645,
216.9813843,0.2398779839,216.9813843,0.3345877528,216.9813843,0.4822041392,216.9813843,0.7412974238,216.9813843,1.245288134,216.9813843,2.15392065,
216.5098877,0.2416942865,216.5098877,0.3378451765,216.5098877,0.4908274412,216.5098877,0.7530828118,216.5098877,1.271159172,216.5098877,2.209591389,
216.0383759,0.2469805181,216.0383759,0.3476606607,216.0383759,0.5080147982,216.0383759,0.7881127,216.0383759,1.338770509,216.0383759,2.331722975,
215.5668335,0.250895232,215.5668335,0.3540414572,215.5668335,0.520929575,215.5668335,0.8083721995,215.5668335,1.37567687,215.5668335,2.426129818,
214.9380951,0.2587495148,214.9380951,0.3648897111,214.9380951,0.5374119878,214.9380951,0.8444978595,214.9380951,1.438646436,214.9380951,2.555781841,
214.4665222,0.2618304193,214.4665222,0.371804595,214.4665222,0.5500405431,214.4665222,0.8727203608,214.4665222,1.49240303,214.4665222,2.635571003,
213.9949341,0.2644982636,213.9949341,0.3728750348,213.9949341,0.5596587062,213.9949341,0.8858715892,213.9949341,1.514698386,213.9949341,2.680851936,
213.5233154,0.2707642019,213.5233154,0.3860449791,213.5233154,0.5730083585,213.5233154,0.9116342664,213.5233154,1.57122004,213.5233154,2.814361572,
213.0516815,0.2734496593,213.0516815,0.3895780146,213.0516815,0.5805132389,213.0516815,0.9240942597,213.0516815,1.586636424,213.0516815,2.980601549,
212.422821,0.279848218,212.422821,0.3972224891,212.422821,0.5931960344,212.422821,0.9402083158,212.422821,1.622284651,212.422821,2.994452477,
211.9511414,0.2816827297,211.9511414,0.4009355009,211.9511414,0.6015059352,211.9511414,0.9538521171,211.9511414,1.643446445,211.9511414,2.957244635,
211.4794464,0.2844991386,211.4794464,0.4033940434,211.4794464,0.6031358838,211.4794464,0.9591350555,211.4794464,1.662518501,211.4794464,3.049187183,
211.0077362,0.2892081439,211.0077362,0.4108783305,211.0077362,0.612008214,211.0077362,0.9720112681,211.0077362,1.681203485,211.0077362,3.068861008,
210.5360107,0.2937447429,210.5360107,0.4130247831,210.5360107,0.614759624,210.5360107,0.9764512777,210.5360107,1.689884543,210.5360107,3.149638891,
210.06427,0.2958860695,210.06427,0.4173837304,210.06427,0.6207451224,210.06427,0.9819643497,210.06427,1.696681023,210.06427,3.107955694,
209.4352417,0.3002195358,209.4352417,0.4215971529,209.4352417,0.6264312267,209.4352417,0.989798069,209.4352417,1.708195567,209.4352417,3.236176968,
208.9634552,0.3037131727,208.9634552,0.4241411686,208.9634552,0.6283486485,208.9634552,0.9913417697,208.9634552,1.708718181,208.9634552,3.179455757,
208.4916534,0.3099880219,208.4916534,0.4313296974,208.4916534,0.6339844465,208.4916534,0.9955375791,208.4916534,1.713266373,208.4916534,3.307672262,
208.0198212,0.3142267168,208.0198212,0.4330931604,208.0198212,0.6376792789,208.0198212,0.9960125685,208.0198212,1.708447337,208.0198212,3.083888769,
207.5479889,0.3177210987,207.5479889,0.4391342103,207.5479889,0.6397997737,207.5479889,0.999661386,207.5479889,1.716894388,207.5479889,3.604004145,
207.0761261,0.3224477172,207.0761261,0.4415592551,207.0761261,0.6407418847,207.0761261,0.9952155352,207.0761261,1.704868555,207.0761261,3.4833529,
206.4469452,0.3254646957,206.4469452,0.442366302,206.4469452,0.6386339068,206.4469452,0.9887705445,206.4469452,1.682533026,206.4469452,2.974254847,
205.9750519,0.3304613233,205.9750519,0.4448095262,205.9750519,0.6382130384,205.9750519,0.9809706807,205.9750519,1.664349675,205.9750519,2.989976168,
205.5031281,0.333368659,205.5031281,0.4457298517,205.5031281,0.6369847059,205.5031281,0.9759837389,205.5031281,1.649223566,205.5031281,2.952415466,
205.031189,0.3371023536,205.031189,0.4488730133,205.031189,0.6360377073,205.031189,0.9706546068,205.031189,1.639044762,205.031189,2.916673422,
204.5592346,0.3420855999,204.5592346,0.4508931041,204.5592346,0.6345486641,204.5592346,0.9635216594,204.5592346,1.622696161,204.5592346,2.869027615,
203.9299316,0.3475916088,203.9299316,0.4530495405,203.9299316,0.6336282492,203.9299316,0.958217144,203.9299316,1.611537814,203.9299316,2.825928926,
203.4579468,0.3533989191,203.4579468,0.4582031071,203.4579468,0.6316740513,203.4579468,0.951660037,203.4579468,1.597548604,203.4579468,2.818088293,
202.9859314,0.3578976095,202.9859314,0.4601109624,202.9859314,0.6325805187,202.9859314,0.9489109516,202.9859314,1.590947866,202.9859314,2.782317638,
202.5139008,0.3607476354,202.5139008,0.4635463357,202.5139008,0.6323672533,202.5139008,0.9471651316,202.5139008,1.584667921,202.5139008,2.789357662,
202.0418549,0.3696109354,202.0418549,0.4674646258,202.0418549,0.6333101392,202.0418549,0.9463800788,202.0418549,1.581938744,202.0418549,2.798596144,
201.5697784,0.3713766038,201.5697784,0.4678854346,201.5697784,0.634193182,201.5697784,0.9465023875,201.5697784,1.582575679,201.5697784,2.830745935,
200.9403381,0.3818924129,200.9403381,0.4748392105,200.9403381,0.6382353306,200.9403381,0.9499622583,200.9403381,1.589600921,200.9403381,2.808407545,
200.4682312,0.3854502738,200.4682312,0.4781393707,200.4682312,0.6381790042,200.4682312,0.9537221193,200.4682312,1.602307796,200.4682312,2.829488277,
199.9960632,0.3899101615,199.9960632,0.4799718559,199.9960632,0.6409097314,199.9960632,0.9578108788,199.9960632,1.60534215,199.9960632,2.883198023,

2_134_7uM,
2_134_7uM
Collection Time: 12/17/2023 5:05:32 PM
Operator Name  :
Scan Software Version: 3.00(339)
Parameter List :
Instrument                        Cary 50
Instrument Version                3.00
Start (nm)                        800.0
Stop (nm)                         200.0
X Mode                            Nanometers
Y Mode                            Abs
UV-Vis Scan Rate (nm/min)         300.00
UV-Vis Data Interval (nm)         0.50
UV-Vis Ave. Time (sec)            0.1000
Beam Mode                         Dual Beam
Baseline Correction               Off
Cycle Mode                        Off
Comments
Method Log     :
Method Name    :
Date/Time stamp: 11/9/2023 3:43:13 PM
Method Modifications:
UVVIS SAT Changed: 12/17/2023 5:04:03 PM, Old:0.0125, New:0.1000
Common SAT Changed: 12/17/2023 5:04:03 PM, Old:0.0125, New:0.1000
Common Interval nm Changed: 12/17/2023 5:04:04 PM, Old:     5.00, New:     0.50
End Method Modifications
<Current Wavelength> , 200.0

2_134_15uM,
2_134_15uM
Collection Time: 12/17/2023 5:09:10 PM
Operator Name  :
Scan Software Version: 3.00(339)
Parameter List :
Instrument                        Cary 50
Instrument Version                3.00
Start (nm)                        800.0
Stop (nm)                         200.0
X Mode                            Nanometers
Y Mode                            Abs
UV-Vis Scan Rate (nm/min)         300.00
UV-Vis Data Interval (nm)         0.50
UV-Vis Ave. Time (sec)            0.1000
Beam Mode                         Dual Beam
Baseline Correction               Off
Cycle Mode                        Off
Comments
Method Log     :
Method Name    :
Date/Time stamp: 11/9/2023 3:43:13 PM
Method Modifications:
UVVIS SAT Changed: 12/17/2023 5:04:03 PM, Old:0.0125, New:0.1000
Common SAT Changed: 12/17/2023 5:04:03 PM, Old:0.0125, New:0.1000
Common Interval nm Changed: 12/17/2023 5:04:04 PM, Old:     5.00, New:     0.50
End Method Modifications
<Current Wavelength> , 200.0

2_134_31uM,
2_134_31uM
Collection Time: 12/17/2023 5:12:00 PM
Operator Name  :
Scan Software Version: 3.00(339)
Parameter List :
Instrument                        Cary 50
Instrument Version                3.00
Start (nm)                        800.0
Stop (nm)                         200.0
X Mode                            Nanometers
Y Mode                            Abs
UV-Vis Scan Rate (nm/min)         300.00
UV-Vis Data Interval (nm)         0.50
UV-Vis Ave. Time (sec)            0.1000
Beam Mode                         Dual Beam
Baseline Correction               Off
Cycle Mode                        Off
Comments
Method Log     :
Method Name    :
Date/Time stamp: 11/9/2023 3:43:13 PM
Method Modifications:
UVVIS SAT Changed: 12/17/2023 5:04:03 PM, Old:0.0125, New:0.1000
Common SAT Changed: 12/17/2023 5:04:03 PM, Old:0.0125, New:0.1000
Common Interval nm Changed: 12/17/2023 5:04:04 PM, Old:     5.00, New:     0.50
End Method Modifications
<Current Wavelength> , 200.0

2_134_62uM,
2_134_62uM
Collection Time: 12/17/2023 5:14:44 PM
Operator Name  :
Scan Software Version: 3.00(339)
Parameter List :
Instrument                        Cary 50
Instrument Version                3.00
Start (nm)                        800.0
Stop (nm)                         200.0
X Mode                            Nanometers
Y Mode                            Abs
UV-Vis Scan Rate (nm/min)         300.00
UV-Vis Data Interval (nm)         0.50
UV-Vis Ave. Time (sec)            0.1000
Beam Mode                         Dual Beam
Baseline Correction               Off
Cycle Mode                        Off
Comments
Method Log     :
Method Name    :
Date/Time stamp: 11/9/2023 3:43:13 PM
Method Modifications:
UVVIS SAT Changed: 12/17/2023 5:04:03 PM, Old:0.0125, New:0.1000
Common SAT Changed: 12/17/2023 5:04:03 PM, Old:0.0125, New:0.1000
Common Interval nm Changed: 12/17/2023 5:04:04 PM, Old:     5.00, New:     0.50
End Method Modifications
<Current Wavelength> , 200.0

2_134_125uM,
2_134_125uM
Collection Time: 12/17/2023 5:18:23 PM
Operator Name  :
Scan Software Version: 3.00(339)
Parameter List :
Instrument                        Cary 50
Instrument Version                3.00
Start (nm)                        800.0
Stop (nm)                         200.0
X Mode                            Nanometers
Y Mode                            Abs
UV-Vis Scan Rate (nm/min)         300.00
UV-Vis Data Interval (nm)         0.50
UV-Vis Ave. Time (sec)            0.1000
Beam Mode                         Dual Beam
Baseline Correction               Off
Cycle Mode                        Off
Comments
Method Log     :
Method Name    :
Date/Time stamp: 11/9/2023 3:43:13 PM
Method Modifications:
UVVIS SAT Changed: 12/17/2023 5:04:03 PM, Old:0.0125, New:0.1000
Common SAT Changed: 12/17/2023 5:04:03 PM, Old:0.0125, New:0.1000
Common Interval nm Changed: 12/17/2023 5:04:04 PM, Old:     5.00, New:     0.50
End Method Modifications
<Current Wavelength> , 201.6

2_134_250uM,
2_134_250uM
Collection Time: 12/17/2023 5:21:20 PM
Operator Name  :
Scan Software Version: 3.00(339)
Parameter List :
Instrument                        Cary 50
Instrument Version                3.00
Start (nm)                        800.0
Stop (nm)                         200.0
X Mode                            Nanometers
Y Mode                            Abs
UV-Vis Scan Rate (nm/min)         300.00
UV-Vis Data Interval (nm)         0.50
UV-Vis Ave. Time (sec)            0.1000
Beam Mode                         Dual Beam
Baseline Correction               Off
Cycle Mode                        Off
Comments
Method Log     :
Method Name    :
Date/Time stamp: 11/9/2023 3:43:13 PM
Method Modifications:
UVVIS SAT Changed: 12/17/2023 5:04:03 PM, Old:0.0125, New:0.1000
Common SAT Changed: 12/17/2023 5:04:03 PM, Old:0.0125, New:0.1000
Common Interval nm Changed: 12/17/2023 5:04:04 PM, Old:     5.00, New:     0.50
End Method Modifications
<Current Wavelength> , 200.0

