tmppp_7uM,,tmppp_15uM,,tmppp_31uM,,tmppp_62uM,,tmppp_125uM,,tmppp_250uM,,
Wavelength (nm),Abs,Wavelength (nm),Abs,Wavelength (nm),Abs,Wavelength (nm),Abs,Wavelength (nm),Abs,Wavelength (nm),Abs,
799.9869995,0.0003296016366,799.9869995,0.0003335911315,799.9869995,-0.0001324124314,799.9869995,-0.0006782002747,799.9869995,-0.0001342238829,799.9869995,0.0005994407111,
799.4314575,7.026020467E-5,799.4314575,0.0002350564173,799.4314575,0.0005941008567,799.4314575,-0.0003122278431,799.4314575,1.59201627E-5,799.4314575,-0.0001495433826,
799.0147095,0.0002824559633,799.0147095,5.876154773E-6,799.0147095,9.423514712E-5,799.0147095,-7.702980656E-5,799.0147095,-0.0001239760895,799.0147095,-0.0004501824442,
798.4589233,-0.0001636720117,798.4589233,0.0002605168556,798.4589233,-6.496891729E-5,798.4589233,-3.572116839E-5,798.4589233,-0.0002043992718,798.4589233,0.0008517582319,
798.0420532,-0.0004391662951,798.0420532,7.844156789E-5,798.0420532,0.0001036338945,798.0420532,0.0005170952063,798.0420532,-0.0004364251508,798.0420532,0.0004355426645,
797.4860229,0.0007443413488,797.4860229,0.0008182492456,797.4860229,0.00139033224,797.4860229,0.0008741422789,797.4860229,0.0002171599044,797.4860229,4.750334847E-5,
797.0689697,0.001167809241,797.0689697,0.0006325180875,797.0689697,0.0004846485681,797.0689697,0.0001068186393,797.0689697,0.000263469643,797.0689697,0.0001123596376,
796.5128174,0.0006088503869,796.5128174,0.0001957938221,796.5128174,0.0006756053772,796.5128174,-7.009354886E-5,796.5128174,0.000117279269,796.5128174,0.0003410261706,
795.9564819,0.0007395701832,795.9564819,0.0003236174816,795.9564819,0.0004519711365,795.9564819,0.0001915207249,795.9564819,5.607262574E-5,795.9564819,-1.397819779E-5,
795.5391846,0.0004256443935,795.5391846,0.0006042362656,795.5391846,0.0004519711365,795.5391846,-7.045589155E-5,795.5391846,0.0002324923262,795.5391846,0.0005458638188,
794.982605,0.0002826113778,794.982605,-8.469063323E-5,794.982605,0.0004170419124,794.982605,0.0002254217397,794.982605,-0.0001068958954,794.982605,0.0002476439986,
794.5651245,-0.0003155388404,794.5651245,0.000202812138,794.5651245,1.928547499E-5,794.5651245,-0.0001536319323,794.5651245,3.934845518E-5,794.5651245,-7.309581997E-5,
794.0084229,1.941491064E-5,794.0084229,-0.0001336028217,794.0084229,0.000391909125,794.0084229,1.428928954E-5,794.0084229,-0.0001880467316,794.0084229,0.0001041776341,
793.4515381,0.0002556991822,793.4515381,0.0001447266695,793.4515381,0.0003430986835,793.4515381,-0.0009155528387,793.4515381,2.764709461E-5,793.4515381,-0.00028982613,
793.0338135,-2.899131687E-5,793.0338135,1.35385726E-5,793.0338135,0.0003125301737,793.0338135,-0.0004658011021,793.0338135,-0.000594297424,793.0338135,-0.0001900132047,
792.4767456,-0.000151044238,792.4767456,-0.0007263737498,792.4767456,-4.529808211E-5,792.4767456,-0.0004655942321,792.4767456,-0.0004649219045,792.4767456,-0.0005192725803,
792.0588379,-0.0009557963931,792.0588379,-0.0002988800697,792.0588379,-0.0003427502525,792.0588379,0.0001477045589,792.0588379,-0.0007252366631,792.0588379,-0.0006460988661,
791.5015259,-2.629934716E-5,791.5015259,-0.0001547187567,791.5015259,-0.0001243383886,791.5015259,-0.0001244419109,791.5015259,-0.0007991924067,791.5015259,-0.0006637265324,
790.9440918,-0.001021810458,790.9440918,-0.0005158596905,790.9440918,-0.0003536136355,790.9440918,-0.0004480619973,790.9440918,-0.0006103244959,790.9440918,-0.0008264768985,
790.5259399,-0.000667034823,790.5259399,-0.0001056536712,790.5259399,-0.0004113402683,790.5259399,-0.0009718101355,790.5259399,-0.0008744788938,790.5259399,-0.0007876166492,
789.9683228,-0.0009702087846,789.9683228,-0.0002213203989,789.9683228,-0.0004964161199,789.9683228,-0.00122841401,789.9683228,-0.0003667528217,789.9683228,-0.0007856528973,
789.5500488,-0.0006248000427,789.5500488,-0.0008667286602,789.5500488,-0.0003212813172,789.5500488,-0.0007257535472,789.5500488,-0.001141054556,789.5500488,-0.00111776602,
788.9921875,-0.0006129611284,788.9921875,-0.001077434281,788.9921875,-0.001237241901,788.9921875,-0.001407002215,788.9921875,-0.001260007848,788.9921875,-0.0007318006828,
788.4342041,-0.001834335038,788.4342041,-0.002054207493,788.4342041,-0.001196766389,788.4342041,-0.0013328403,788.4342041,-0.002469733823,788.4342041,-0.001943409094,
788.015686,-0.001778344158,788.015686,-0.001623016433,788.015686,-0.001423515379,788.015686,-0.001513707219,788.015686,-0.002009839984,788.015686,-0.001842995989,
787.4574585,-0.002012725919,787.4574585,-0.001608780469,787.4574585,-0.001353020663,787.4574585,-0.001844748855,787.4574585,-0.002121497411,787.4574585,-0.002575817751,
787.0387573,-0.00224327296,787.0387573,-0.002183677163,787.0387573,-0.001568958513,787.0387573,-0.001949387719,787.0387573,-0.002158486983,787.0387573,-0.001492657233,
786.4804077,-0.001482441439,786.4804077,-0.001156080398,786.4804077,-0.000928106776,786.4804077,-0.001947532292,786.4804077,-0.001390024088,786.4804077,-0.001440543914,
786.0615234,-0.001438634703,786.0615234,-0.001293354318,786.0615234,-0.0005340614007,786.0615234,-0.001604654011,786.0615234,-0.001399158267,786.0615234,-0.001124943839,
785.5029297,-0.001497971476,785.5029297,-0.001144255977,785.5029297,-0.001245243708,785.5029297,-0.001636014204,785.5029297,-0.001522323,785.5029297,-0.001187111484,
784.9441528,-0.001618013368,784.9441528,-0.001284785685,784.9441528,-0.0008857939974,784.9441528,-0.001635859371,784.9441528,-0.001388321049,784.9441528,-0.001534653013,
784.5250854,-0.001376812579,784.5250854,-0.001050372142,784.5250854,-0.001223974163,784.5250854,-0.001812630449,784.5250854,-0.001403906033,784.5250854,-0.001948047662,
783.9661255,-0.001380786416,783.9661255,-0.001694705104,783.9661255,-0.001399106695,783.9661255,-0.001837222022,783.9661255,-0.001497661928,783.9661255,-0.002005150542,
783.546814,-0.001577985822,783.546814,-0.00163781934,783.546814,-0.0005107920733,783.546814,-0.00142934639,783.546814,-0.001790460665,783.546814,-0.001711258898,
782.9876709,-0.00129805156,782.9876709,-0.001505916822,782.9876709,-0.001204923727,782.9876709,-0.001817115815,782.9876709,-0.001968353987,782.9876709,-0.0016495788,
782.5682373,-0.001538522192,782.5682373,-0.00122712343,782.5682373,-0.001597484224,782.5682373,-0.001995771425,782.5682373,-0.001760194427,782.5682373,-0.001511849929,
782.0089111,-0.001560704783,782.0089111,-0.001265273197,782.0089111,-0.00122702017,782.0089111,-0.002118767006,782.0089111,-0.001760349143,782.0089111,-0.001543474616,
781.4494019,-0.001253864728,781.4494019,-0.001498177764,781.4494019,-0.001555081923,781.4494019,-0.001773909898,781.4494019,-0.001806031098,781.4494019,-0.002474315232,
781.0297241,-0.001385379466,781.0297241,-0.001728946459,781.0297241,-0.00165339536,781.0297241,-0.002156117233,781.0297241,-0.002034214325,781.0297241,-0.001824230421,
780.4700317,-0.001682946924,780.4700317,-0.001128919888,780.4700317,-0.001831963542,780.4700317,-0.002073117765,780.4700317,-0.001998502761,780.4700317,-0.001885370235,
780.0501709,-0.001857791329,780.0501709,-0.001265015104,780.0501709,-0.001342130592,780.0501709,-0.001946604578,780.0501709,-0.00256789173,780.0501709,-0.002021537861,
779.4902954,-0.001781025203,779.4902954,-0.001862843405,779.4902954,-0.001195165794,779.4902954,-0.001899030176,779.4902954,-0.001905988785,779.4902954,-0.002298791893,
778.9302368,-0.001404680079,778.9302368,-0.001681709196,778.9302368,-0.001511488808,778.9302368,-0.002092594048,778.9302368,-0.002452590968,778.9302368,-0.001845728257,
778.5101929,-0.002041222528,778.5101929,-0.001670208527,778.5101929,-0.001520826831,778.5101929,-0.002064203843,778.5101929,-0.001835933188,778.5101929,-0.002130101202,
777.9499512,-0.001775044249,777.9499512,-0.001992112258,777.9499512,-0.002217879985,777.9499512,-0.002510245191,777.9499512,-0.002300027991,777.9499512,-0.002280252054,
777.5296631,-0.002115881769,777.5296631,-0.002103774343,777.5296631,-0.001911916537,777.5296631,-0.002030298114,777.5296631,-0.002539275447,777.5296631,-0.002253522165,
776.9692383,-0.001701770234,776.9692383,-0.00229183957,776.9692383,-0.001840676181,776.9692383,-0.001924699405,776.9692383,-0.001881555771,776.9692383,-0.002248217352,
776.5488281,-0.002213862492,776.5488281,-0.001679801033,776.5488281,-0.002126804087,776.5488281,-0.002398739336,776.5488281,-0.002199285198,776.5488281,-0.001938358066,
775.9881592,-0.001905885758,775.9881592,-0.002276183339,775.9881592,-0.001546724699,775.9881592,-0.00262748613,775.9881592,-0.002417171141,775.9881592,-0.002905845176,
775.567627,-0.002299821936,775.567627,-0.001925678691,775.567627,-0.001973817125,775.567627,-0.00192691572,775.567627,-0.002661654027,775.567627,-0.002092027338,
775.0067749,-0.001880576252,775.0067749,-0.001797781908,775.0067749,-0.001901865238,775.0067749,-0.002344211331,775.0067749,-0.002492898377,775.0067749,-0.00249274401,
774.4458008,-0.002290500561,774.4458008,-0.001834283466,774.4458008,-0.002035502577,774.4458008,-0.002276080428,774.4458008,-0.002668446163,774.4458008,-0.002542363713,
774.0249634,-0.002218549605,774.0249634,-0.002262998838,774.0249634,-0.002287462121,774.0249634,-0.002885531168,774.0249634,-0.002523422241,774.0249634,-0.002372583142,
773.4638062,-0.002517605899,773.4638062,-0.002832144499,773.4638062,-0.002253676765,773.4638062,-0.002596866572,773.4638062,-0.002603093628,773.4638062,-0.002762238262,
773.0427856,-0.002303014742,773.0427856,-0.002421804704,773.0427856,-0.002313211327,773.0427856,-0.002621105174,773.0427856,-0.002768720035,773.0427856,-0.002770520514,
772.4814453,-0.002527179662,772.4814453,-0.002453775145,772.4814453,-0.002027000068,772.4814453,-0.002750406042,772.4814453,-0.00293901423,772.4814453,-0.002563002519,
772.0603027,-0.002241521608,772.0603027,-0.002339576837,772.0603027,-0.002292406047,772.0603027,-0.002852615435,772.0603027,-0.003118493827,772.0603027,-0.002533768071,
771.4986572,-0.002312232973,771.4986572,-0.002500877017,771.4986572,-0.002592389239,771.4986572,-0.002585338661,771.4986572,-0.002822011709,771.4986572,-0.002210617298,
770.9369507,-0.002490221523,770.9369507,-0.002414287999,770.9369507,-0.001871761517,770.9369507,-0.003088988364,770.9369507,-0.002955726348,770.9369507,-0.002884296933,
770.515564,-0.002343644854,770.515564,-0.002626251196,770.515564,-0.002242242685,770.515564,-0.002269951627,770.515564,-0.002855906961,770.515564,-0.002897668397,
769.9536743,-0.0026778623,769.9536743,-0.002749994397,769.9536743,-0.002731936751,769.9536743,-0.002747885184,769.9536743,-0.003277192824,769.9536743,-0.003299697768,
769.5321045,-0.002455062233,769.5321045,-0.002882394008,769.5321045,-0.002783586737,769.5321045,-0.002485640347,769.5321045,-0.00349310087,769.5321045,-0.003002516693,
768.9699707,-0.002744283993,768.9699707,-0.002557598287,768.9699707,-0.002602733439,768.9699707,-0.002541540191,768.9699707,-0.003275445895,768.9699707,-0.003254481126,
768.5483398,-0.002795006614,768.5483398,-0.00296755298,768.5483398,-0.002524039941,768.5483398,-0.002972746268,768.5483398,-0.003384569427,768.5483398,-0.002788010752,
767.9859619,-0.002902450971,767.9859619,-0.002896999707,767.9859619,-0.002469064435,767.9859619,-0.003016604111,767.9859619,-0.002705337713,767.9859619,-0.003017272567,
767.5641479,-0.003195435274,767.5641479,-0.00291633606,767.5641479,-0.002590073505,767.5641479,-0.002873496618,767.5641479,-0.003380562644,767.5641479,-0.003082562704,
767.0015869,-0.003504193854,767.0015869,-0.003273236332,767.0015869,-0.002681669779,767.0015869,-0.003474046942,767.0015869,-0.003319221782,767.0015869,-0.002814656124,
766.4389038,-0.002614518162,766.4389038,-0.002985549392,766.4389038,-0.00332019804,766.4389038,-0.003020974342,766.4389038,-0.003469218966,766.4389038,-0.002874782309,
766.0168457,-0.003448982723,766.0168457,-0.002942922292,766.0168457,-0.00315868808,766.0168457,-0.003520473372,766.0168457,-0.003252733964,766.0168457,-0.003317063907,
765.4539185,-0.002881416818,765.4539185,-0.003455043538,765.4539185,-0.002594602294,765.4539185,-0.003272208618,765.4539185,-0.003445695387,765.4539185,-0.003187983297,
765.0316772,-0.002678737044,765.0316772,-0.003205199726,765.0316772,-0.003014136339,765.0316772,-0.003177550156,765.0316772,-0.003498082282,765.0316772,-0.003038865747,
764.4686279,-0.003000408644,764.4686279,-0.003238602774,764.4686279,-0.003055830952,764.4686279,-0.00314506772,764.4686279,-0.003370853374,764.4686279,-0.003445490031,
764.0462036,-0.003534235992,764.0462036,-0.003259465331,764.0462036,-0.002954852069,764.0462036,-0.003369363723,764.0462036,-0.00336751435,764.0462036,-0.003291271394,
763.4829102,-0.003812168492,763.4829102,-0.003630870255,763.4829102,-0.003011925612,763.4829102,-0.003427461255,763.4829102,-0.003498287871,763.4829102,-0.003444360103,
763.0603638,-0.003170509124,763.0603638,-0.003366075922,763.0603638,-0.002881674096,763.0603638,-0.003916026559,763.0603638,-0.003763771616,763.0603638,-0.003452115692,
762.4968872,-0.003408147721,762.4968872,-0.003571002744,762.4968872,-0.003259362653,762.4968872,-0.004047045484,762.4968872,-0.003595289541,762.4968872,-0.003761513159,
761.9332886,-0.003913410008,761.9332886,-0.003501523286,761.9332886,-0.003570283763,761.9332886,-0.00355523848,761.9332886,-0.00351903541,761.9332886,-0.003319889773,
761.510498,-0.00380077539,761.510498,-0.003581118071,761.510498,-0.003048273735,761.510498,-0.003307970008,761.510498,-0.004436892923,761.510498,-0.00355462241,
760.9466553,-0.003646477591,760.9466553,-0.003386316122,760.9466553,-0.00355919241,760.9466553,-0.003914385103,760.9466553,-0.003880828619,760.9466553,-0.003921516705,
760.5237427,-0.00418561371,760.5237427,-0.003429053584,760.5237427,-0.003290706314,760.5237427,-0.003769468516,760.5237427,-0.004039505497,760.5237427,-0.00392500544,
759.9597168,-0.003875184339,759.9597168,-0.003986260388,759.9597168,-0.003760384163,759.9597168,-0.004175409675,759.9597168,-0.004161821213,759.9597168,-0.004113975912,
759.5366211,-0.003935574554,759.5366211,-0.004090744071,759.5366211,-0.003993442282,759.5366211,-0.004345307127,759.5366211,-0.004053200595,759.5366211,-0.004251241218,
758.9723511,-0.003897196613,758.9723511,-0.004165718332,758.9723511,-0.003772907425,758.9723511,-0.004181306344,758.9723511,-0.004406861961,758.9723511,-0.003855223535,
758.5491333,-0.003982464317,758.5491333,-0.004283538554,758.5491333,-0.004091154318,758.5491333,-0.004323112313,758.5491333,-0.004587324336,758.5491333,-0.004079922102,
757.9846802,-0.004104590975,757.9846802,-0.004838627297,757.9846802,-0.003866409883,757.9846802,-0.004541165195,757.9846802,-0.004312348086,757.9846802,-0.004497358575,
757.5612793,-0.00449828105,757.5612793,-0.004507657606,757.5612793,-0.003878468182,757.5612793,-0.004277848173,757.5612793,-0.004566012882,757.5612793,-0.004356634803,
756.9966431,-0.004365296569,756.9966431,-0.00483555533,756.9966431,-0.004307939671,756.9966431,-0.004770681728,756.9966431,-0.004556893837,756.9966431,-0.004519287962,
756.4318848,-0.004550284706,756.4318848,-0.004487315658,756.4318848,-0.003669990227,756.4318848,-0.004978427198,756.4318848,-0.004460311495,756.4318848,-0.004311937839,
756.0082397,-0.004601052962,756.0082397,-0.004535171203,756.0082397,-0.004581125453,756.0082397,-0.004532557912,756.0082397,-0.004901954904,756.0082397,-0.004833865445,
755.4432983,-0.004675273784,755.4432983,-0.004770118278,755.4432983,-0.004453342408,755.4432983,-0.004999411292,755.4432983,-0.005166684277,755.4432983,-0.004966604058,
755.0194702,-0.004541575443,755.0194702,-0.00481543364,755.0194702,-0.004420391284,755.0194702,-0.00516586611,755.0194702,-0.005062766839,755.0194702,-0.00478061568,
754.4543457,-0.004739034921,754.4543457,-0.005001151469,754.4543457,-0.004278155975,754.4543457,-0.004784455989,754.4543457,-0.005094185006,754.4543457,-0.004789678846,
754.0303955,-0.004744463135,754.0303955,-0.005369536113,754.0303955,-0.004236937501,754.0303955,-0.005083797965,754.0303955,-0.005153127015,754.0303955,-0.004878406413,
753.4650269,-0.00513291778,753.4650269,-0.004863713402,753.4650269,-0.004421570338,753.4650269,-0.005227764603,753.4650269,-0.005251856986,753.4650269,-0.005361508112,
753.0408936,-0.00522142183,753.0408936,-0.005114805419,753.0408936,-0.004637627397,753.0408936,-0.005372502375,753.0408936,-0.005290575325,753.0408936,-0.005466376897,
752.4753418,-0.005324074067,752.4753418,-0.005202955101,752.4753418,-0.004903080873,752.4753418,-0.005729280878,752.4753418,-0.005190831143,752.4753418,-0.005265667103,
752.0510864,-0.00501169404,752.0510864,-0.005350308958,752.0510864,-0.004839548841,752.0510864,-0.005297838245,752.0510864,-0.005696375389,752.0510864,-0.005511159543,
751.4852905,-0.005630148109,751.4852905,-0.005394847598,751.4852905,-0.004875181243,751.4852905,-0.00540788658,751.4852905,-0.005996876862,751.4852905,-0.005159931257,
751.0609131,-0.005238199607,751.0609131,-0.005680841859,751.0609131,-0.005058110226,751.0609131,-0.005474045407,751.0609131,-0.005674862769,751.0609131,-0.005587779917,
750.4949341,-0.005654575769,750.4949341,-0.00575600192,750.4949341,-0.005214311648,750.4949341,-0.005868487991,750.4949341,-0.005898877978,750.4949341,-0.005871093366,
750.0703735,-0.005408857949,750.0703735,-0.005530482158,750.0703735,-0.005163461436,750.0703735,-0.005778992083,750.0703735,-0.005959957372,750.0703735,-0.005912259221,
749.5042114,-0.00581424078,749.5042114,-0.006118999794,749.5042114,-0.005672154482,749.5042114,-0.00602480676,749.5042114,-0.00584248919,749.5042114,-0.005729332101,
748.9379272,-0.005820115563,748.9379272,-0.005677877925,748.9379272,-0.00539019471,748.9379272,-0.00603782665,748.9379272,-0.006345286034,748.9379272,-0.006047118921,
748.5131226,-0.005423992407,748.5131226,-0.006111342926,748.5131226,-0.005724273622,748.5131226,-0.00628298521,748.5131226,-0.006230524741,748.5131226,-0.00607647514,
747.9465942,-0.005790231284,747.9465942,-0.005987124052,747.9465942,-0.005825836677,747.9465942,-0.00620567007,747.9465942,-0.006208017934,747.9465942,-0.00604201341,
747.5216675,-0.005846166983,747.5216675,-0.006106339861,747.5216675,-0.005445977673,747.5216675,-0.006359776016,747.5216675,-0.006435583811,747.5216675,-0.00619918853,
746.9549561,-0.00596588105,746.9549561,-0.006358755287,746.9549561,-0.006201791577,746.9549561,-0.006377479061,746.9549561,-0.006613930687,746.9549561,-0.006569924764,
746.5298462,-0.00598962605,746.5298462,-0.006385131739,746.5298462,-0.006249049678,746.5298462,-0.006685412023,746.5298462,-0.006599704269,746.5298462,-0.006426708307,
745.9629517,-0.006378244609,745.9629517,-0.006692447234,745.9629517,-0.006054318044,745.9629517,-0.007022419013,745.9629517,-0.006431094836,745.9629517,-0.006044259761,
745.5377197,-0.006633306388,745.5377197,-0.006791949272,745.5377197,-0.00632722443,745.5377197,-0.006776811555,745.5377197,-0.006642790046,745.5377197,-0.006533002947,
744.9706421,-0.006334163249,744.9706421,-0.006607863121,744.9706421,-0.006564570125,744.9706421,-0.006802652963,744.9706421,-0.007050945424,744.9706421,-0.006972391624,
744.5452271,-0.006237567402,744.5452271,-0.006829664577,744.5452271,-0.006380999461,744.5452271,-0.006738429423,744.5452271,-0.007140230853,744.5452271,-0.006750866771,
743.9779053,-0.006784813944,743.9779053,-0.007111557759,743.9779053,-0.006572321523,743.9779053,-0.006814782973,743.9779053,-0.007366291247,743.9779053,-0.006933772005,
743.5523682,-0.006895097438,743.5523682,-0.006942229811,743.5523682,-0.006872166414,743.5523682,-0.0071202158,743.5523682,-0.006854585372,743.5523682,-0.007277968805,
742.9848633,-0.007019056939,742.9848633,-0.006909059361,742.9848633,-0.006707282271,742.9848633,-0.007361251861,742.9848633,-0.00745393429,742.9848633,-0.007105904166,
742.5591431,-0.006943452638,742.5591431,-0.007211320102,742.5591431,-0.006767483894,742.5591431,-0.007135494612,742.5591431,-0.007343384903,742.5591431,-0.007131878752,
741.9914551,-0.0075143883,741.9914551,-0.007764715701,741.9914551,-0.007737406064,741.9914551,-0.007868954912,741.9914551,-0.008254625835,741.9914551,-0.008010679856,
741.5656128,-0.008053981699,741.5656128,-0.007830465212,741.5656128,-0.007676372305,741.5656128,-0.008304252289,741.5656128,-0.008231157437,741.5656128,-0.007991010323,
740.9976807,-0.007486503106,740.9976807,-0.007473526988,740.9976807,-0.007095717825,740.9976807,-0.007576462347,740.9976807,-0.007827923633,740.9976807,-0.007454646751,
740.4296875,-0.008313546889,740.4296875,-0.008294855244,740.4296875,-0.00789828971,740.4296875,-0.008504374884,740.4296875,-0.008326396346,740.4296875,-0.008302981965,
740.0036011,-0.008529809304,740.0036011,-0.008187264204,740.0036011,-0.007957462221,740.0036011,-0.008193360642,740.0036011,-0.00900643412,740.0036011,-0.008604629897,
739.4353638,-0.007700837683,739.4353638,-0.007945618592,739.4353638,-0.007588875946,739.4353638,-0.008214240894,739.4353638,-0.008120398968,739.4353638,-0.008303388953,
739.0091553,-0.007929046638,739.0091553,-0.008167906664,739.0091553,-0.007670370396,739.0091553,-0.008085845038,739.0091553,-0.008061451837,739.0091553,-0.007839922793,
738.4407349,-0.00818101503,738.4407349,-0.007788870949,738.4407349,-0.007740101311,738.4407349,-0.008382362314,738.4407349,-0.008577119559,738.4407349,-0.008312937804,
738.0143433,-0.008437914774,738.0143433,-0.00814351812,738.0143433,-0.007936011069,738.0143433,-0.008399932645,738.0143433,-0.008487215266,738.0143433,-0.008736931719,
737.4457397,-0.009195082821,737.4457397,-0.009397328831,737.4457397,-0.008502040058,737.4457397,-0.00924505759,737.4457397,-0.009235782549,737.4457397,-0.009267255664,
737.019165,-0.009343621321,737.019165,-0.00909161754,737.019165,-0.008920879103,737.019165,-0.00937366765,737.019165,-0.009171511978,737.019165,-0.00944393687,
736.4503784,-0.009112048894,736.4503784,-0.009304299951,736.4503784,-0.008792185225,736.4503784,-0.008887910284,736.4503784,-0.009469771758,736.4503784,-0.009190926328,
736.0236816,-0.009305871092,736.0236816,-0.009163655341,736.0236816,-0.008763519116,736.0236816,-0.009081883356,736.0236816,-0.009423064999,736.0236816,-0.009178203531,
735.4546509,-0.009274958633,735.4546509,-0.009042537771,735.4546509,-0.008966980502,735.4546509,-0.008872439153,735.4546509,-0.009477977641,735.4546509,-0.009365459904,
735.027832,-0.008987417445,735.027832,-0.009101453237,735.027832,-0.008500567637,735.027832,-0.009223162197,735.027832,-0.00941293221,735.027832,-0.008960489184,
734.4586182,-0.008909669705,734.4586182,-0.008826225996,734.4586182,-0.008873757906,734.4586182,-0.008948216215,734.4586182,-0.009373465553,734.4586182,-0.009077725932,
734.0316772,-0.009070982225,734.0316772,-0.008778030053,734.0316772,-0.008567373268,734.0316772,-0.009110274725,734.0316772,-0.009114076383,734.0316772,-0.008838858455,
733.4622192,-0.008905916475,733.4622192,-0.008710799739,733.4622192,-0.008293991908,733.4622192,-0.008798070252,733.4622192,-0.008921893314,733.4622192,-0.008850880899,
733.0350952,-0.00868943613,733.0350952,-0.008976818994,733.0350952,-0.008421310224,733.0350952,-0.008691212162,733.0350952,-0.009045478888,733.0350952,-0.008828356862,
732.4655151,-0.008877004497,732.4655151,-0.008795584552,732.4655151,-0.008229836822,732.4655151,-0.008823893033,732.4655151,-0.00889130868,732.4655151,-0.008627977222,
732.038208,-0.008728965186,732.038208,-0.008774477988,732.038208,-0.008419482969,732.038208,-0.008796345443,732.038208,-0.008941622451,732.038208,-0.008926914074,
731.4684448,-0.00909161754,731.4684448,-0.008730233647,731.4684448,-0.008612802252,731.4684448,-0.008955873549,731.4684448,-0.008966827765,731.4684448,-0.008912865072,
731.0410156,-0.008964900859,731.0410156,-0.008872185834,731.0410156,-0.008674769662,731.0410156,-0.009046746418,731.0410156,-0.009028086439,731.0410156,-0.008920726366,
730.4710083,-0.009454979561,730.4710083,-0.009553547017,730.4710083,-0.009041675366,730.4710083,-0.009405435063,730.4710083,-0.009567575529,730.4710083,-0.00947453361,
730.043396,-0.009624749422,730.043396,-0.009266241454,730.043396,-0.009029252455,730.043396,-0.009691079147,730.043396,-0.009687180631,730.043396,-0.00946566835,
729.4732056,-0.009826541878,729.4732056,-0.009605456144,729.4732056,-0.00936561171,729.4732056,-0.01005743071,729.4732056,-0.009928870946,729.4732056,-0.009730568156,
729.0454712,-0.009966820478,729.0454712,-0.00981176272,729.0454712,-0.009678218514,729.0454712,-0.01000754908,729.0454712,-0.01004260872,729.0454712,-0.01022398099,
728.4750977,-0.0103757577,728.4750977,-0.009843092412,728.4750977,-0.009980886243,728.4750977,-0.0105891265,728.4750977,-0.01062939316,728.4750977,-0.01029466838,
728.0472412,-0.01057730336,728.0472412,-0.01039198413,728.0472412,-0.01026387699,728.0472412,-0.01094270684,728.0472412,-0.01049736328,728.0472412,-0.01057826355,
727.4766235,-0.01098632254,727.4766235,-0.0105489064,727.4766235,-0.01082178205,727.4766235,-0.01106965542,727.4766235,-0.01101115718,727.4766235,-0.01111573074,
727.048645,-0.01136605907,727.048645,-0.01107687224,727.048645,-0.01094921958,727.048645,-0.01160066854,727.048645,-0.01174561493,727.048645,-0.01148930378,
726.4778442,-0.0118691558,726.4778442,-0.01136404183,726.4778442,-0.01133327559,726.4778442,-0.01173054799,726.4778442,-0.01176345348,726.4778442,-0.01154904813,
726.0496826,-0.0124034686,726.0496826,-0.011549199,726.0496826,-0.01207141858,726.0496826,-0.01224167831,726.0496826,-0.01236457471,726.0496826,-0.01223035343,
725.4786987,-0.01249528304,725.4786987,-0.01197447907,725.4786987,-0.01220704801,725.4786987,-0.01273893565,725.4786987,-0.01271832176,725.4786987,-0.01297496445,
725.050354,-0.01261156891,725.050354,-0.0122736888,725.050354,-0.0125561459,725.050354,-0.01310493704,725.050354,-0.01275321376,725.050354,-0.01304781809,
724.479187,-0.01313542761,724.479187,-0.0126360096,724.479187,-0.01284495369,724.479187,-0.0132156359,724.479187,-0.01354350056,724.479187,-0.01353732869,
724.0507202,-0.01335884072,724.0507202,-0.01281665452,724.0507202,-0.01313226297,724.0507202,-0.01343403943,724.0507202,-0.01348528545,724.0507202,-0.0135108307,
723.4793701,-0.01372447051,723.4793701,-0.01297657285,723.4793701,-0.01336606964,723.4793701,-0.01370365359,723.4793701,-0.01395369787,723.4793701,-0.01375857927,
723.0507813,-0.01387322415,723.0507813,-0.01318595558,723.0507813,-0.0134252049,723.0507813,-0.0139175998,723.0507813,-0.01389222872,723.0507813,-0.01371308416,
722.479187,-0.01416045614,722.479187,-0.01348754391,722.479187,-0.01388225053,722.479187,-0.01425781101,722.479187,-0.01441875193,722.479187,-0.01405636221,
722.050415,-0.01404959615,722.050415,-0.01360436808,722.050415,-0.01406202652,722.050415,-0.01458148565,722.050415,-0.01438309252,722.050415,-0.01424403302,
721.4786987,-0.01441514585,721.4786987,-0.01344287395,721.4786987,-0.01411129441,721.4786987,-0.01452851575,721.4786987,-0.01476542652,721.4786987,-0.01468044799,
721.0498047,-0.01457567792,721.0498047,-0.01354124304,721.0498047,-0.01433691103,721.0498047,-0.0143783344,721.0498047,-0.01470156945,721.0498047,-0.01474566013,
720.4778442,-0.01442220714,720.4778442,-0.01349306479,720.4778442,-0.01418666355,720.4778442,-0.01473625097,720.4778442,-0.01463234611,720.4778442,-0.01453131996,
720.0487671,-0.01447999664,720.0487671,-0.01347620133,720.0487671,-0.01427233964,720.0487671,-0.01480090432,720.0487671,-0.01477533486,720.0487671,-0.01469621342,
719.4766235,-0.01461437531,719.4766235,-0.01337420288,719.4766235,-0.01423701923,719.4766235,-0.01464526076,719.4766235,-0.01483462844,719.4766235,-0.01477458421,
719.0474243,-0.01459330041,719.0474243,-0.01348312758,719.0474243,-0.01444038656,719.0474243,-0.01504171733,719.0474243,-0.01498390175,719.0474243,-0.0148711009,
718.4750977,-0.01475416683,718.4750977,-0.01350064296,718.4750977,-0.01456396375,718.4750977,-0.01494288724,718.4750977,-0.0148739526,718.4750977,-0.01498455182,
718.0457764,-0.01479199715,718.0457764,-0.0136848418,718.0457764,-0.01466207858,718.0457764,-0.01506062038,718.0457764,-0.01506702136,718.0457764,-0.01495639235,
717.4732056,-0.01463750191,717.4732056,-0.01367310248,717.4732056,-0.01450803783,717.4732056,-0.01498145144,717.4732056,-0.01507922262,717.4732056,-0.01500855945,
717.0437622,-0.01472378988,717.0437622,-0.01350862253,717.0437622,-0.01451239362,717.0437622,-0.01492512878,717.0437622,-0.01481401362,717.0437622,-0.01487070043,
716.4710083,-0.01465877518,716.4710083,-0.01345125586,716.4710083,-0.01434692927,716.4710083,-0.01488555875,716.4710083,-0.01495759282,716.4710083,-0.01468605362,
716.0413818,-0.01446362212,716.0413818,-0.01340351999,716.0413818,-0.01403721515,716.0413818,-0.01479875296,716.0413818,-0.01472774334,716.0413818,-0.01459910721,
715.4684448,-0.01430675574,715.4684448,-0.01319132932,715.4684448,-0.01394753158,715.4684448,-0.01457422599,715.4684448,-0.01449441817,715.4684448,-0.01444379147,
715.0386963,-0.01426527556,715.0386963,-0.0131059913,715.0386963,-0.01405801624,715.0386963,-0.01447398774,715.0386963,-0.0143526895,715.0386963,-0.01438634843,
714.4655762,-0.01394041255,714.4655762,-0.01268372964,714.4655762,-0.0137753319,714.4655762,-0.01412617881,714.4655762,-0.0142400749,714.4655762,-0.0141278822,
714.0356445,-0.01388937049,714.0356445,-0.01273456123,714.0356445,-0.01361560728,714.0356445,-0.01390536595,714.0356445,-0.01395750884,714.0356445,-0.01397199742,
713.4623413,-0.01349331532,713.4623413,-0.01234097406,713.4623413,-0.01318339352,713.4623413,-0.01365509164,713.4623413,-0.01385973487,713.4623413,-0.0136430515,
713.0322876,-0.01328413095,713.0322876,-0.01215857081,713.0322876,-0.01291250158,713.0322876,-0.0133575853,713.0322876,-0.01335291658,713.0322876,-0.01337560825,
712.4587402,-0.01301099081,712.4587402,-0.01199694071,712.4587402,-0.01269288082,712.4587402,-0.01293446217,712.4587402,-0.0131178461,712.4587402,-0.01313271467,
712.0285645,-0.01283972617,712.0285645,-0.01157833729,712.0285645,-0.01234006882,712.0285645,-0.01286048442,712.0285645,-0.01301742159,712.0285645,-0.01280760579,
711.454895,-0.01233946439,711.454895,-0.01147059724,711.454895,-0.01156281028,711.454895,-0.0124405995,711.454895,-0.01270162966,711.454895,-0.01227514911,
711.0245361,-0.01185625885,711.0245361,-0.01090398431,711.0245361,-0.01137130428,711.0245361,-0.01191897411,711.0245361,-0.01203808468,711.0245361,-0.01185348816,
710.4506226,-0.011590234,710.4506226,-0.01078304835,710.4506226,-0.01113985199,710.4506226,-0.01159285475,710.4506226,-0.01153830998,710.4506226,-0.0118234111,
710.0201416,-0.01105062757,710.0201416,-0.01029082574,710.0201416,-0.01071537007,710.0201416,-0.01111149229,710.0201416,-0.01136343647,710.0201416,-0.01082359906,
709.4460449,-0.01044424716,709.4460449,-0.009855643846,709.4460449,-0.01000547502,709.4460449,-0.01064171921,709.4460449,-0.01047694683,709.4460449,-0.01053010952,
709.0154419,-0.01010093372,709.0154419,-0.009668952785,709.0154419,-0.009711937979,709.0154419,-0.010345174,709.0154419,-0.0101274373,709.0154419,-0.01010214724,
708.4411621,-0.009240445681,708.4411621,-0.009079297073,708.4411621,-0.009348130785,708.4411621,-0.009646573104,708.4411621,-0.009634573013,708.4411621,-0.009690724313,
708.010376,-0.008913017809,708.010376,-0.008648836985,708.010376,-0.008778537624,708.010376,-0.00899056159,708.010376,-0.009130755439,708.010376,-0.009138106368,
707.4359131,-0.008240402676,707.4359131,-0.007740711793,707.4359131,-0.008204841986,707.4359131,-0.008444515057,707.4359131,-0.00832553301,707.4359131,-0.008240656927,
707.0050049,-0.007906576619,707.0050049,-0.007665080484,707.0050049,-0.00739779789,707.0050049,-0.007983488031,707.0050049,-0.007985571399,707.0050049,-0.007793498226,
706.4303589,-0.006901976652,706.4303589,-0.006706058979,706.4303589,-0.006531116087,706.4303589,-0.00686594937,706.4303589,-0.007033422589,706.4303589,-0.006698157173,
705.9992676,-0.006646358874,705.9992676,-0.006484755315,705.9992676,-0.006256806664,705.9992676,-0.006485214457,705.9992676,-0.006586140487,705.9992676,-0.006519845221,
705.5681763,-0.00591639569,705.5681763,-0.005720186047,705.5681763,-0.005731733516,705.5681763,-0.005993098486,705.5681763,-0.006327785552,705.5681763,-0.00582358893,
704.9932251,-0.004881273024,704.9932251,-0.004614525475,704.9932251,-0.004851375241,704.9932251,-0.004738215357,704.9932251,-0.005258711055,704.9932251,-0.00510482816,
704.5619507,-0.004694940988,704.5619507,-0.004515855107,704.5619507,-0.004348075017,704.5619507,-0.004813129548,704.5619507,-0.004698167555,704.5619507,-0.004826697521,
703.9868774,-0.003642421914,703.9868774,-0.003451653523,703.9868774,-0.003490276169,703.9868774,-0.003671119688,703.9868774,-0.00380821689,703.9868774,-0.003938601352,
703.5554199,-0.003148254473,703.5554199,-0.003114484716,703.5554199,-0.003096801927,703.5554199,-0.003306891071,703.5554199,-0.003096287837,703.5554199,-0.003194612917,
702.9801025,-0.002249195939,702.9801025,-0.002070077928,702.9801025,-0.001997574931,702.9801025,-0.002082031686,702.9801025,-0.002128143562,702.9801025,-0.002320626751,
702.548584,-0.001733535784,702.548584,-0.001954129431,702.548584,-0.001304865,702.548584,-0.001985051902,702.548584,-0.002121239901,702.548584,-0.002355848672,
701.9730835,-0.0009799717227,701.9730835,-0.001069274498,701.9730835,-0.0007979004877,701.9730835,-0.001220360398,701.9730835,-0.00120363303,701.9730835,-0.001343575772,
701.5413818,-0.0003142454952,701.5413818,-0.0003623559023,701.5413818,-0.0002822206588,701.5413818,-0.0004749548098,701.5413818,-0.0004851426056,701.5413818,-0.0003045710328,
700.9656982,0.0001879728079,700.9656982,0.0004158500233,700.9656982,0.0008272227715,700.9656982,0.0004342729808,700.9656982,0.0003512592812,700.9656982,1.680031892E-5,
700.5338745,0.001188496361,700.5338745,0.001020302298,700.5338745,0.001283457153,700.5338745,0.0008915730286,700.5338745,0.0008991733193,700.5338745,0.0009201070643,
699.9580078,0.001416821382,699.9580078,0.001666158321,699.9580078,0.001646981575,699.9580078,0.001366077922,699.9580078,0.001503130188,699.9580078,0.001262869337,
699.526001,0.002029977273,699.526001,0.002283466049,699.526001,0.00256058923,699.526001,0.002194140106,699.526001,0.002140236087,699.526001,0.001902378513,
698.9499512,0.002836716827,698.9499512,0.003188923001,698.9499512,0.003353289561,698.9499512,0.002938632155,698.9499512,0.00260589947,698.9499512,0.002874134341,
698.5178223,0.003702860558,698.5178223,0.003622587072,698.5178223,0.00366383139,698.5178223,0.003677902278,698.5178223,0.003603062592,698.5178223,0.003232108196,
697.9415894,0.004459726624,697.9415894,0.00437607104,697.9415894,0.004727146588,697.9415894,0.00446401583,697.9415894,0.004066091031,697.9415894,0.004238815047,
697.5093384,0.004850002471,697.5093384,0.004739760421,697.5093384,0.004905553069,697.5093384,0.004655108787,697.5093384,0.004811786581,697.5093384,0.004372880794,
696.9328613,0.005862963852,696.9328613,0.005733315833,696.9328613,0.005866899621,696.9328613,0.005305270199,696.9328613,0.005380665883,696.9328613,0.005311952438,
696.5004883,0.006063046865,696.5004883,0.005985878874,696.5004883,0.006230868399,696.5004883,0.00577447284,696.5004883,0.005688464735,696.5004883,0.005577799864,
696.0680542,0.006585129537,696.0680542,0.007043799385,696.0680542,0.007184576243,696.0680542,0.006314304657,696.0680542,0.006138889119,696.0680542,0.006363213062,
695.491333,0.007062952965,695.491333,0.007171312347,695.491333,0.00704290485,695.491333,0.006928685121,695.491333,0.006710930727,695.491333,0.006616484374,
695.0587158,0.007269854192,695.0587158,0.007650229149,695.0587158,0.00800981652,695.0587158,0.007795182988,695.0587158,0.007552154362,695.0587158,0.007361362688,
694.4818115,0.008193665184,694.4818115,0.0084915068,694.4818115,0.00841736421,694.4818115,0.008130782284,694.4818115,0.007738523651,694.4818115,0.007978888229,
694.0490723,0.008949976414,694.0490723,0.008684011176,694.0490723,0.008871791884,694.0490723,0.008154916577,694.0490723,0.008449723013,694.0490723,0.008383926004,
693.4719849,0.009680077434,693.4719849,0.009649294429,693.4719849,0.009878272191,693.4719849,0.009272638708,693.4719849,0.009341691621,693.4719849,0.009056931362,
693.0391235,0.009444801137,693.0391235,0.009727327153,693.0391235,0.01020570751,693.0391235,0.009623489343,693.0391235,0.009472976439,693.0391235,0.009059679694,
692.461853,0.01003997214,692.461853,0.01028307155,692.461853,0.01070897002,692.461853,0.01012901869,692.461853,0.01045221463,692.461853,0.01004352234,
692.0288086,0.01084231492,692.0288086,0.01074630301,692.0288086,0.01090898924,692.0288086,0.01086423825,692.0288086,0.01080476213,692.0288086,0.0100591518,
691.451355,0.0113559626,691.451355,0.0113858562,691.451355,0.01157850493,691.451355,0.01144639496,691.451355,0.01131480467,691.451355,0.01085431129,
691.0181885,0.01145104598,691.0181885,0.01171578653,691.0181885,0.01200173702,691.0181885,0.01177911088,691.0181885,0.01150795259,691.0181885,0.01139576826,
690.4405518,0.0118258195,690.4405518,0.01244552154,690.4405518,0.01226345822,690.4405518,0.01172956266,690.4405518,0.01166762784,690.4405518,0.01179342065,
690.0072632,0.01251041796,690.0072632,0.01252344623,690.0072632,0.01243262831,690.0072632,0.01186675951,690.0072632,0.01192305516,690.0072632,0.01165244449,
689.4294434,0.0127990786,689.4294434,0.01270041987,689.4294434,0.01297925878,689.4294434,0.01246755198,689.4294434,0.01260716747,689.4294434,0.01244647987,
688.9959717,0.0130887581,688.9959717,0.01337299868,688.9959717,0.01342911553,688.9959717,0.01310409792,688.9959717,0.01309313346,688.9959717,0.01278614812,
688.5625,0.01327479724,688.5625,0.01336413529,688.5625,0.01337086223,688.5625,0.01306077372,688.5625,0.01278100256,688.5625,0.01322120801,
687.984375,0.01391648408,687.984375,0.0138908783,687.984375,0.01404250227,687.984375,0.01398512907,687.984375,0.01357697323,687.984375,0.01342086587,
687.5507202,0.01360026281,687.5507202,0.01417631283,687.5507202,0.01404579077,687.5507202,0.01423732284,687.5507202,0.01379635464,687.5507202,0.01352609694,
686.9724731,0.01410900149,686.9724731,0.01407161914,686.9724731,0.0149553949,686.9724731,0.01444419194,686.9724731,0.01428755932,686.9724731,0.01425144635,
686.5386963,0.01457603928,686.5386963,0.01457644068,686.5386963,0.01513464935,686.5386963,0.01460588817,686.5386963,0.01442476362,686.5386963,0.01440985873,
685.9602051,0.01537461113,685.9602051,0.01543450169,685.9602051,0.01571021602,685.9602051,0.0153617654,685.9602051,0.01566429622,685.9602051,0.01523635536,
685.5263062,0.0158406496,685.5263062,0.01569526829,685.5263062,0.01599932089,685.5263062,0.01561478619,685.5263062,0.01584411226,685.5263062,0.0156105468,
684.9476318,0.0153754428,684.9476318,0.01526045892,684.9476318,0.01566979848,684.9476318,0.01541414391,684.9476318,0.01511393022,684.9476318,0.01523823198,
684.5136108,0.01660688408,684.5136108,0.01626824588,684.5136108,0.01689300686,684.5136108,0.01648748666,684.5136108,0.01627063751,684.5136108,0.01658192649,
683.9347534,0.01649434306,683.9347534,0.01639618538,683.9347534,0.0167598892,683.9347534,0.01649445109,683.9347534,0.01670861244,683.9347534,0.01574819721,
683.5005493,0.01625169255,683.5005493,0.01613483764,683.5005493,0.01601417363,683.5005493,0.01572017372,683.5005493,0.01588535309,683.5005493,0.01582977735,
683.0662842,0.01589848287,683.0662842,0.01621525362,683.0662842,0.0163006857,683.0662842,0.01620012708,683.0662842,0.01578698494,683.0662842,0.01599276811,
682.4871826,0.01633941568,682.4871826,0.01628189906,682.4871826,0.01666377112,682.4871826,0.01612465642,682.4871826,0.01604981534,682.4871826,0.0164638795,
682.0527954,0.01654511131,682.0527954,0.01658044755,682.0527954,0.01660513505,682.0527954,0.01645621657,682.0527954,0.01619343646,682.0527954,0.01648756675,
681.4735107,0.016742751,681.4735107,0.01665640064,681.4735107,0.01741674729,681.4735107,0.01636210084,681.4735107,0.01658284105,681.4735107,0.01666247845,
681.0390015,0.01698007807,681.0390015,0.01693674177,681.0390015,0.01776348054,681.0390015,0.01702872105,681.0390015,0.01682618633,681.0390015,0.0168944858,
680.4595337,0.01743719913,680.4595337,0.0173604358,680.4595337,0.01745643839,680.4595337,0.01703090221,680.4595337,0.0169957988,680.4595337,0.01678622887,
680.0248413,0.0169665385,680.0248413,0.01715362631,680.0248413,0.01782321744,680.0248413,0.01723140292,680.0248413,0.0170812197,680.0248413,0.0171601437,
679.4451904,0.01786758564,679.4451904,0.01782057434,679.4451904,0.0177178029,679.4451904,0.0175167527,679.4451904,0.01722943783,679.4451904,0.01733659208,
679.010376,0.01833096147,679.010376,0.017948566,679.010376,0.01821200736,679.010376,0.01755329967,679.010376,0.01728842594,679.010376,0.01783767343,
678.430542,0.01788643934,678.430542,0.0175994467,678.430542,0.01820339635,678.430542,0.01770723239,678.430542,0.01734763756,678.430542,0.01787899435,
677.9956055,0.01814023405,677.9956055,0.01765926741,677.9956055,0.01823862456,677.9956055,0.01763883233,677.9956055,0.01764349639,677.9956055,0.01765290461,
677.5606079,0.0184131898,677.5606079,0.01794149727,677.5606079,0.01833690144,677.5606079,0.01788406633,677.5606079,0.01812007278,677.5606079,0.01753629185,
676.9805298,0.01843115129,676.9805298,0.01789806597,676.9805298,0.01828014664,676.9805298,0.01790966466,676.9805298,0.01811715961,676.9805298,0.01769437082,
676.5454102,0.01853130944,676.5454102,0.01798819937,676.5454102,0.0185702648,676.5454102,0.01802888885,676.5454102,0.01820463873,676.5454102,0.01805133931,
675.9650879,0.0185362529,675.9650879,0.01822237298,675.9650879,0.01872961223,675.9650879,0.01793405227,675.9650879,0.0180457253,675.9650879,0.01834997162,
675.5298462,0.01815040968,675.5298462,0.01829831861,675.5298462,0.01871972159,675.5298462,0.01825674064,675.5298462,0.01824885607,675.5298462,0.01842996292,
674.9494019,0.0190219786,674.9494019,0.01891132444,674.9494019,0.01861992478,674.9494019,0.01863656938,674.9494019,0.01829691418,674.9494019,0.01815661788,
674.5139771,0.01836277172,674.5139771,0.01848895289,674.5139771,0.01878004707,674.5139771,0.01843377016,674.5139771,0.01848562993,674.5139771,0.01836925186,
673.9333496,0.01892165281,673.9333496,0.01847733743,673.9333496,0.01886271313,673.9333496,0.0183902625,673.9333496,0.01848236099,673.9333496,0.01835596561,
673.4977417,0.0188644696,673.4977417,0.01865489036,673.4977417,0.01865637675,673.4977417,0.01903360896,673.4977417,0.01851404645,673.4977417,0.01849143766,
673.0621338,0.01880723983,673.0621338,0.01878175139,673.0621338,0.01956792735,673.0621338,0.01861697994,673.0621338,0.01863078773,673.0621338,0.01880296879,
672.4812622,0.01877872273,672.4812622,0.01859941706,672.4812622,0.01917526871,672.4812622,0.01874466613,672.4812622,0.01866861805,672.4812622,0.01858593524,
672.0455322,0.01875350438,672.0455322,0.01850523986,672.0455322,0.01917234808,672.0455322,0.01862054691,672.0455322,0.01885625161,672.0455322,0.01864321716,
671.4644165,0.01883408427,671.4644165,0.01853962988,671.4644165,0.01943601854,671.4644165,0.0185475722,671.4644165,0.01875269413,671.4644165,0.01862178929,
671.0285645,0.01887779869,671.0285645,0.01871099137,671.0285645,0.01960659772,671.0285645,0.01842377707,671.0285645,0.01904805005,671.0285645,0.01871566661,
670.4472656,0.01983869262,670.4472656,0.01958566345,670.4472656,0.02034215443,670.4472656,0.01937075518,670.4472656,0.01947638206,670.4472656,0.0195574481,
670.0112915,0.01951539703,670.0112915,0.01971899904,670.0112915,0.02013991401,670.0112915,0.01964072138,670.0112915,0.01919410005,670.0112915,0.01937416568,
669.4298096,0.01919380203,669.4298096,0.01890343055,669.4298096,0.01958828978,669.4298096,0.0190352574,669.4298096,0.01904867217,669.4298096,0.01891670562,
668.9936523,0.01913831383,668.9936523,0.01904750988,668.9936523,0.01957190782,668.9936523,0.01927137747,668.9936523,0.0190318767,668.9936523,0.01885795407,
668.5574951,0.01947938651,668.5574951,0.01905635372,668.5574951,0.0194422435,668.5574951,0.01865975372,668.5574951,0.01896510646,668.5574951,0.01919721067,
667.975769,0.01970450766,667.975769,0.01932525821,667.975769,0.0199108012,667.975769,0.019522544,667.975769,0.01962208748,667.975769,0.01950453967,
667.5394287,0.01952644438,667.5394287,0.01939549483,667.5394287,0.01975028776,667.5394287,0.01936371811,667.5394287,0.01920097135,667.5394287,0.01906736195,
666.9575195,0.0183330141,666.9575195,0.01795131899,666.9575195,0.01851031929,666.9575195,0.01791236363,666.9575195,0.01811429858,666.9575195,0.01782060042,
666.5210571,0.01822752878,666.5210571,0.01774986275,666.5210571,0.01844246686,666.5210571,0.01785814576,666.5210571,0.01774217747,666.5210571,0.01779651642,
665.9390259,0.01798501611,665.9390259,0.0174750071,665.9390259,0.01811267808,665.9390259,0.01752411015,665.9390259,0.01754828729,665.9390259,0.01751879975,
665.5023804,0.01760254614,665.5023804,0.01732969657,665.5023804,0.01785169914,665.5023804,0.0172228124,665.5023804,0.01743900403,665.5023804,0.01726146229,
665.0657349,0.01814269088,665.0657349,0.01791508682,665.0657349,0.01855829731,665.0657349,0.01793030277,665.0657349,0.01784463227,665.0657349,0.01807500422,
664.4833984,0.01794902422,664.4833984,0.01775568724,664.4833984,0.01802815869,664.4833984,0.01780741289,664.4833984,0.01754890569,664.4833984,0.01716124639,
664.0465698,0.01778149605,664.0465698,0.01770178601,664.0465698,0.01811640337,664.0465698,0.01806070283,664.0465698,0.0175756719,664.0465698,0.01772262901,
663.4641113,0.01689830795,663.4641113,0.01671942696,663.4641113,0.01720535941,663.4641113,0.01678800583,663.4641113,0.01683294028,663.4641113,0.01677194238,
663.0271606,0.01708913594,663.0271606,0.01675103791,663.0271606,0.01778670028,663.0271606,0.01685845107,663.0271606,0.01698740013,663.0271606,0.01679962873,
662.444458,0.0167791266,662.444458,0.01653908752,662.444458,0.01739451848,662.444458,0.01678579859,662.444458,0.0165248625,662.444458,0.01651023328,
662.0073853,0.01670514233,662.0073853,0.01683791913,662.0073853,0.01725041866,662.0073853,0.01636554115,662.0073853,0.01652099006,662.0073853,0.01625024155,
661.5702515,0.01703768596,661.5702515,0.01682990044,661.5702515,0.01726122014,661.5702515,0.01667563245,661.5702515,0.01662745886,661.5702515,0.0164504908,
660.9873657,0.01655419916,660.9873657,0.01640403457,660.9873657,0.01711153798,660.9873657,0.01649364457,660.9873657,0.01661756076,660.9873657,0.0164442528,
660.5500488,0.01694608107,660.5500488,0.01653943583,660.5500488,0.01720767654,660.5500488,0.01635484397,660.5500488,0.01628824137,660.5500488,0.01622941531,
659.96698,0.01648810506,659.96698,0.01641105115,659.96698,0.01730636694,659.96698,0.01615541801,659.96698,0.01640231535,659.96698,0.01637798734,
659.529541,0.01678017527,659.529541,0.01647804864,659.529541,0.0169241447,659.529541,0.01664876193,659.529541,0.01652037166,659.529541,0.01649705879,
658.9462891,0.01654067263,658.9462891,0.01637887396,658.9462891,0.01724807546,658.9462891,0.01615039259,658.9462891,0.01617615856,658.9462891,0.01638632081,
658.508728,0.01670035347,658.508728,0.01645831391,658.508728,0.01675784402,658.508728,0.01618008129,658.508728,0.01617895253,658.508728,0.0159248244,
658.071167,0.01629832014,658.071167,0.01634761319,658.071167,0.01732223295,658.071167,0.01608435996,658.071167,0.01613800786,658.071167,0.01583562978,
657.4876099,0.01632355712,657.4876099,0.01652039774,657.4876099,0.0171742551,657.4876099,0.01615136117,657.4876099,0.01616877131,657.4876099,0.01645820774,
657.0498657,0.01642901078,657.0498657,0.01643871516,657.0498657,0.0168413911,657.0498657,0.01607186906,657.0498657,0.0161952097,657.0498657,0.01636551507,
656.4661865,0.01637986861,656.4661865,0.01625446044,656.4661865,0.01690665074,656.4661865,0.01602583006,656.4661865,0.01613083482,656.4661865,0.01617822796,
656.0283203,0.01618945971,656.0283203,0.01615944691,656.0283203,0.01686256938,656.0283203,0.01613814197,656.0283203,0.01625596546,656.0283203,0.01616127416,
655.444397,0.01641382091,655.444397,0.01595849916,655.444397,0.01670374349,655.444397,0.01624473184,655.444397,0.01590267196,655.444397,0.01582878269,
655.0064087,0.01645035669,655.0064087,0.01594684459,655.0064087,0.01667501405,655.0064087,0.01651558466,655.0064087,0.01612081379,655.0064087,0.01615377888,
654.5683594,0.01663404889,654.5683594,0.01669750176,654.5683594,0.01725938916,654.5683594,0.0166828949,654.5683594,0.01647213474,654.5683594,0.0166392941,
653.9842529,0.01612352766,653.9842529,0.01607068628,653.9842529,0.01677761972,653.9842529,0.01594896615,653.9842529,0.01597861387,653.9842529,0.01587152481,
653.5460815,0.01584260911,653.5460815,0.01583823375,653.5460815,0.01650991105,653.5460815,0.01581533253,653.5460815,0.01612954587,653.5460815,0.01599274017,
652.961731,0.01624838635,652.961731,0.01565004699,652.961731,0.0166760087,652.961731,0.01593382098,652.961731,0.01635089144,652.961731,0.01585954987,
652.5234375,0.01602773741,652.5234375,0.01591980271,652.5234375,0.01665987074,652.5234375,0.01595111378,652.5234375,0.01572924666,652.5234375,0.01577332057,
651.9389038,0.01606477797,651.9389038,0.01618481055,651.9389038,0.01656019688,651.9389038,0.01582185738,651.9389038,0.01610308327,651.9389038,0.01587370038,
651.5004883,0.01656390727,651.5004883,0.01612521894,651.5004883,0.01676454395,651.5004883,0.01589083113,651.5004883,0.01607049815,651.5004883,0.01567108743,
651.0620117,0.0160463769,651.0620117,0.01609029621,651.0620117,0.01642852649,651.0620117,0.01589853689,651.0620117,0.01620582305,651.0620117,0.01574972644,
650.4772339,0.01625446044,650.4772339,0.01635852642,650.4772339,0.01655581407,650.4772339,0.01577423327,650.4772339,0.01605239511,650.4772339,0.01598900743,
650.0385742,0.01602021605,650.0385742,0.01622170396,650.0385742,0.01669739559,650.0385742,0.01611302234,650.0385742,0.01619295217,650.0385742,0.01581455395,
649.4536743,0.0161952097,649.4536743,0.01618798077,649.4536743,0.01647417806,649.4536743,0.01598014496,649.4536743,0.01578690484,649.4536743,0.01588854752,
649.0148926,0.01612145826,649.0148926,0.01612645574,649.0148926,0.01671813615,649.0148926,0.01624876261,649.0148926,0.01604430936,649.0148926,0.01551435981,
648.4298096,0.01655508764,648.4298096,0.01688326336,648.4298096,0.01712120511,648.4298096,0.01649428904,648.4298096,0.01651819237,648.4298096,0.01641906239,
647.9909058,0.01680296473,647.9909058,0.01669497415,647.9909058,0.01705561578,647.9909058,0.0162170548,647.9909058,0.01651510037,647.9909058,0.01653177291,
647.5519409,0.01641107909,647.5519409,0.0165940281,647.5519409,0.01739791222,647.5519409,0.01642341726,647.5519409,0.01628163084,647.5519409,0.01629458368,
646.9666138,0.01649133116,646.9666138,0.01651246659,646.9666138,0.01715039462,646.9666138,0.0161630474,646.9666138,0.0163511876,646.9666138,0.01646562666,
646.5275269,0.0167146381,646.5275269,0.01651190035,646.5275269,0.01744477078,646.5275269,0.01628372632,646.5275269,0.01658340544,646.5275269,0.01650133356,
645.9420166,0.01615893655,645.9420166,0.01620805264,645.9420166,0.01651055738,645.9420166,0.01568839699,645.9420166,0.01589077711,645.9420166,0.01590259187,
645.5028076,0.01610141806,645.5028076,0.0161031913,645.5028076,0.0164841786,645.5028076,0.01551164966,645.5028076,0.01586000808,645.5028076,0.01573139429,
645.0635376,0.01633266918,645.0635376,0.0162499994,645.0635376,0.01662673242,645.0635376,0.01579672843,645.0635376,0.01599843428,645.0635376,0.015573062,
644.4777832,0.01618430018,644.4777832,0.0160501115,644.4777832,0.01637750305,644.4777832,0.01605113223,644.4777832,0.01598205231,644.4777832,0.01575385965,
644.0383911,0.01613564417,644.0383911,0.01598782651,644.0383911,0.01632780395,644.0383911,0.01608035713,644.0383911,0.01585428789,644.0383911,0.01587082818,
643.4523926,0.01587885618,643.4523926,0.01639462635,643.4523926,0.01650302857,643.4523926,0.01607299782,643.4523926,0.01566225663,643.4523926,0.01575310901,
643.0128784,0.01599311642,643.0128784,0.01590358466,643.0128784,0.01638427749,643.0128784,0.016217269,643.0128784,0.01564634405,643.0128784,0.01599636674,
642.4267578,0.01589558274,642.4267578,0.01602139883,642.4267578,0.01644148491,642.4267578,0.01588027924,642.4267578,0.01589724794,642.4267578,0.01585120149,
641.9871216,0.01611753553,641.9871216,0.01613126509,641.9871216,0.01646517031,641.9871216,0.01602741517,641.9871216,0.01569859497,641.9871216,0.01601535454,
641.5474243,0.01596803404,641.5474243,0.01586725563,641.5474243,0.0163705945,641.5474243,0.01610525884,641.5474243,0.01570643298,641.5474243,0.01549625117,
640.9609985,0.01598855108,640.9609985,0.0161323119,640.9609985,0.01656960882,640.9609985,0.01596097089,640.9609985,0.01582048833,640.9609985,0.01575826295,
640.5211792,0.01623215713,640.5211792,0.01608693786,640.5211792,0.01649622433,640.5211792,0.01631557383,640.5211792,0.01560458913,640.5211792,0.0161937587,
639.9346313,0.01629960909,639.9346313,0.01621772721,639.9346313,0.01672354341,639.9346313,0.01589034684,639.9346313,0.01571714133,639.9346313,0.01584440842,
639.4946899,0.01606550254,639.4946899,0.01599150524,639.4946899,0.01641317643,639.4946899,0.01581036672,639.4946899,0.01559554692,639.4946899,0.01585557684,
639.0546265,0.01608422585,639.0546265,0.01616871729,639.0546265,0.016716199,639.0546265,0.0159064848,639.0546265,0.01583831385,639.0546265,0.01610149816,
638.4678345,0.01616256312,638.4678345,0.01623277366,638.4678345,0.01656882837,638.4678345,0.01617040858,638.4678345,0.01588183641,638.4678345,0.01564494893,
638.02771,0.016017396,638.02771,0.0158957988,638.02771,0.01691644825,638.02771,0.01547739282,638.02771,0.01615055464,638.02771,0.01584481075,
637.4407349,0.01603557914,637.4407349,0.01591131836,637.4407349,0.01671996526,637.4407349,0.0157905817,637.4407349,0.01577332057,637.4407349,0.01595841907,
637.0004272,0.01610840298,637.0004272,0.01587638445,637.0004272,0.01673223265,637.0004272,0.01581718586,637.0004272,0.01581350714,637.0004272,0.01562613621,
636.5601196,0.01622089744,636.5601196,0.01588508487,636.5601196,0.01638554037,636.5601196,0.01586210169,636.5601196,0.01628767699,636.5601196,0.01583383046,
635.9729004,0.01588140614,635.9729004,0.01606740989,635.9729004,0.01653798483,635.9729004,0.01593323052,635.9729004,0.0157090351,635.9729004,0.01602668874,
635.5324097,0.01604095101,635.5324097,0.0159629304,635.5324097,0.01652593724,635.5324097,0.01552235428,635.5324097,0.01568879932,635.5324097,0.0158140976,
634.9450684,0.01595705003,634.9450684,0.01609840989,634.9450684,0.01659405418,634.9450684,0.01605945826,634.9450684,0.01590084657,634.9450684,0.01584207267,
634.5044556,0.0161991585,634.5044556,0.01608597115,634.5044556,0.01680431142,634.5044556,0.01576456986,634.5044556,0.0157906618,634.5044556,0.01607197709,
634.0637817,0.01621033624,634.0637817,0.01625319757,634.0637817,0.0167368874,634.0637817,0.01611861028,634.0637817,0.01575034298,634.0637817,0.01613873243,
633.4761963,0.0161487814,633.4761963,0.01622780226,633.4761963,0.01644670032,633.4761963,0.01592240855,633.4761963,0.01568447798,633.4761963,0.01590739749,
633.0354004,0.01619367674,633.0354004,0.01609609835,633.0354004,0.0168049559,633.0354004,0.01592555083,633.0354004,0.01609483548,633.0354004,0.01585705392,
632.4476318,0.01610751636,632.4476318,0.01624725759,632.4476318,0.01688312925,632.4476318,0.01614759862,632.4476318,0.01611823402,632.4476318,0.01600028761,
632.0067139,0.01626112498,632.0067139,0.01599934697,632.0067139,0.01689599268,632.0067139,0.01597335003,632.0067139,0.01597619802,632.0067139,0.01586967334,
631.5657349,0.01607842371,631.5657349,0.01610861719,631.5657349,0.01678553037,631.5657349,0.01608989388,631.5657349,0.01595710404,631.5657349,0.01570323855,
630.9776611,0.01612761058,630.9776611,0.01610786468,630.9776611,0.01685145497,630.9776611,0.01586894877,630.9776611,0.01608599909,630.9776611,0.01599617861,
630.5366211,0.01634008624,630.5366211,0.01588425227,630.5366211,0.01692363434,630.5366211,0.01563531347,630.5366211,0.01564943045,630.5366211,0.01590661891,
629.9483643,0.01609779149,629.9483643,0.01603960805,629.9483643,0.01699636318,629.9483643,0.01569827273,629.9483643,0.01593516394,629.9483643,0.01589209214,
629.5072021,0.0162620917,629.5072021,0.01606971957,629.5072021,0.01674178243,629.5072021,0.01600262523,629.5072021,0.01580803096,629.5072021,0.0157954134,
629.065918,0.01611673087,629.065918,0.01606104337,629.065918,0.01714123972,629.065918,0.01571346447,629.065918,0.0157236103,629.065918,0.01592251472,
628.477478,0.01609558798,628.477478,0.0159908887,628.477478,0.01685113274,628.477478,0.01595431007,628.477478,0.01589356922,628.477478,0.01591223106,
628.0360718,0.01604038849,628.0360718,0.01634212956,628.0360718,0.01711576618,628.0360718,0.01588460058,628.0360718,0.01605440862,628.0360718,0.01601879299,
627.4474487,0.01617341861,627.4474487,0.01613953896,627.4474487,0.01708709076,627.4474487,0.01596698537,627.4474487,0.0158685185,627.4474487,0.01592992619,
627.0059204,0.01614708826,627.0059204,0.01621780731,627.0059204,0.017105937,627.0059204,0.01594206505,627.0059204,0.01601145975,627.0059204,0.01598500647,
626.5643311,0.01614133827,626.5643311,0.01618322544,626.5643311,0.01693843678,626.5643311,0.0159418229,626.5643311,0.01599856839,626.5643311,0.0158676859,
625.9754639,0.01624035276,625.9754639,0.0163229648,625.9754639,0.01700247452,625.9754639,0.01611240581,625.9754639,0.01586199366,625.9754639,0.01601135358,
625.5337524,0.01643930748,625.5337524,0.01604557224,625.5337524,0.01699806005,625.5337524,0.0161538329,625.5337524,0.01591547951,625.5337524,0.01622291282,
624.9447021,0.01645748131,624.9447021,0.01610432006,624.9447021,0.01696169376,624.9447021,0.01586408913,624.9447021,0.01594214514,624.9447021,0.01653400436,
624.5028687,0.01647407003,624.5028687,0.01654449105,624.5028687,0.01679728739,624.5028687,0.01595632359,624.5028687,0.01621329226,624.5028687,0.0162337143,
624.0609741,0.01643183269,624.0609741,0.01666933857,624.0609741,0.01686135866,624.0609741,0.01605585963,624.0609741,0.0158158429,624.0609741,0.01605865359,
623.4717407,0.01610899344,623.4717407,0.01650386117,623.4717407,0.0168782305,623.4717407,0.01638621278,623.4717407,0.01597230323,623.4717407,0.01617384888,
623.0297241,0.01638322882,623.0297241,0.0165755786,623.0297241,0.01684914157,623.0297241,0.01616406813,623.0297241,0.01613153331,623.0297241,0.01624669507,
622.4402466,0.01638478786,622.4402466,0.01655301638,622.4402466,0.01710146852,622.4402466,0.01637618616,622.4402466,0.01617145725,622.4402466,0.01624712348,
621.9981079,0.01637640037,621.9981079,0.01658942923,621.9981079,0.01695316099,621.9981079,0.01616269909,621.9981079,0.01591658033,621.9981079,0.01616933383,
621.5559082,0.01629358903,621.5559082,0.01648716442,621.5559082,0.01685810089,621.5559082,0.01605048776,621.5559082,0.01605089009,621.5559082,0.01612986811,
620.9662476,0.01637212746,620.9662476,0.01649117097,620.9662476,0.01720479503,620.9662476,0.01614034548,620.9662476,0.01589952968,620.9662476,0.0161192026,
620.5239258,0.01638500392,620.5239258,0.01652970165,620.5239258,0.01685301587,620.5239258,0.01615796983,620.5239258,0.0159934666,620.5239258,0.01618755236,
619.934082,0.01636169851,619.934082,0.01632218622,619.934082,0.01691841334,619.934082,0.01609698497,619.934082,0.0161479488,619.934082,0.01588097587,
619.4916382,0.01637575589,619.4916382,0.01621401869,619.4916382,0.01693299972,619.4916382,0.01622237451,619.4916382,0.01605717652,619.4916382,0.01637446508,
619.0491333,0.01639312133,619.0491333,0.01619940065,619.0491333,0.01702535525,619.0491333,0.01602188125,619.0491333,0.01602478325,619.0491333,0.01622044109,
618.4590454,0.01615308039,618.4590454,0.01613209769,618.4590454,0.01709635183,618.4590454,0.01592090353,618.4590454,0.01604559831,618.4590454,0.01587611623,
618.0164185,0.01618585922,618.0164185,0.01629219204,618.0164185,0.0173420608,618.0164185,0.01618212461,618.0164185,0.01614082791,618.0164185,0.01607143879,
617.5737305,0.01612938382,617.5737305,0.01604245603,617.5737305,0.01699256711,617.5737305,0.01590028219,617.5737305,0.01591115631,617.5737305,0.01609139703,
616.9833984,0.01633097604,616.9833984,0.01609722711,616.9833984,0.01714751311,616.9833984,0.01597292162,616.9833984,0.01579659432,616.9833984,0.01615673304,
616.5406494,0.01599381492,616.5406494,0.01608126983,616.5406494,0.01683598198,616.5406494,0.01576542854,616.5406494,0.01602373458,616.5406494,0.01603901759,
615.9501343,0.01615928672,615.9501343,0.01607342623,615.9501343,0.01675827429,615.9501343,0.01586709544,615.9501343,0.01590280607,615.9501343,0.01594158076,
615.5072021,0.01606077515,615.5072021,0.01612769067,615.5072021,0.01691655628,615.5072021,0.01575238444,615.5072021,0.01574011706,615.5072021,0.0160460826,
615.064209,0.01612479053,615.064209,0.01614518091,615.064209,0.01698325388,615.064209,0.01578252763,615.064209,0.01562814973,615.064209,0.01589713991,
614.4735107,0.01581740007,614.4735107,0.01572323404,614.4735107,0.0168426279,614.4735107,0.01585895941,614.4735107,0.01588999853,614.4735107,0.01597539149,
614.0303955,0.0158970058,614.0303955,0.01615998521,614.0303955,0.01688164845,614.0303955,0.01576725394,614.0303955,0.0156836994,614.0303955,0.01568590105,
613.4395142,0.01608618721,613.4395142,0.01607839577,613.4395142,0.01684782282,613.4395142,0.01597434469,613.4395142,0.01576910727,613.4395142,0.0158206746,
612.9962769,0.01583976299,612.9962769,0.01595334336,612.9962769,0.01688458212,612.9962769,0.01562436577,612.9962769,0.01552643161,612.9962769,0.01568979211,
612.5529785,0.01586475968,612.5529785,0.01596956328,612.5529785,0.01662850752,612.5529785,0.01587506942,612.5529785,0.01559240744,612.5529785,0.01583235338,
611.961853,0.01579530723,611.961853,0.01580072939,611.961853,0.01629063301,611.961853,0.01564747095,611.961853,0.0156928245,611.961853,0.01568407565,
611.5184326,0.01578867622,611.5184326,0.01588425227,611.5184326,0.01638129354,611.5184326,0.01574438438,611.5184326,0.01563051157,611.5184326,0.01577922702,
610.927124,0.01604710333,610.927124,0.01589791849,610.927124,0.01636621356,610.927124,0.01574282721,610.927124,0.01558776572,610.927124,0.01567970216,
610.4836426,0.01590871438,610.4836426,0.01581756212,610.4836426,0.0163470488,610.4836426,0.01573695056,610.4836426,0.01558011863,610.4836426,0.01569542848,
610.0400391,0.0162182916,610.0400391,0.01571150497,610.0400391,0.01628622599,610.0400391,0.01555041689,610.0400391,0.01557773072,610.0400391,0.0155720152,
609.4484863,0.01593124308,609.4484863,0.0156874042,609.4484863,0.01641616039,609.4484863,0.01549445372,609.4484863,0.01570951939,609.4484863,0.01575716212,
609.0048218,0.01577101275,609.0048218,0.01589730196,609.0048218,0.01634062454,609.0048218,0.01549190562,609.0048218,0.01537831221,609.0048218,0.01574843749,
608.5610352,0.01595987007,608.5610352,0.01555857342,608.5610352,0.01639357768,608.5610352,0.01551527157,608.5610352,0.01549059059,608.5610352,0.01559847128,
607.9692993,0.01604409516,607.9692993,0.01555970032,607.9692993,0.01630794071,607.9692993,0.01537195593,607.9692993,0.0153688984,607.9692993,0.01534596924,
607.5253906,0.01592909545,607.5253906,0.0155550316,607.5253906,0.01627469622,607.5253906,0.0155226225,607.5253906,0.01546542905,607.5253906,0.0156394206,
606.9334717,0.01562111918,606.9334717,0.01564937644,606.9334717,0.01616592333,606.9334717,0.01555682905,606.9334717,0.01546982862,606.9334717,0.01541572623,
606.4894409,0.01582271606,606.4894409,0.01553756557,606.4894409,0.01610437222,606.4894409,0.01557043195,606.4894409,0.01539118588,606.4894409,0.01552085206,
606.0454102,0.01575418189,606.0454102,0.01570240594,606.0454102,0.01621216349,606.0454102,0.01528933551,606.0454102,0.01518981531,606.0454102,0.0154282786,
605.4532471,0.0156345088,605.4532471,0.01556324214,605.4532471,0.01638156176,605.4532471,0.01527727023,605.4532471,0.01532304194,605.4532471,0.01531234197,
605.0090332,0.01597216912,605.0090332,0.01567929797,605.0090332,0.01621807553,605.0090332,0.015119371,605.0090332,0.01539075654,605.0090332,0.01544059068,
604.5648193,0.01586379297,604.5648193,0.01567817107,604.5648193,0.01622344926,604.5648193,0.01540169865,604.5648193,0.01542079542,604.5648193,0.01548908837,
603.9724121,0.01555581018,603.9724121,0.01572922058,603.9724121,0.01597915217,603.9724121,0.01532861963,603.9724121,0.0152047202,603.9724121,0.01540011633,
603.5280762,0.0156978704,603.5280762,0.0157364402,603.5280762,0.01613115706,603.5280762,0.01531695481,603.5280762,0.01522606052,603.5280762,0.01525520347,
602.9354858,0.01557778381,602.9354858,0.0154758906,602.9354858,0.0161720477,602.9354858,0.01547892205,602.9354858,0.01530169696,602.9354858,0.01561022457,
602.4910278,0.01561011747,602.4910278,0.015574269,602.4910278,0.01639446616,602.4910278,0.01528828964,602.4910278,0.01520691905,602.4910278,0.01522021648,
602.0465088,0.0153795993,602.0465088,0.01562154852,602.0465088,0.01616038755,602.0465088,0.01539831981,602.0465088,0.01533891633,602.0465088,0.01526102144,
601.4537354,0.01551559381,601.4537354,0.01544268243,601.4537354,0.01644893177,601.4537354,0.01519171894,601.4537354,0.01508699451,601.4537354,0.01528432127,
601.0090942,0.01532633975,601.0090942,0.01568096317,601.0090942,0.01603778265,601.0090942,0.01536487602,601.0090942,0.01517477632,601.0090942,0.01491828822,
600.5643311,0.015378071,600.5643311,0.01550196577,600.5643311,0.01586220786,600.5643311,0.01497972291,600.5643311,0.01514046546,600.5643311,0.01512427628,
599.9713135,0.01534100808,599.9713135,0.01531328075,599.9713135,0.01629350893,599.9713135,0.01509653591,599.9713135,0.01514625549,599.9713135,0.01516338438,
599.5264893,0.0153862508,599.5264893,0.01545805205,599.5264893,0.01622559875,599.5264893,0.01510042232,599.5264893,0.01515118778,599.5264893,0.0151020037,
598.9333496,0.01531062648,598.9333496,0.01504191756,598.9333496,0.01587337814,598.9333496,0.014957726,598.9333496,0.01509878691,598.9333496,0.01523043029,
598.4884033,0.01528965775,598.4884033,0.01529708505,598.4884033,0.0157951992,598.4884033,0.01485691499,598.4884033,0.01499542501,598.4884033,0.01497803535,
598.043396,0.01516909339,598.043396,0.01542884205,598.043396,0.01568324491,598.043396,0.01505110972,598.043396,0.01495952066,598.043396,0.01510669384,
597.4499512,0.01524954662,597.4499512,0.01528373174,597.4499512,0.01582086273,597.4499512,0.01479196176,597.4499512,0.01477275882,597.4499512,0.01501557603,
597.0048828,0.01528102346,597.0048828,0.01534205396,597.0048828,0.01567194611,597.0048828,0.01502042543,597.0048828,0.01483208407,597.0048828,0.01489891857,
596.5596924,0.01507718582,596.5596924,0.01532207616,596.5596924,0.0155606661,596.5596924,0.01507011056,596.5596924,0.01489037275,596.5596924,0.01486138813,
595.9660645,0.01506223064,595.9660645,0.01532958448,595.9660645,0.01564594172,595.9660645,0.01484877151,595.9660645,0.01475454774,595.9660645,0.01492661983,
595.520752,0.01498218812,595.520752,0.01513162069,595.520752,0.01573147438,595.520752,0.01480069291,595.520752,0.01471475419,595.520752,0.01473031193,
594.9269409,0.01504411455,594.9269409,0.0152193848,594.9269409,0.01558730938,594.9269409,0.0150321098,594.9269409,0.01483749505,594.9269409,0.0149529567,
594.4815063,0.01490558963,594.4815063,0.01496637985,594.4815063,0.01557861548,594.4815063,0.01470369473,594.4815063,0.01453877706,594.4815063,0.01479630079,
594.0360718,0.01495930646,594.0360718,0.01508833468,594.0360718,0.01559678093,594.0360718,0.01466130838,594.0360718,0.01467110775,594.0360718,0.01494523976,
593.4420166,0.01490532141,593.4420166,0.01514668483,593.4420166,0.01545378752,593.4420166,0.01470190007,593.4420166,0.0146213891,593.4420166,0.01463702414,
592.99646,0.0146778021,592.99646,0.01507070009,592.99646,0.01532730553,592.99646,0.01463356987,592.99646,0.01464259252,592.99646,0.01484689675,
592.5508423,0.01486883499,592.5508423,0.01490532141,592.5508423,0.01550853811,592.5508423,0.0146467695,592.5508423,0.01459940895,592.5508423,0.0148602901,
591.956543,0.0145625202,591.956543,0.01502851862,591.956543,0.01534862444,591.956543,0.01483690552,591.956543,0.01454405021,591.956543,0.01493961364,
591.5108032,0.01459624991,591.5108032,0.01486556698,591.5108032,0.01523088664,591.5108032,0.01460369304,591.5108032,0.01456573233,591.5108032,0.01479908638,
591.0650024,0.01449538954,591.0650024,0.01526450738,591.0650024,0.01513566822,591.0650024,0.01437285263,591.0650024,0.01434473135,591.0650024,0.01450740732,
590.47052,0.0146291526,590.47052,0.01508431416,590.47052,0.01541282982,590.47052,0.01450609602,590.47052,0.01445216686,590.47052,0.01446287241,
590.0245972,0.01436442416,590.0245972,0.01506464276,590.0245972,0.01531448774,590.0245972,0.01441047434,590.0245972,0.01439784374,590.0245972,0.01454520132,
589.4299316,0.01461215224,589.4299316,0.01480819285,589.4299316,0.01514826622,589.4299316,0.01452261023,589.4299316,0.01416625734,589.4299316,0.01444451325,
588.9838867,0.0146153653,588.9838867,0.01517204288,588.9838867,0.0151190497,588.9838867,0.01413683966,588.9838867,0.01414440759,588.9838867,0.01442109793,
588.5377808,0.01440308895,588.5377808,0.01453968696,588.5377808,0.01531845611,588.5377808,0.01427525375,588.5377808,0.01409121882,588.5377808,0.01431725454,
587.9429321,0.01432790235,587.9429321,0.01459177956,587.9429321,0.01496375445,587.9429321,0.01414718851,587.9429321,0.01417847909,587.9429321,0.01422362775,
587.4967041,0.01430417225,587.4967041,0.01451680157,587.4967041,0.01486996002,587.4967041,0.01407325082,587.4967041,0.01403616555,587.4967041,0.01441084873,
587.050415,0.01425564568,587.050415,0.01473400742,587.050415,0.01458473876,587.050415,0.01395187434,587.050415,0.01422362775,587.050415,0.01421736833,
586.4553223,0.01413371041,586.4553223,0.01433820371,586.4553223,0.0150196217,586.4553223,0.01400183793,586.4553223,0.01376573276,586.4553223,0.01424754038,
586.0089111,0.01431722846,586.0089111,0.0145314699,586.0089111,0.01460519154,586.0089111,0.01389633119,586.0089111,0.01381639577,586.0089111,0.01439008396,
585.5625,0.01405924,585.5625,0.01435174141,585.5625,0.01478636451,585.5625,0.0137229031,585.5625,0.01369968709,585.5625,0.01395569742,
584.9671631,0.01410552487,584.9671631,0.01437204983,584.9671631,0.01476587635,584.9671631,0.01382398512,584.9671631,0.01381965633,584.9671631,0.01384106185,
584.5206299,0.01403613947,584.5206299,0.01423242781,584.5206299,0.01471593231,584.5206299,0.01374467835,584.5206299,0.01373302937,584.5206299,0.01396205928,
584.0740356,0.01404335815,584.0740356,0.01413732115,584.0740356,0.01489066798,584.0740356,0.01362814847,584.0740356,0.01364850253,584.0740356,0.01378326118,
583.4784546,0.01380268764,583.4784546,0.01415908989,583.4784546,0.0146685373,583.4784546,0.01367046125,583.4784546,0.01355555374,583.4784546,0.01369079016,
583.0317383,0.0140022384,583.0317383,0.01419693418,583.0317383,0.01436043717,583.0317383,0.0135530699,583.0317383,0.01365400571,583.0317383,0.013606566,
582.4360352,0.01364420168,582.4360352,0.01407087035,582.4360352,0.01428582054,582.4360352,0.01331998408,582.4360352,0.01346598845,582.4360352,0.01378360856,
581.9891968,0.0136393141,581.9891968,0.01403100602,581.9891968,0.0144630596,581.9891968,0.01331491303,581.9891968,0.01329355966,581.9891968,0.01354954485,
581.5422974,0.01385279372,581.5422974,0.01420672331,581.5422974,0.01450510509,581.5422974,0.01342479046,581.5422974,0.01332302764,581.5422974,0.01348131523,
580.9463501,0.01374962088,580.9463501,0.01386997849,580.9463501,0.01430599205,580.9463501,0.01312421449,580.9463501,0.01338279527,580.9463501,0.01329855062,
580.4993286,0.0134154465,580.4993286,0.01390517782,580.4993286,0.01417069696,580.4993286,0.01312213298,580.4993286,0.01310887374,580.4993286,0.01322497055,
580.0523071,0.01360750105,580.0523071,0.01378753595,580.0523071,0.01425786596,580.0523071,0.01309489366,580.0523071,0.01325195096,580.0523071,0.01335497946,
579.4561157,0.01357934996,579.4561157,0.01378165744,579.4561157,0.01396115031,579.4561157,0.01309788227,579.4561157,0.01302489545,579.4561157,0.01325704902,
579.0089722,0.01335842256,579.0089722,0.01378905959,579.0089722,0.01395524293,579.0089722,0.01311607752,579.0089722,0.01287029311,579.0089722,0.01333690714,
578.5617065,0.01337281149,578.5617065,0.01364692673,578.5617065,0.01405798271,578.5617065,0.01259056572,578.5617065,0.01310767327,578.5617065,0.01309926901,
577.965332,0.01322424971,577.965332,0.01375237294,577.965332,0.01383916382,577.965332,0.01271054894,577.965332,0.01265841536,577.965332,0.01312770974,
577.5180054,0.01315276325,577.5180054,0.01319508255,577.5180054,0.01374507882,577.5180054,0.01254305616,577.5180054,0.01253772713,577.5180054,0.01298328582,
577.0706177,0.01302871015,577.0706177,0.01312266663,577.0706177,0.01340135001,577.0706177,0.01263432298,577.0706177,0.01257087383,577.0706177,0.01269101165,
576.473999,0.01270740386,576.473999,0.01323882118,576.473999,0.01345375925,576.473999,0.01243609097,576.473999,0.01266547758,576.473999,0.01274720021,
576.0264893,0.01292445231,576.0264893,0.01329246536,576.0264893,0.01334739849,576.0264893,0.0123095531,576.0264893,0.01248657331,576.0264893,0.0126240626,
575.4297485,0.01279873122,575.4297485,0.01317282859,575.4297485,0.0133279385,575.4297485,0.01235615835,575.4297485,0.01239379216,575.4297485,0.01241661981,
574.9821167,0.01259781327,574.9821167,0.01294138748,574.9821167,0.01341352426,574.9821167,0.01208519842,574.9821167,0.01223182678,574.9821167,0.01225456502,
574.5344238,0.01255211513,574.5344238,0.01301529258,574.5344238,0.01321675163,574.5344238,0.01214791089,574.5344238,0.01217115112,574.5344238,0.01211908273,
573.937439,0.01243955456,573.937439,0.01247900724,573.937439,0.01317066699,573.937439,0.01196669135,573.937439,0.01203915477,573.937439,0.01198678184,
573.4896851,0.01228537317,573.4896851,0.01257686876,573.4896851,0.01296659,573.4896851,0.01185907144,573.4896851,0.01188833453,573.4896851,0.0118258195,
573.0418091,0.01207287516,573.0418091,0.01264471654,573.0418091,0.01294592116,573.0418091,0.01174168941,573.0418091,0.01187556516,573.0418091,0.0118054701,
572.4446411,0.01219034567,572.4446411,0.01240838878,572.4446411,0.01261724066,572.4446411,0.01173623744,572.4446411,0.01173671614,572.4446411,0.01171424426,
571.9966431,0.01210811548,571.9966431,0.01235546544,571.9966431,0.01254468132,571.9966431,0.01156468038,571.9966431,0.01161102019,571.9966431,0.01158363558,
571.548645,0.01195516996,571.548645,0.01208112575,571.548645,0.01259115152,571.548645,0.01154947467,571.548645,0.01172400452,571.548645,0.01149798464,
570.9512329,0.01192962658,570.9512329,0.01208333485,570.9512329,0.01257415116,570.9512329,0.01158727799,570.9512329,0.01153211575,570.9512329,0.01163681038,
570.5031128,0.01160923857,570.5031128,0.01188341342,570.5031128,0.01212174445,570.5031128,0.01128021255,570.5031128,0.01135205664,570.5031128,0.01137915999,
570.0549316,0.01129044127,570.0549316,0.01192204375,570.0549316,0.01210832875,570.0549316,0.01119297463,570.0549316,0.01115069073,570.0549316,0.0111792963,
569.4572754,0.01127261482,569.4572754,0.0116697019,569.4572754,0.0118481908,569.4572754,0.01120784972,569.4572754,0.01102728769,569.4572754,0.01112978905,
569.0089722,0.01118572336,569.0089722,0.01167560555,569.0089722,0.01203960646,569.0089722,0.01096173655,569.0089722,0.01090697199,569.0089722,0.01097126678,
568.5606689,0.01128557976,568.5606689,0.01167472731,568.5606689,0.01181916893,568.5606689,0.01086341497,568.5606689,0.0109294029,568.5606689,0.01106337272,
567.9628296,0.0109641524,567.9628296,0.01139462553,567.9628296,0.01177437697,567.9628296,0.01049204357,567.9628296,0.01082878001,567.9628296,0.01079186518,
567.5143433,0.01089213416,567.5143433,0.01134302188,567.5143433,0.0115994541,567.5143433,0.01050617918,567.5143433,0.01070055924,567.5143433,0.0107045928,
567.0658569,0.01088825893,567.0658569,0.01130935829,567.0658569,0.01145678759,567.0658569,0.01052445173,567.0658569,0.01050156448,567.0658569,0.01049265359,
566.4677734,0.0106102284,566.4677734,0.01103501394,566.4677734,0.01145928539,566.4677734,0.01025081519,566.4677734,0.01042869501,566.4677734,0.01039343141,
566.019165,0.01053792424,566.019165,0.0109682139,566.019165,0.01142181177,566.019165,0.01030592062,566.019165,0.0101457648,566.019165,0.01035856828,
565.5704956,0.01049798448,565.5704956,0.01070897002,565.5704956,0.01111534145,565.5704956,0.01023409143,565.5704956,0.01033926848,565.5704956,0.01030835975,
564.972168,0.01051607076,564.972168,0.01063259039,564.972168,0.01098387782,564.972168,0.01004055515,564.972168,0.01011198107,564.972168,0.01032423787,
564.5234375,0.01017761603,564.5234375,0.01054588053,564.5234375,0.01100997627,564.5234375,0.009891857393,564.5234375,0.009927451611,564.5234375,0.01016060356,
564.074585,0.01017984282,564.074585,0.01042333897,564.074585,0.01071093325,564.074585,0.009675947949,564.074585,0.009742867202,564.074585,0.009880258702,
563.4760742,0.009942362085,563.4760742,0.01011055056,563.4760742,0.01052370854,563.4760742,0.009529015981,563.4760742,0.009634949267,563.4760742,0.009651438333,
563.0270996,0.009671739303,563.0270996,0.01002095174,563.0270996,0.01048029587,563.0270996,0.009504302405,563.0270996,0.009363088757,563.0270996,0.00949432794,
562.4284668,0.009686958976,562.4284668,0.009982489981,562.4284668,0.01041209698,562.4284668,0.00946839992,562.4284668,0.009492025711,562.4284668,0.009433293715,
561.9793701,0.009518855251,561.9793701,0.009823194705,561.9793701,0.0101575302,561.9793701,0.00908645615,561.9793701,0.009202778339,561.9793701,0.009435303509,
561.5302734,0.009516367689,561.5302734,0.009814615361,561.5302734,0.009990780614,561.5302734,0.008977564983,561.5302734,0.009128275327,561.5302734,0.009143476374,
560.9313965,0.009509806521,560.9313965,0.009592074901,560.9313965,0.009895724244,560.9313965,0.008852505125,560.9313965,0.008877445944,560.9313965,0.0091908006,
560.4821777,0.009349599481,560.4821777,0.009477130137,560.4821777,0.009628067724,560.4821777,0.008680551313,560.4821777,0.008877392858,560.4821777,0.008961047977,
560.0328979,0.009155161679,560.0328979,0.009465225041,560.0328979,0.009580219164,560.0328979,0.008650261909,560.0328979,0.008791824803,560.0328979,0.009009674191,
559.4338379,0.009040517733,559.4338379,0.00931341853,559.4338379,0.009371764958,559.4338379,0.008455292322,559.4338379,0.008430375718,559.4338379,0.008493328467,
558.984436,0.008910128847,558.984436,0.009196220897,558.984436,0.009406548925,558.984436,0.008392212912,558.984436,0.008414302953,558.984436,0.008337480947,
558.5350342,0.008804293349,558.5350342,0.00881097652,558.5350342,0.009129174054,558.5350342,0.008229463361,558.5350342,0.008163647726,558.5350342,0.008266002871,
557.9356689,0.008535276167,557.9356689,0.008569095284,557.9356689,0.008890576661,557.9356689,0.0081471093,557.9356689,0.008166627958,557.9356689,0.008392424323,
557.486145,0.008340120316,557.486145,0.008566481061,557.486145,0.008938032202,557.486145,0.007959746756,557.486145,0.007911792025,557.486145,0.008086527698,
557.0365601,0.008255951107,557.0365601,0.008655437268,557.0365601,0.008826589212,557.0365601,0.008048974909,557.0365601,0.007744241972,557.0365601,0.007937917486,
556.4370117,0.008187651634,556.4370117,0.008377064951,556.4370117,0.008694389835,556.4370117,0.007678499445,556.4370117,0.007604020648,556.4370117,0.00772034144,
555.9873047,0.00788295269,555.9873047,0.008169977926,555.9873047,0.008392476477,555.9873047,0.007402831689,555.9873047,0.007425608579,555.9873047,0.007705875672,
555.5375977,0.007833531126,555.5375977,0.008065219037,555.5375977,0.008153623901,555.5375977,0.007434956729,555.5375977,0.007393510547,555.5375977,0.007435325533,
554.9378052,0.007472746074,554.9378052,0.007785800844,554.9378052,0.008311859332,554.9378052,0.00721147377,554.9378052,0.007225133944,554.9378052,0.007184471004,
554.4879761,0.007245822344,554.4879761,0.007813078351,554.4879761,0.008067197166,554.4879761,0.006994788069,554.4879761,0.007000364829,554.4879761,0.007058874704,
554.0380249,0.007294835523,554.0380249,0.00776782725,554.0380249,0.007923074998,554.0380249,0.007088816725,554.0380249,0.006921399385,554.0380249,0.007031565532,
553.4381104,0.007036564406,553.4381104,0.007440197282,553.4381104,0.007608472835,553.4381104,0.006627996452,553.4381104,0.006676677614,553.4381104,0.006707434542,
552.9880981,0.006917217746,552.9880981,0.007199946325,552.9880981,0.007654181216,552.9880981,0.006511836778,552.9880981,0.006590438541,552.9880981,0.006669658702,
552.5380249,0.006618613377,552.5380249,0.00721473759,552.5380249,0.007444805466,552.5380249,0.006280292757,552.5380249,0.00646002125,552.5380249,0.006621504668,
551.9378052,0.006624001544,551.9378052,0.006977741607,551.9378052,0.007344881073,551.9378052,0.00628278777,551.9378052,0.006381758489,551.9378052,0.006484351587,
551.4876709,0.006387459114,551.4876709,0.006820307113,551.4876709,0.007161154412,551.4876709,0.006137760356,551.4876709,0.006184180733,551.4876709,0.006331535056,
551.0374146,0.006233704742,551.0374146,0.006664874963,551.0374146,0.006981845479,551.0374146,0.005905890837,551.0374146,0.005954385735,551.0374146,0.006044987123,
550.4370117,0.006285466719,550.4370117,0.006797824986,550.4370117,0.006855229381,550.4370117,0.005892613437,550.4370117,0.005940949544,550.4370117,0.005906441715,
549.9866943,0.00589699531,549.9866943,0.006298467051,549.9866943,0.006718659773,549.9866943,0.00568175083,549.9866943,0.005661425646,549.9866943,0.005744568538,
549.5363159,0.005739847198,549.5363159,0.006222438999,549.5363159,0.006591910031,549.5363159,0.005714797881,549.5363159,0.005525100045,549.5363159,0.005529216025,
548.93573,0.005687861703,548.93573,0.006097146776,548.93573,0.006398860365,548.93573,0.005439796951,548.93573,0.005391097162,548.93573,0.005504519679,
548.4852295,0.00556508312,548.4852295,0.005913500674,548.4852295,0.006305348128,548.4852295,0.005344866309,548.4852295,0.005366880447,548.4852295,0.005397230387,
548.034668,0.005469470285,548.034668,0.005832345225,548.034668,0.006142591126,548.034668,0.005137622356,548.034668,0.005174767226,548.034668,0.005222185049,
547.4338379,0.005210448056,547.4338379,0.005654160865,547.4338379,0.006086252164,547.4338379,0.004938017577,547.4338379,0.005034508649,547.4338379,0.004918564577,
546.9832153,0.005214953795,546.9832153,0.005586085841,546.9832153,0.005887838081,546.9832153,0.004862253554,546.9832153,0.004871598911,546.9832153,0.004884190857,
546.5324707,0.005148204975,546.5324707,0.005516081117,546.5324707,0.005913658068,546.5324707,0.004794877954,546.5324707,0.004806185141,546.5324707,0.004909296986,
545.9314575,0.005071906373,545.9314575,0.005340070929,545.9314575,0.005641783122,545.9314575,0.004719505552,545.9314575,0.004714428447,545.9314575,0.004687711596,
545.4806519,0.004887096584,545.4806519,0.00527838571,545.4806519,0.00553561328,545.4806519,0.004607700277,545.4806519,0.004545517731,545.4806519,0.004785586614,
545.0297852,0.004899793305,545.0297852,0.005242018029,545.0297852,0.005645716563,545.0297852,0.004550382961,545.0297852,0.004542666487,545.0297852,0.004555876367,
544.4285278,0.004710372537,544.4285278,0.005057685543,544.4285278,0.005586059764,544.4285278,0.004465193022,544.4285278,0.00444884738,544.4285278,0.004484703764,
543.9776001,0.004468880594,543.9776001,0.005025028717,543.9776001,0.005314415786,543.9776001,0.004248329904,543.9776001,0.004352956545,543.9776001,0.004320875742,
543.5265503,0.004508792888,543.5265503,0.004874164239,543.5265503,0.005340830889,543.5265503,0.004252224695,543.5265503,0.004203004763,543.5265503,0.004180213436,
542.9251099,0.004420551006,542.9251099,0.004905369598,542.9251099,0.005344027653,542.9251099,0.004236383829,542.9251099,0.004229587503,542.9251099,0.004342994653,
542.473999,0.004379470367,542.473999,0.004829611629,542.473999,0.005132383667,542.473999,0.004138710909,542.473999,0.004222843796,542.473999,0.004172869027,
542.0228271,0.00428367313,542.0228271,0.004674444906,542.0228271,0.005136417691,542.0228271,0.004069905728,542.0228271,0.004146420397,542.0228271,0.004108292051,
541.5715942,0.004303568043,541.5715942,0.004696215969,541.5715942,0.005194938742,541.5715942,0.004249663092,541.5715942,0.004048271105,541.5715942,0.004074792378,
540.9698486,0.004370161332,540.9698486,0.004653878976,540.9698486,0.005147628486,540.9698486,0.004259021487,540.9698486,0.004180161282,540.9698486,0.004309450742,
540.5185547,0.004374658689,540.5185547,0.004686873872,540.5185547,0.005121801514,540.5185547,0.00430992106,540.5185547,0.004171640612,540.5185547,0.004297555424,
540.0671387,0.004356251098,540.0671387,0.004772788379,540.0671387,0.00523952907,540.0671387,0.004146185238,540.0671387,0.004202194512,540.0671387,0.004232070874,
539.46521,0.00440768525,539.46521,0.004714873619,539.46521,0.005146502052,539.46521,0.004386635032,539.46521,0.00416450575,539.46521,0.004154286813,
539.0137329,0.004380045459,539.0137329,0.004735547118,539.0137329,0.005248987582,539.0137329,0.004404128529,539.0137329,0.004141455051,539.0137329,0.004050831776,
538.5621948,0.004322130699,538.5621948,0.004810006358,538.5621948,0.005262218881,538.5621948,0.004335909151,538.5621948,0.004292222206,538.5621948,0.004142839927,
537.960083,0.00454617152,537.960083,0.004975432996,537.960083,0.005483966786,537.960083,0.004340432584,537.960083,0.004344328307,537.960083,0.004295228515,
537.5084229,0.004531810991,537.5084229,0.005095216446,537.5084229,0.005548433866,537.5084229,0.004259962589,537.5084229,0.004409071058,537.5084229,0.004321816843,
537.0567627,0.004644852132,537.0567627,0.004921339918,537.0567627,0.005553336814,537.0567627,0.004459622316,537.0567627,0.004399892408,537.0567627,0.004375966266,
536.4544067,0.004980669823,536.4544067,0.005201776046,536.4544067,0.005690064747,536.4544067,0.004637683276,536.4544067,0.004684492946,536.4544067,0.00465641683,
536.0026245,0.005154334474,536.0026245,0.005209006835,536.0026245,0.005754693877,536.0026245,0.004785848316,536.0026245,0.004728585947,536.0026245,0.004558204673,
535.5507202,0.005205863155,535.5507202,0.005371440668,535.5507202,0.005855276249,535.5507202,0.004885708913,535.5507202,0.00491927145,535.5507202,0.004839846399,
534.9481812,0.005463833921,534.9481812,0.00549835898,534.9481812,0.006069714203,534.9481812,0.00482178526,534.9481812,0.004917857703,534.9481812,0.005148414522,
534.4962769,0.005357183516,534.4962769,0.00567742344,534.4962769,0.006133402232,534.4962769,0.005172880832,534.4962769,0.005284386221,534.4962769,0.005063578021,
534.0442505,0.00558713451,534.0442505,0.005749185104,534.0442505,0.006353966892,534.0442505,0.005240629427,534.0442505,0.00523544196,534.0442505,0.005284071434,
533.4415283,0.0057627731,533.4415283,0.006054095458,533.4415283,0.006567705423,533.4415283,0.005494295619,533.4415283,0.005494688638,533.4415283,0.005501478445,
532.9893799,0.006486847997,532.9893799,0.006239902228,532.9893799,0.006930526346,532.9893799,0.006077326834,532.9893799,0.005802830681,532.9893799,0.005710391328,
532.5372314,0.006450195331,532.5372314,0.006542870775,532.5372314,0.007359256037,532.5372314,0.006259519141,532.5372314,0.005990419537,532.5372314,0.006208731793,
531.9342651,0.006737220567,531.9342651,0.007031144574,531.9342651,0.007389613893,531.9342651,0.006553409155,531.9342651,0.006426392123,531.9342651,0.006547417026,
531.4819946,0.006872218102,531.4819946,0.007323977537,531.4819946,0.007667222992,531.4819946,0.006922504399,531.4819946,0.00656184461,531.4819946,0.006666241679,
531.0297241,0.007225055248,531.0297241,0.007346934639,531.0297241,0.007785115391,531.0297241,0.0068162838,531.0297241,0.006676046643,531.0297241,0.00690764375,
530.4265747,0.007693069987,530.4265747,0.007637003902,530.4265747,0.008280329406,530.4265747,0.007390508894,530.4265747,0.00724500604,530.4265747,0.007274144795,
529.9741211,0.007933594286,529.9741211,0.007826651447,529.9741211,0.008533427492,529.9741211,0.007455944549,529.9741211,0.007328663953,529.9741211,0.007554471958,
529.5216675,0.008042223752,529.5216675,0.008070546202,529.5216675,0.009025822394,529.5216675,0.00770977512,529.5216675,0.007780767046,529.5216675,0.008033126593,
529.0691528,0.008405065164,529.0691528,0.008688078262,529.0691528,0.009384276345,529.0691528,0.008083098568,529.0691528,0.008399127051,529.0691528,0.008389731869,
528.4657593,0.008846032433,528.4657593,0.00912964996,528.4657593,0.01006709971,528.4657593,0.008567801677,528.4657593,0.008674926125,528.4657593,0.008828121237,
528.0131226,0.008949737996,528.0131226,0.009222899564,528.0131226,0.009903112426,528.0131226,0.008558244444,528.0131226,0.009010097012,528.0131226,0.008915122598,
527.5604858,0.009548067115,527.5604858,0.009381472133,527.5604858,0.01031403244,527.5604858,0.009008591063,527.5604858,0.009121640585,527.5604858,0.009029020555,
526.9568481,0.01003250107,526.9568481,0.0102770282,526.9568481,0.01112710685,526.9568481,0.009665280581,526.9568481,0.009814615361,526.9568481,0.0096327262,
526.5040894,0.01031853817,526.5040894,0.01064121258,526.5040894,0.01124963537,526.5040894,0.01015138254,526.5040894,0.01009547524,526.5040894,0.009954360314,
526.0512695,0.01103958115,526.0512695,0.01085269265,526.0512695,0.01156196836,526.0512695,0.01070201863,526.0512695,0.01042980887,526.0512695,0.0103857955,
525.4474487,0.01141229831,525.4474487,0.01148509327,525.4474487,0.01233815495,525.4474487,0.0112972958,525.4474487,0.01112758461,525.4474487,0.01104173157,
524.9945068,0.01152554993,524.9945068,0.01177919097,524.9945068,0.0127699133,524.9945068,0.0114771463,524.9945068,0.01154854428,524.9945068,0.01147034205,
524.5415039,0.0121001834,524.5415039,0.01247234736,524.5415039,0.01313784812,524.5415039,0.01203449722,524.5415039,0.0118930703,524.5415039,0.01171746198,
523.9375,0.01232356019,523.9375,0.01272219699,523.9375,0.01344849914,523.9375,0.01229935326,523.9375,0.01254846435,523.9375,0.01192340069,
523.484436,0.01303284429,523.484436,0.01308030076,523.484436,0.01410806552,523.484436,0.01268624049,523.484436,0.01285146829,523.484436,0.01273725741,
523.031311,0.01324698702,523.031311,0.01364265289,523.031311,0.01453283522,523.031311,0.01321624406,523.031311,0.01321544312,523.031311,0.01306269411,
522.427063,0.01395083219,522.427063,0.01418433618,522.427063,0.01486235298,522.427063,0.01408736873,522.427063,0.01364217233,522.427063,0.01382438559,
521.973877,0.01495148242,521.973877,0.01456029899,521.973877,0.01525198575,521.973877,0.01450395491,521.973877,0.01421645936,521.973877,0.01413023379,
521.5205688,0.01475770772,521.5205688,0.01474541612,521.5205688,0.01595957391,521.5205688,0.01459290367,521.5205688,0.01476384047,521.5205688,0.01420859527,
521.0672607,0.01572344825,521.0672607,0.01525085978,521.0672607,0.01626972482,521.0672607,0.01518986933,521.0672607,0.01492509246,521.0672607,0.01508978195,
520.4627686,0.01575657167,520.4627686,0.01570796221,520.4627686,0.01684723049,520.4627686,0.01554456819,520.4627686,0.0153956376,520.4627686,0.01534076687,
520.0093384,0.01634917222,520.0093384,0.01637089066,520.0093384,0.01710354164,520.0093384,0.01605857164,520.0093384,0.01597362012,520.0093384,0.01577130705,
519.5559082,0.01670896262,519.5559082,0.01658959128,519.5559082,0.01770895906,519.5559082,0.0166879259,519.5559082,0.01649506949,519.5559082,0.01609628648,
518.9511719,0.01692037657,518.9511719,0.01711253449,518.9511719,0.01787605509,518.9511719,0.01712842099,518.9511719,0.01663200371,518.9511719,0.01669381745,
518.4976196,0.01742124744,518.4976196,0.01803466305,518.4976196,0.01832564175,518.4976196,0.01753782853,518.4976196,0.01726781949,518.4976196,0.01715168729,
518.0440063,0.01792086102,518.0440063,0.01775223576,518.0440063,0.01899515092,518.0440063,0.01784773357,518.0440063,0.01776795834,518.0440063,0.01738600433,
517.4390869,0.0187291801,517.4390869,0.0186220333,517.4390869,0.01924899966,517.4390869,0.01823668182,517.4390869,0.018433474,517.4390869,0.01815759018,
516.9854126,0.01876153238,516.9854126,0.01897727512,516.9854126,0.01995771378,516.9854126,0.01854676194,516.9854126,0.01867753454,516.9854126,0.018505916,
516.5316162,0.01954856515,516.5316162,0.01931586675,516.5316162,0.02033309452,516.5316162,0.01911948621,516.5316162,0.01903674565,516.5316162,0.01904934831,
515.9265137,0.02010233328,515.9265137,0.02003718726,515.9265137,0.02091760747,515.9265137,0.01937373169,515.9265137,0.01951209269,515.9265137,0.0194159057,
515.4726563,0.02010642737,515.4726563,0.02003190108,515.4726563,0.02102657221,515.4726563,0.01996207796,515.4726563,0.01978117228,515.4726563,0.01952980086,
515.0187378,0.02063026093,515.0187378,0.02053640224,515.0187378,0.02151408792,515.0187378,0.02036505006,515.0187378,0.02062016353,515.0187378,0.02036081813,
514.5648193,0.02068015747,514.5648193,0.02085263841,514.5648193,0.02190584317,514.5648193,0.02099541016,514.5648193,0.02058121189,514.5648193,0.02041027695,
513.9594727,0.02134020254,513.9594727,0.02138843946,513.9594727,0.02211430296,513.9594727,0.02130485699,513.9594727,0.02093545347,513.9594727,0.02098674327,
513.5053711,0.02147744969,513.5053711,0.02175768279,513.5053711,0.02266317233,513.5053711,0.02147682384,513.5053711,0.02116326056,513.5053711,0.02101334184,
513.0512695,0.02206053771,513.0512695,0.02181873284,513.0512695,0.02290965058,513.0512695,0.02189955488,513.0512695,0.02141949348,513.0512695,0.02135064267,
512.4457397,0.02278305218,512.4457397,0.02242070436,512.4457397,0.02335290052,512.4457397,0.02221073583,512.4457397,0.022049753,512.4457397,0.02188286744,
511.9915161,0.02271496691,511.9915161,0.02271870337,511.9915161,0.02350237221,511.9915161,0.02249855921,511.9915161,0.02252023295,511.9915161,0.0220004078,
511.537262,0.02322084643,511.537262,0.02302080952,511.537262,0.02371496148,511.537262,0.02286309935,511.537262,0.02279230021,511.537262,0.02246674523,
510.9315186,0.02381385677,510.9315186,0.02326620743,510.9315186,0.02406602353,510.9315186,0.02329455689,510.9315186,0.02309276536,510.9315186,0.02295184135,
510.4771729,0.02378331311,510.4771729,0.02353472635,510.4771729,0.02445447631,510.4771729,0.02330531739,510.4771729,0.02316500619,510.4771729,0.02314600348,
510.0227661,0.02375216968,510.0227661,0.02405792475,510.0227661,0.02465090156,510.0227661,0.02348089404,510.0227661,0.02341570333,510.0227661,0.02337906882,
509.5682983,0.02422704548,509.5682983,0.02406197414,509.5682983,0.02474946156,509.5682983,0.02374284714,509.5682983,0.02363721654,509.5682983,0.02358588576,
508.9623108,0.02448657341,508.9623108,0.02447493374,508.9623108,0.02513177879,508.9623108,0.02403330058,508.9623108,0.02415700816,508.9623108,0.02385711856,
508.5077515,0.02455389686,508.5077515,0.02506705374,508.5077515,0.02561722696,508.5077515,0.02405912802,508.5077515,0.0243183095,508.5077515,0.02437082119,
508.0531616,0.02502295747,508.0531616,0.02511916123,508.0531616,0.02572449297,508.0531616,0.02449434996,508.0531616,0.02444439754,508.0531616,0.02428529412,
507.4469604,0.02531470731,507.4469604,0.02495679446,507.4469604,0.02610272169,507.4469604,0.02502106503,507.4469604,0.02476782352,507.4469604,0.02471501566,
506.9922791,0.02542714216,506.9922791,0.02533325739,506.9922791,0.02595518343,506.9922791,0.02514620684,506.9922791,0.02500562742,506.9922791,0.02475628629,
506.5375366,0.02561110258,506.5375366,0.02560854889,506.5375366,0.02653666772,506.5375366,0.0255702734,506.5375366,0.02512363344,506.5375366,0.02499890886,
505.9311218,0.02566146478,505.9311218,0.02565163374,505.9311218,0.02689726278,505.9311218,0.02573759481,505.9311218,0.02537488751,505.9311218,0.02526161633,
505.4762878,0.02589027956,505.4762878,0.02587876841,505.4762878,0.02698696963,505.4762878,0.02561313473,505.4762878,0.02537148446,505.4762878,0.02533622086,
505.0213928,0.02636301517,505.0213928,0.02597914636,505.0213928,0.02738372423,505.0213928,0.02549225092,505.0213928,0.02562667243,505.0213928,0.02553013526,
504.5664673,0.02643434517,504.5664673,0.02595147304,504.5664673,0.02742282115,504.5664673,0.02575278468,504.5664673,0.02556450851,504.5664673,0.02566072345,
503.9598389,0.02657255158,503.9598389,0.02640512958,503.9598389,0.02757193521,503.9598389,0.02626799233,503.9598389,0.02592863888,503.9598389,0.02569908835,
503.5047913,0.0267439764,503.5047913,0.02645676583,503.5047913,0.02768352069,503.5047913,0.02623480186,503.5047913,0.02625028417,503.5047913,0.02598629147,
503.0497131,0.02693138644,503.0497131,0.02701165155,503.0497131,0.02756346762,503.0497131,0.02640881576,503.0497131,0.02613133937,503.0497131,0.02617381513,
502.4428711,0.02697650343,502.4428711,0.02691563219,502.4428711,0.0276900325,502.4428711,0.02668162435,502.4428711,0.02634318359,502.4428711,0.02617612481,
501.9877014,0.02709273063,501.9877014,0.02700597607,501.9877014,0.0278862156,501.9877014,0.02644017711,501.9877014,0.02642020397,501.9877014,0.02626106329,
501.5324707,0.02708440833,501.5324707,0.02690439671,501.5324707,0.0279468894,501.5324707,0.02665872313,501.5324707,0.02649553306,501.5324707,0.02637387998,
500.9254456,0.02719234303,500.9254456,0.02713168971,500.9254456,0.02808066458,500.9254456,0.02688024379,500.9254456,0.02648741566,500.9254456,0.0265971832,
500.4701233,0.02700063214,500.4701233,0.02721871622,500.4701233,0.02837038785,500.4701233,0.02689398639,500.4701233,0.02689106762,500.4701233,0.02679793909,
500.0147705,0.0270752348,500.0147705,0.02701782249,500.0147705,0.02851222456,500.0147705,0.02698986232,500.0147705,0.02668162435,500.0147705,0.0266651921,
499.5593567,0.02744270116,499.5593567,0.02734165266,499.5593567,0.02862079069,499.5593567,0.02694083378,499.5593567,0.02669208497,499.5593567,0.02687234059,
498.9520569,0.02753166668,498.9520569,0.02725606225,498.9520569,0.02854453959,498.9520569,0.02716643922,498.9520569,0.02689894289,498.9520569,0.02671025321,
498.4965515,0.02738441341,498.4965515,0.02732607722,498.4965515,0.02863270789,498.4965515,0.02705258876,498.4965515,0.02683626674,498.4965515,0.0268155057,
498.0409851,0.02742022835,498.0409851,0.02760365605,498.0409851,0.02856248245,498.0409851,0.0269969143,498.0409851,0.02684364654,498.0409851,0.0268275924,
497.4335327,0.02750210091,497.4335327,0.02762351744,497.4335327,0.02839064226,497.4335327,0.02701468207,497.4335327,0.02677638084,497.4335327,0.02685119212,
496.9778748,0.02738739178,496.9778748,0.02738513052,496.9778748,0.02857912518,496.9778748,0.02702220157,496.9778748,0.0268891938,496.9778748,0.02684711665,
496.5221558,0.02711774781,496.5221558,0.02747841179,496.5221558,0.02859947272,496.5221558,0.02731091529,496.5221558,0.02693912573,496.5221558,0.02667556889,
496.0664368,0.02711771987,496.0664368,0.02739213407,496.0664368,0.02873093262,496.0664368,0.02733903378,496.0664368,0.02688836865,496.0664368,0.02672280557,
495.4587097,0.02713168971,495.4587097,0.0273741018,495.4587097,0.02852740139,495.4587097,0.02709843405,495.4587097,0.02680608816,495.4587097,0.02704575658,
495.0028687,0.02711722441,495.0028687,0.02738923766,495.0028687,0.02849763073,495.0028687,0.02725746855,495.0028687,0.02683056705,495.0028687,0.02680154517,
494.5469666,0.0269794222,494.5469666,0.02713069879,494.5469666,0.02837386914,494.5469666,0.02710906789,494.5469666,0.0269637499,494.5469666,0.02674257196,
493.9390564,0.02704823576,493.9390564,0.02715833671,493.9390564,0.02831233293,493.9390564,0.02710587345,493.9390564,0.02661625482,493.9390564,0.02657461539,
493.4830933,0.02697347291,493.4830933,0.02713406086,493.4830933,0.02801654674,493.4830933,0.02692496963,493.4830933,0.02659049444,493.4830933,0.02660686895,
493.0270386,0.02697716281,493.0270386,0.02692995407,493.0270386,0.02796651982,493.0270386,0.02676131949,493.0270386,0.02655056491,493.0270386,0.02648906596,
492.5709839,0.02689773217,492.5709839,0.02672676928,492.5709839,0.02793554403,492.5709839,0.02665839344,492.5709839,0.02639327385,492.5709839,0.02639360353,
491.9628296,0.02675476857,491.9628296,0.0266820658,491.9628296,0.02746818215,491.9628296,0.02668514848,491.9628296,0.02617557533,491.9628296,0.02624841407,
491.5066528,0.02686661296,491.5066528,0.02669101022,491.5066528,0.0277277492,491.5066528,0.02669629641,491.5066528,0.02624775283,491.5066528,0.02624481171,
491.0504456,0.02670265548,491.0504456,0.02689795196,491.0504456,0.02783909999,491.0504456,0.02677800506,491.0504456,0.02639844455,491.0504456,0.02635327913,
490.4420776,0.02672283351,490.4420776,0.02687925287,490.4420776,0.02762721479,490.4420776,0.02656592056,490.4420776,0.02628421783,490.4420776,0.02638746984,
489.9857788,0.02660645731,489.9857788,0.02654395998,489.9857788,0.02774833515,489.9857788,0.02662437409,489.9857788,0.02632428892,489.9857788,0.0261925403,
489.5294189,0.02623029239,489.5294189,0.02647682279,489.5294189,0.02729319036,489.5294189,0.02636472136,489.5294189,0.0259261094,489.5294189,0.02602746151,
489.0730286,0.02591668442,489.0730286,0.02618308179,489.0730286,0.02750279009,489.0730286,0.02607839368,489.0730286,0.02574987151,489.0730286,0.02579146065,
488.4644165,0.02581849135,488.4644165,0.02589379624,488.4644165,0.0272911787,488.4644165,0.02579200827,488.4644165,0.0256664902,488.4644165,0.0255697798,
488.0079346,0.02603463642,488.0079346,0.0262975283,488.0079346,0.02740906179,488.0079346,0.02565814182,488.0079346,0.02554498799,488.0079346,0.02579676174,
487.5513916,0.02586819045,487.5513916,0.02612746321,487.5513916,0.02743842825,487.5513916,0.02575824969,487.5513916,0.02551846765,487.5513916,0.02580310777,
486.942627,0.02549315803,486.942627,0.02557332255,486.942627,0.02715384588,486.942627,0.02552140504,486.942627,0.02530414425,486.942627,0.02533468418,
486.4859924,0.02548645996,486.4859924,0.02568900958,486.4859924,0.02705873176,486.4859924,0.02567154355,486.4859924,0.02545074746,486.4859924,0.02529165894,
486.0292969,0.02539083175,486.0292969,0.02552530356,486.0292969,0.02659726515,486.0292969,0.02542214841,486.0292969,0.02518471889,486.0292969,0.0254702922,
485.5725708,0.0251304619,485.5725708,0.02518200316,485.5725708,0.02636832371,485.5725708,0.02511787228,485.5725708,0.02491183393,485.5725708,0.02509563044,
484.963562,0.0248077549,484.963562,0.02497670054,484.963562,0.026143739,484.963562,0.02464605123,484.963562,0.02461794205,484.963562,0.02478289604,
484.5067444,0.02484620921,484.5067444,0.02496236004,484.5067444,0.02627170458,484.5067444,0.0248520188,484.5067444,0.02462668158,484.5067444,0.02483730018,
484.0498657,0.02468479238,484.0498657,0.02495166846,484.0498657,0.02596416883,484.0498657,0.02460860088,484.0498657,0.02445847355,484.0498657,0.0247545857,
483.4406738,0.02477651089,483.4406738,0.02493637055,483.4406738,0.02612061799,483.4406738,0.02479481697,483.4406738,0.0246373117,483.4406738,0.02469936945,
482.9837036,0.02503949217,482.9837036,0.02499781363,482.9837036,0.02609128691,482.9837036,0.02492822707,482.9837036,0.02472148277,482.9837036,0.02484722249,
482.5267029,0.02423791215,482.5267029,0.02441172861,482.5267029,0.02584115602,482.5267029,0.02459597215,482.5267029,0.02401770651,482.5267029,0.02441942319,
482.0696716,0.02424396016,482.0696716,0.02431836352,482.0696716,0.02533355914,482.0696716,0.02422261052,482.0696716,0.0239279829,482.0696716,0.02437720075,
481.4602051,0.02427196316,481.4602051,0.02419212088,481.4602051,0.0256265346,481.4602051,0.02419803292,481.4602051,0.02383365482,481.4602051,0.02411434613,
481.0030518,0.02393347956,481.0030518,0.02408848703,481.0030518,0.02528704889,481.0030518,0.02398545295,481.0030518,0.02363779023,481.0030518,0.0239039138,
480.5458679,0.02380592749,480.5458679,0.02405018173,480.5458679,0.02535803802,480.5458679,0.02380641922,480.5458679,0.02357462607,480.5458679,0.02387568727,
479.9362488,0.02369259857,479.9362488,0.02356008627,479.9362488,0.02526759729,479.9362488,0.02344021015,479.9362488,0.02342067659,479.9362488,0.0234350469,
479.4789734,0.02357804216,479.4789734,0.02339805663,479.4789734,0.02509853616,479.4789734,0.02329316363,479.4789734,0.02324042656,479.4789734,0.02333992533,
479.021637,0.023567494,479.021637,0.02375146002,479.021637,0.02497404069,479.021637,0.02333044633,479.021637,0.02344272472,479.021637,0.0233849436,
478.56427,0.02339458652,478.56427,0.0234910585,478.56427,0.02490465157,478.56427,0.02323930711,478.56427,0.02322800271,478.56427,0.02353144623,
477.9544067,0.02356514335,477.9544067,0.02345496416,477.9544067,0.02482976206,477.9544067,0.02337300591,477.9544067,0.02315905504,477.9544067,0.02350196242,
477.4969482,0.02320921421,477.4969482,0.0233840961,477.4969482,0.02492093481,477.4969482,0.02318914421,477.4969482,0.02324064635,477.4969482,0.02340381965,
477.0394287,0.02337073721,477.0394287,0.02332899906,477.0394287,0.02474924177,477.0394287,0.02332380973,477.0394287,0.02307482995,477.0394287,0.02341267094,
476.4293823,0.02350977622,476.4293823,0.02326790057,476.4293823,0.02446112968,476.4293823,0.02356413193,476.4293823,0.02324378677,476.4293823,0.02344387211,
475.9717712,0.02315247431,475.9717712,0.02333170362,475.9717712,0.02506529726,475.9717712,0.02355729975,475.9717712,0.02309404872,475.9717712,0.02354429103,
475.5141296,0.02340644225,475.5141296,0.02354442701,475.5141296,0.02512478456,475.5141296,0.02345753275,475.5141296,0.02329543047,475.5141296,0.02355656214,
475.0564575,0.02354071103,475.0564575,0.02369792946,475.0564575,0.02523804829,475.0564575,0.02369803935,475.0564575,0.02334970422,475.0564575,0.02347674035,
474.446167,0.02374640107,474.446167,0.02387467586,474.446167,0.02530801296,474.446167,0.02384804003,474.446167,0.0235290695,474.446167,0.02364815027,
473.9883728,0.02375299111,473.9883728,0.02392051555,473.9883728,0.02551292256,473.9883728,0.02386628091,473.9883728,0.02356235497,473.9883728,0.02376652509,
473.5305786,0.02403707616,473.5305786,0.0240548607,473.5305786,0.02572084032,473.5305786,0.02425343171,473.5305786,0.02389524318,473.5305786,0.02401926555,
473.0727234,0.02411152795,473.0727234,0.02424954437,473.0727234,0.02591135539,473.0727234,0.02409790084,473.0727234,0.02392954193,473.0727234,0.02407844551,
472.4621582,0.02462218888,472.4621582,0.02467128448,472.4621582,0.02608180232,472.4621582,0.02444434352,472.4621582,0.02432074584,472.4621582,0.02450938709,
472.0042114,0.02470295876,472.0042114,0.02503856085,472.0042114,0.02658702806,472.0042114,0.02461627126,472.0042114,0.02452242374,472.0042114,0.02468725853,
471.5462341,0.02506148629,471.5462341,0.02496436238,471.5462341,0.02681691013,471.5462341,0.02492233366,471.5462341,0.02482800931,471.5462341,0.02504261956,
470.9355164,0.0251283776,470.9355164,0.02526649833,470.9355164,0.02723630145,470.9355164,0.02530257963,470.9355164,0.02494108491,470.9355164,0.02536610514,
470.477417,0.02521503158,470.477417,0.02566566691,470.477417,0.02731036395,470.477417,0.02568027563,470.477417,0.02521972172,470.477417,0.02555391006,
470.0192871,0.02630275488,470.0192871,0.0262347199,470.0192871,0.02770316601,470.0192871,0.02617290802,470.0192871,0.02576283738,470.0192871,0.02590525523,
469.5611267,0.0263892021,469.5611267,0.02658105455,469.5611267,0.02787224948,469.5611267,0.02647775784,469.5611267,0.02622608468,469.5611267,0.02617527358,
468.9501648,0.02691114321,468.9501648,0.02702933736,468.9501648,0.02864354663,468.9501648,0.02706939355,468.9501648,0.02664135583,468.9501648,0.02669720538,
468.4918823,0.02727017552,468.4918823,0.02733415551,468.4918823,0.02883053385,468.4918823,0.02729255706,468.4918823,0.02716216631,468.4918823,0.02712347917,
468.0335999,0.02745301463,468.0335999,0.02751247026,468.0335999,0.0291867815,468.0335999,0.02719829604,468.0335999,0.02715841867,468.0335999,0.02729947679,
467.5752258,0.02801848017,467.5752258,0.02807030827,467.5752258,0.02962152287,467.5752258,0.02784130909,467.5752258,0.02787147649,467.5752258,0.02813230827,
466.9640503,0.02848007716,466.9640503,0.02851004153,466.9640503,0.03015918471,466.9640503,0.02837967128,466.9640503,0.02812092938,466.9640503,0.02824226953,
466.5056152,0.02861349098,466.5056152,0.02902662382,466.5056152,0.03070221096,466.5056152,0.02872006223,466.5056152,0.02896369435,466.5056152,0.0286529474,
466.0471191,0.02914769202,466.0471191,0.02933495305,466.0471191,0.03105985932,466.0471191,0.02902817354,466.0471191,0.02894955501,466.0471191,0.02901115455,
465.4357605,0.029636655,465.4357605,0.02990717255,465.4357605,0.03115232103,465.4357605,0.02974852361,465.4357605,0.0297122933,465.4357605,0.02950722165,
464.9771729,0.03000085987,464.9771729,0.03027388081,464.9771729,0.03166529164,464.9771729,0.03029389307,464.9771729,0.03001736291,464.9771729,0.02995406836,
464.5185547,0.03034429997,464.5185547,0.03064220399,464.5185547,0.03188311309,464.5185547,0.03024274111,464.5185547,0.03034985252,464.5185547,0.03033858165,
464.059906,0.03116714396,464.059906,0.03083992004,464.059906,0.03205982223,464.059906,0.0308421161,464.059906,0.0309539903,464.059906,0.03090323322,
463.4483032,0.03146589175,463.4483032,0.03154599667,463.4483032,0.03291306645,463.4483032,0.03147927672,463.4483032,0.03132712096,463.4483032,0.03142868355,
462.989563,0.03158480301,462.989563,0.03184542432,462.989563,0.03351027146,462.989563,0.03197878599,462.989563,0.03142501041,462.989563,0.0314732939,
462.5307617,0.03217003122,462.5307617,0.03234091774,462.5307617,0.03374379128,462.5307617,0.03230012208,462.5307617,0.03192598745,462.5307617,0.0323873274,
462.0719299,0.03238411993,462.0719299,0.03244668245,462.0719299,0.03382328153,462.0719299,0.0323844552,462.0719299,0.03237405047,462.0719299,0.03233430907,
461.460083,0.03282765672,461.460083,0.03309553489,461.460083,0.03453537822,461.460083,0.03313595802,461.460083,0.03284265101,461.460083,0.03272359073,
461.0011597,0.03296162933,461.0011597,0.03343377262,461.0011597,0.03439856321,461.0011597,0.03342370689,461.0011597,0.03294559941,461.0011597,0.03307192773,
460.5422058,0.03316227719,460.5422058,0.03359517083,460.5422058,0.03492310271,460.5422058,0.03343547508,460.5422058,0.03322640434,460.5422058,0.03315051645,
459.9302063,0.03380249068,459.9302063,0.0339978449,459.9302063,0.03585831821,459.9302063,0.03425493091,459.9302063,0.03412277251,459.9302063,0.03392470255,
459.4711304,0.03437099606,459.4711304,0.03455042839,459.4711304,0.0357164219,459.4711304,0.03453120217,459.4711304,0.03378564864,459.4711304,0.03430263698,
459.0120544,0.03454992548,459.0120544,0.03499023989,459.0120544,0.03648050502,459.0120544,0.03500157595,459.0120544,0.03470035642,459.0120544,0.03471746296,
458.5529175,0.03483491018,458.5529175,0.03530193493,458.5529175,0.03704265878,458.5529175,0.0353580378,458.5529175,0.03485392779,458.5529175,0.03487569466,
457.9406738,0.03533147275,457.9406738,0.03541765735,457.9406738,0.03696255013,457.9406738,0.03560039401,457.9406738,0.03526374698,457.9406738,0.03535239398,
457.4814453,0.03551453725,457.4814453,0.035612192,457.4814453,0.03716620803,457.4814453,0.03559083864,457.4814453,0.03541698307,457.4814453,0.03543111309,
457.0221558,0.03567224368,457.0221558,0.03585016355,457.0221558,0.03707474098,457.0221558,0.03597394004,457.0221558,0.03557226807,457.0221558,0.03571144864,
456.5628662,0.03592759743,456.5628662,0.03626382723,456.5628662,0.0373114869,456.5628662,0.03641153127,456.5628662,0.03586343676,456.5628662,0.03599829227,
455.9503784,0.03604284301,455.9503784,0.0362563692,455.9503784,0.0377009064,455.9503784,0.03663484752,455.9503784,0.03600012138,455.9503784,0.03645823523,
455.4909668,0.03631363809,455.4909668,0.0367160812,455.4909668,0.03861754388,455.4909668,0.03678825498,455.4909668,0.03635079041,455.4909668,0.03649466857,
455.0315552,0.03647819534,455.0315552,0.0367904529,455.0315552,0.03873319179,455.0315552,0.03691204265,455.0315552,0.03648934513,455.0315552,0.03646884859,
454.572052,0.0366640836,454.572052,0.0370278582,454.572052,0.03883095458,454.572052,0.03689386696,454.572052,0.03666988388,454.572052,0.03655267134,
453.9593506,0.03681544587,453.9593506,0.03729094937,453.9593506,0.03918887302,453.9593506,0.03698388487,453.9593506,0.03701996803,453.9593506,0.03709329292,
453.4997864,0.03712081164,453.4997864,0.0374664329,453.4997864,0.03917660937,453.4997864,0.03737868369,453.4997864,0.03713380918,453.4997864,0.03698408231,
453.0401917,0.03738946095,453.0401917,0.03749908134,453.0401917,0.03896180913,453.0401917,0.03783949837,453.0401917,0.03730668873,453.0401917,0.03744391724,
452.4273071,0.03741406277,452.4273071,0.03788790852,452.4273071,0.03984070942,452.4273071,0.0380833298,452.4273071,0.03772391751,452.4273071,0.03759111837,
451.9675903,0.03775901347,451.9675903,0.03815587237,451.9675903,0.03976657614,451.9675903,0.03817441314,451.9675903,0.0377491042,451.9675903,0.03776867315,
451.5078735,0.03798223287,451.5078735,0.03838545829,451.5078735,0.04022411257,451.5078735,0.03842756525,451.5078735,0.03776598722,451.5078735,0.03791513667,
451.0480652,0.0379463248,451.0480652,0.03821096197,451.0480652,0.04025620222,451.0480652,0.03832534328,451.0480652,0.03784009069,451.0480652,0.03827069327,
450.434967,0.03835890815,450.434967,0.03843958676,450.434967,0.04045885801,450.434967,0.03856121376,450.434967,0.03821070865,450.434967,0.03802031651,
449.9750977,0.03874694556,449.9750977,0.03866983205,449.9750977,0.04063957557,449.9750977,0.03876607865,449.9750977,0.03828957677,449.9750977,0.03846252337,
449.5151978,0.03848529235,449.5151978,0.03869909048,449.5151978,0.04072457552,449.5151978,0.03887446597,449.5151978,0.03835265711,449.5151978,0.0382405594,
449.0552368,0.03851598129,449.0552368,0.03872806951,449.0552368,0.04076597095,449.0552368,0.03889637813,449.0552368,0.03855244443,449.0552368,0.0385996066,
448.441925,0.03867260367,448.441925,0.03876647353,448.441925,0.0409026444,448.441925,0.03889878467,448.441925,0.03885968775,448.441925,0.03830504417,
447.9818726,0.03879101574,447.9818726,0.03905911371,447.9818726,0.04084289074,447.9818726,0.03893145546,447.9818726,0.03867727518,447.9818726,0.03876016289,
447.5217896,0.03864538297,447.5217896,0.03916586936,447.5217896,0.04117993265,447.5217896,0.03866479546,447.5217896,0.03883831203,447.5217896,0.03890668228,
447.061676,0.0387554653,447.061676,0.03936484084,447.061676,0.04111709818,447.061676,0.03917935491,447.061676,0.03915847838,447.061676,0.03886308521,
446.4481201,0.03907616436,446.4481201,0.03943794221,446.4481201,0.04153626412,446.4481201,0.03916264325,446.4481201,0.0393496789,446.4481201,0.03931385651,
445.987915,0.03905891255,445.987915,0.03923055157,445.987915,0.04158882052,445.987915,0.039210096,445.987915,0.03927571699,445.987915,0.03927171975,
445.5276794,0.03935894743,445.5276794,0.03960031271,445.5276794,0.04174062982,445.5276794,0.03946974874,445.5276794,0.03922236338,445.5276794,0.03932686523,
445.0673828,0.03954357654,445.0673828,0.03958208114,445.0673828,0.04172780365,445.0673828,0.03937090933,445.0673828,0.03962161019,445.0673828,0.03927072883,
444.4536133,0.03957879171,444.4536133,0.03972294927,444.4536133,0.04177511111,444.4536133,0.03973764181,444.4536133,0.03944789246,444.4536133,0.03980828077,
443.9932251,0.03928285837,443.9932251,0.03982708976,443.9932251,0.04172484204,443.9932251,0.03959742188,443.9932251,0.03964622691,443.9932251,0.03942393884,
443.5328064,0.03938706219,443.5328064,0.04026648402,443.5328064,0.04193243012,443.5328064,0.03979077563,443.5328064,0.03978870437,443.5328064,0.03964299336,
443.0723572,0.03991573304,443.0723572,0.03975174204,443.0723572,0.04174698517,443.0723572,0.03966219351,443.0723572,0.0395754464,443.0723572,0.03955755383,
442.458374,0.03960363194,442.458374,0.03983409703,442.458374,0.04155948013,442.458374,0.03970737755,442.458374,0.03967821971,442.458374,0.03965618089,
441.9978333,0.03942476213,441.9978333,0.0398796387,441.9978333,0.04146050289,441.9978333,0.0400859192,441.9978333,0.03960609809,441.9978333,0.0396534577,
441.537262,0.03964875266,441.537262,0.03967484459,441.537262,0.04168913513,441.537262,0.04023524374,441.537262,0.03979378194,441.537262,0.0395402275,
441.0766296,0.03953631595,441.0766296,0.03997598216,441.0766296,0.04202994332,441.0766296,0.03994102031,441.0766296,0.03983038291,441.0766296,0.03937583789,
440.4624023,0.03950796276,440.4624023,0.04009602591,440.4624023,0.04179497808,440.4624023,0.03959087282,440.4624023,0.03997135907,440.4624023,0.03967169672,
440.001709,0.03969985992,440.001709,0.04000484943,440.001709,0.04139620438,440.001709,0.03982461989,440.001709,0.04007533193,440.001709,0.03969330713,
439.5409546,0.03970683739,439.5409546,0.03995870054,439.5409546,0.04160169885,439.5409546,0.03986542299,439.5409546,0.04009540379,439.5409546,0.03982138634,
438.9265747,0.03953634575,438.9265747,0.0402109921,438.9265747,0.04166129977,438.9265747,0.03975974023,438.9265747,0.04021255299,438.9265747,0.03989033774,
438.4657288,0.03987858817,438.4657288,0.04009321705,438.4657288,0.04163081199,438.4657288,0.03980799764,438.4657288,0.03980252147,438.4657288,0.03973786905,
438.0048523,0.0399193652,438.0048523,0.04018648714,438.0048523,0.04152814671,438.0048523,0.03968899697,438.0048523,0.03993735835,438.0048523,0.03966950998,
437.5439453,0.03976206481,437.5439453,0.04004140943,437.5439453,0.04183140025,437.5439453,0.03983384371,437.5439453,0.03989725932,437.5439453,0.03968122602,
436.9293518,0.03965167329,436.9293518,0.03993667662,436.9293518,0.04154529423,436.9293518,0.03982053697,436.9293518,0.04004265741,436.9293518,0.0396143496,
436.4683533,0.03939726576,436.4683533,0.03976566717,436.4683533,0.04141625017,436.4683533,0.03968252987,436.4683533,0.03955380991,436.4683533,0.03951125219,
436.0072937,0.03933270276,436.0072937,0.03967538103,436.0072937,0.0413820222,436.0072937,0.03952885792,436.0072937,0.03958690166,436.0072937,0.03934798017,
435.5462341,0.0395414196,435.5462341,0.03995168954,435.5462341,0.04119151831,435.5462341,0.03943998367,435.5462341,0.03945007548,435.5462341,0.039126724,
434.9313965,0.03919590265,434.9313965,0.0394256413,434.9313965,0.041014608,434.9313965,0.03940908611,434.9313965,0.03936297074,434.9313965,0.03944211081,
434.4702454,0.03934860229,434.4702454,0.03933451697,434.4702454,0.04107805714,434.4702454,0.03929220885,434.4702454,0.03922465816,434.4702454,0.03901813179,
434.0090332,0.03921190649,434.0090332,0.03968576342,434.0090332,0.04103987291,434.0090332,0.03908780217,434.0090332,0.03899392113,434.0090332,0.03915216029,
433.5477905,0.03910862282,433.5477905,0.03963922337,433.5477905,0.04139950499,433.5477905,0.03899341077,433.5477905,0.0390612632,433.5477905,0.03913374618,
432.9327698,0.03879721463,432.9327698,0.03963428736,432.9327698,0.04143826291,432.9327698,0.03905953839,432.9327698,0.03902334347,432.9327698,0.03900453821,
432.4714355,0.03902025521,432.4714355,0.03953135386,432.4714355,0.04096226394,432.4714355,0.0389578715,432.4714355,0.03914632276,432.4714355,0.03875000402,
432.0100708,0.03880035505,432.0100708,0.03922491148,432.0100708,0.04119635746,432.0100708,0.03875934333,432.0100708,0.03883253783,432.0100708,0.03871816397,
431.5486755,0.03866748139,431.5486755,0.03939978778,431.5486755,0.04101088271,431.5486755,0.03894218802,431.5486755,0.03898644447,431.5486755,0.03884046525,
430.9334106,0.0386242494,430.9334106,0.03926673532,430.9334106,0.04075775668,430.9334106,0.03890379518,430.9334106,0.03874595463,430.9334106,0.03864679858,
430.4719238,0.03878425062,430.4719238,0.03905979171,430.4719238,0.04051170871,430.4719238,0.03909352422,430.4719238,0.03889368847,430.4719238,0.03873293847,
430.0104065,0.03864459321,430.0104065,0.03908774629,430.0104065,0.04057292268,430.0104065,0.03882789612,430.0104065,0.03883101046,430.0104065,0.03863607347,
429.5488281,0.0387814194,429.5488281,0.03912046179,429.5488281,0.04048204422,429.5488281,0.03913204744,429.5488281,0.03862311691,429.5488281,0.03847675025,
428.9333496,0.0385768041,428.9333496,0.03900822252,428.9333496,0.04043021798,428.9333496,0.03896835074,428.9333496,0.03859298304,428.9333496,0.03854961693,
428.4717102,0.03837301582,428.4717102,0.03881334886,428.4717102,0.04063607752,428.4717102,0.03846891597,428.4717102,0.03853419796,428.4717102,0.03879172355,
428.0100098,0.03832571208,428.0100098,0.0386778675,428.0100098,0.04062655568,428.0100098,0.03830753267,428.0100098,0.03845932707,428.0100098,0.03847827762,
427.5483093,0.0383474268,427.5483093,0.0387519002,427.5483093,0.04053677246,427.5483093,0.0382457599,427.5483093,0.03837477043,427.5483093,0.0383910574,
426.9326172,0.03812015057,426.9326172,0.03862365335,426.9326172,0.04055931047,426.9326172,0.03833382577,426.9326172,0.03831140324,426.9326172,0.03831734136,
426.4707947,0.03810627386,426.4707947,0.03878368437,426.4707947,0.04067493603,426.4707947,0.03838633373,426.4707947,0.03816347569,426.4707947,0.03822913766,
426.0089417,0.03798194975,426.0089417,0.03842901066,426.0089417,0.04037890956,426.0089417,0.03810003027,426.0089417,0.03825166821,426.0089417,0.03815912455,
425.5470581,0.03830693662,425.5470581,0.03879562765,425.5470581,0.04039001837,425.5470581,0.03840893134,425.5470581,0.03857301176,425.5470581,0.03844108433,
424.9311523,0.03816293925,424.9311523,0.03864391148,424.9311523,0.04065407068,424.9311523,0.03841421753,424.9311523,0.03839589283,424.9311523,0.03825749084,
424.4692078,0.03818060458,424.4692078,0.03861776739,424.4692078,0.04037104174,424.4692078,0.03856579587,424.4692078,0.03825531527,424.4692078,0.03822458535,
424.0072021,0.03785068169,424.0072021,0.03815810755,424.0072021,0.03987135366,424.0072021,0.03840635717,424.0072021,0.03779188544,424.0072021,0.03762287647,
423.5451355,0.03769797087,423.5451355,0.03797513992,423.5451355,0.03987064213,423.5451355,0.03817303106,423.5451355,0.03784672916,423.5451355,0.03785415739,
422.9290466,0.03800418228,422.9290466,0.03808572888,422.9290466,0.03969580308,422.9290466,0.03802647442,422.9290466,0.03788203374,422.9290466,0.03804995492,
422.4668884,0.03747563064,422.4668884,0.03821257129,422.4668884,0.03993003443,422.4668884,0.03783483803,422.4668884,0.0377868861,422.4668884,0.03771750629,
422.0047302,0.03783483803,422.0047302,0.03846074268,422.0047302,0.04024271294,422.0047302,0.03798324987,422.0047302,0.03798161075,422.0047302,0.03779530153,
421.5425415,0.03780318052,421.5425415,0.03877844661,421.5425415,0.04019108787,421.5425415,0.03778810054,421.5425415,0.03789909557,421.5425415,0.03788658231,
420.9262085,0.03738175705,420.9262085,0.03851722553,420.9262085,0.04002361,420.9262085,0.03732674569,420.9262085,0.03755389154,420.9262085,0.03739614785,
420.4639282,0.03777347133,420.4639282,0.03790028021,420.4639282,0.03971801326,420.4639282,0.03748864308,420.4639282,0.03758208826,420.4639282,0.03758677095,
420.0015869,0.03798556328,420.0015869,0.0383127071,420.0015869,0.03929441795,420.0015869,0.03796318918,420.0015869,0.03747890517,420.0015869,0.03713812307,
419.5392456,0.03757305443,419.5392456,0.03800440952,419.5392456,0.03947859257,419.5392456,0.03788785264,419.5392456,0.03759560734,419.5392456,0.03747755289,
419.0768433,0.03747693077,419.0768433,0.03814250603,419.0768433,0.03956954926,419.0768433,0.03772899881,419.0768433,0.03762214258,419.0768433,0.03718594834,
418.4602661,0.0373048,418.4602661,0.03808538988,418.4602661,0.03932816908,418.4602661,0.03738861531,418.4602661,0.03731842339,418.4602661,0.03712924197,
417.9977722,0.0371956788,417.9977722,0.03786655515,417.9977722,0.03931983933,417.9977722,0.03717565536,417.9977722,0.03735439107,417.9977722,0.03717170656,
417.5352478,0.03720811382,417.5352478,0.03823080659,417.5352478,0.03915456682,417.5352478,0.03700950742,417.5352478,0.03727095202,417.5352478,0.03702134639,
417.0726929,0.03719779477,417.0726929,0.03807990998,417.0726929,0.03939624503,417.0726929,0.03691697493,417.0726929,0.03691097349,417.0726929,0.03683812916,
416.4559021,0.03722125664,416.4559021,0.03797367215,416.4559021,0.03916864842,416.4559021,0.03710177913,416.4559021,0.03697729111,416.4559021,0.03684618697,
415.9932556,0.03700683266,415.9932556,0.03792366758,415.9932556,0.03904665262,415.9932556,0.03668351844,415.9932556,0.03680789471,415.9932556,0.03661276773,
415.5305786,0.03708675131,415.5305786,0.03759069741,415.5305786,0.03885728121,415.5305786,0.03653431311,415.5305786,0.0368299,415.5305786,0.03682226315,
415.0678711,0.03691049293,415.0678711,0.03757790849,415.0678711,0.03872894868,415.0678711,0.03688642755,415.0678711,0.03675715253,415.0678711,0.03664309904,
414.4508667,0.03669577092,414.4508667,0.03748099506,414.4508667,0.0387349464,414.4508667,0.0364481844,414.4508667,0.03668126464,414.4508667,0.03632191196,
413.9880981,0.03634459898,413.9880981,0.0375482738,413.9880981,0.03840754554,413.9880981,0.03629782051,413.9880981,0.03648872674,413.9880981,0.03633302823,
413.5252686,0.03644511476,413.5252686,0.03721505404,413.5252686,0.03809415177,413.5252686,0.0363467373,413.5252686,0.03640435264,413.5252686,0.03630488738,
413.0623779,0.03647332639,413.0623779,0.03695398197,413.0623779,0.03826602921,413.0623779,0.03602065146,413.0623779,0.03606421873,413.0623779,0.03610365465,
412.4451904,0.03616011515,412.4451904,0.03676752001,412.4451904,0.03797505423,412.4451904,0.03576656431,412.4451904,0.03573396057,412.4451904,0.03590445593,
411.9822388,0.03582050651,411.9822388,0.03640187904,411.9822388,0.03741496429,411.9822388,0.03577139974,411.9822388,0.03562034294,411.9822388,0.03616470098,
411.5192566,0.03539917991,411.5192566,0.03652842715,411.5192566,0.03727450594,411.5192566,0.03569270298,411.5192566,0.03554330394,411.5192566,0.035861101,
411.0562134,0.03563220054,411.0562134,0.03648605198,411.0562134,0.03738807887,411.0562134,0.03544737399,411.0562134,0.03563548625,411.0562134,0.03579270467,
410.4388123,0.03550492972,410.4388123,0.03623943031,410.4388123,0.03767357767,410.4388123,0.03553875163,410.4388123,0.03554715216,410.4388123,0.03543077409,
409.975708,0.0352864638,409.975708,0.03655258566,409.975708,0.03744047135,409.975708,0.03533068672,409.975708,0.03536432609,409.975708,0.03548290581,
409.5125732,0.03527391329,409.5125732,0.03623807803,409.5125732,0.03728545085,409.5125732,0.03517220542,409.5125732,0.03547579795,409.5125732,0.03535887972,
409.0493774,0.03515957296,409.0493774,0.03625290841,409.0493774,0.03724917769,409.0493774,0.03509367257,409.0493774,0.03511722013,409.0493774,0.03537935019,
408.4317627,0.03506861255,408.4317627,0.03571729362,408.4317627,0.03702851012,408.4317627,0.03493626043,408.4317627,0.03482829034,408.4317627,0.03511067852,
407.9685059,0.03492223099,407.9685059,0.03572507948,407.9685059,0.03694549575,407.9685059,0.03463410586,407.9685059,0.03480823711,407.9685059,0.03520137072,
407.5052185,0.03460534289,407.5052185,0.03538364917,407.5052185,0.03656241298,407.5052185,0.03462297469,407.5052185,0.03467658162,407.5052185,0.03512970731,
407.0419006,0.03468482569,407.0419006,0.03524454683,407.0419006,0.0367218256,407.0419006,0.03449241444,407.0419006,0.03453918919,407.0419006,0.03476120532,
406.4240723,0.034748476,406.4240723,0.03542936966,406.4240723,0.03631040081,406.4240723,0.03413999081,406.4240723,0.03426173702,406.4240723,0.03477447107,
405.9606628,0.03431891277,405.9606628,0.03506614268,405.9606628,0.03632216528,405.9606628,0.03408494219,405.9606628,0.03441971913,405.9606628,0.03475730866,
405.4971924,0.03409785032,405.4971924,0.03484357521,405.4971924,0.03609096631,405.4971924,0.03394463286,405.4971924,0.03422728553,405.4971924,0.03488629684,
405.0337219,0.03390150145,405.0337219,0.03454678506,405.0337219,0.03562287241,405.0337219,0.03374720365,405.0337219,0.03397701681,405.0337219,0.03454689682,
404.5702209,0.03378326818,404.5702209,0.03430479392,404.5702209,0.03584218025,404.5702209,0.03355386481,404.5702209,0.03379986063,404.5702209,0.03468047827,
403.9521179,0.03370627388,403.9521179,0.03415710106,403.9521179,0.03561506048,403.9521179,0.03343147784,403.9521179,0.03379824013,403.9521179,0.03470624611,
403.4885254,0.03330742195,403.4885254,0.03383027762,403.4885254,0.0353586264,403.4885254,0.03315724805,403.4885254,0.03359858319,403.4885254,0.0344806686,
403.0249023,0.03333078697,403.0249023,0.03371584043,403.0249023,0.03526315838,403.0249023,0.0330205895,403.0249023,0.03350968286,403.0249023,0.03429395333,
402.5612488,0.0331184417,402.5612488,0.03357494995,402.5612488,0.03512269258,402.5612488,0.03293094039,402.5612488,0.03345202655,402.5612488,0.0343599543,
401.9429626,0.03283340856,401.9429626,0.03321382776,401.9429626,0.03512137383,401.9429626,0.03278628364,401.9429626,0.03333875537,401.9429626,0.0342541486,
401.4792175,0.03282656893,401.4792175,0.03325555101,401.4792175,0.0348190926,401.4792175,0.03276252747,401.4792175,0.03305335343,401.4792175,0.03475080431,
401.0154114,0.03265308961,401.0154114,0.03304410726,401.0154114,0.03431344777,401.0154114,0.03252225369,401.0154114,0.03311226889,401.0154114,0.03450813517,
400.5516052,0.03245100379,400.5516052,0.0325419493,400.5516052,0.03404638916,400.5516052,0.03237123415,400.5516052,0.03321491927,400.5516052,0.0346859172,
399.933136,0.03215952218,399.933136,0.03263026103,399.933136,0.03420938924,399.933136,0.03218609095,399.933136,0.03294479102,399.933136,0.03492655233,
399.4692383,0.03212172538,399.4692383,0.03256399184,399.4692383,0.03404378518,399.4692383,0.03217580169,399.4692383,0.0329990536,399.4692383,0.03489594534,
399.0052795,0.03164794669,399.0052795,0.03200258315,399.0052795,0.03421580419,399.0052795,0.03189280629,399.0052795,0.03267775849,399.0052795,0.03470532224,
398.5413208,0.03139779344,398.5413208,0.03195510432,398.5413208,0.03379572183,398.5413208,0.03179447725,398.5413208,0.0329073146,398.5413208,0.03544481844,
397.9226379,0.03169057518,397.9226379,0.03168623149,397.9226379,0.03365239874,397.9226379,0.03179035708,397.9226379,0.03288076073,397.9226379,0.03555768728,
397.4585876,0.0314257592,397.4585876,0.03136075661,397.4585876,0.03342625126,397.4585876,0.03179430962,397.4585876,0.03316599503,397.4585876,0.03574475273,
396.9945068,0.03161066398,396.9945068,0.03160924464,396.9945068,0.03374286741,396.9945068,0.03195265308,396.9945068,0.0333465822,396.9945068,0.03653949127,
396.5303955,0.03151117638,396.5303955,0.03177225217,396.5303955,0.03347143158,396.5303955,0.03199528158,396.5303955,0.03336715326,396.5303955,0.03660688177,
396.0662537,0.03125400841,396.0662537,0.03143886849,396.0662537,0.03326116875,396.0662537,0.03191760182,396.0662537,0.03336049989,396.0662537,0.03731879219,
395.4473267,0.03131398931,395.4473267,0.03122174181,395.4473267,0.03338250145,395.4473267,0.03169667348,395.4473267,0.03373380378,395.4473267,0.03761446476,
394.9830933,0.03133716434,394.9830933,0.03106961772,394.9830933,0.03314973414,394.9830933,0.03186096624,394.9830933,0.03387289867,394.9830933,0.03825211897,
394.5188293,0.03088633344,394.5188293,0.03099919297,394.5188293,0.03337103873,394.5188293,0.03198218718,394.5188293,0.03398614377,394.5188293,0.03873336315,
394.0545044,0.03110910393,394.0545044,0.03112862632,394.0545044,0.03358776122,394.0545044,0.03191846609,394.0545044,0.03416735306,394.0545044,0.0400492996,
393.4353943,0.03118143976,393.4353943,0.03109353222,393.4353943,0.03314109892,393.4353943,0.03225068748,393.4353943,0.03485092521,393.4353943,0.04087363556,
392.9710083,0.03089558892,392.9710083,0.03098162264,392.9710083,0.03309195861,392.9710083,0.03225007281,392.9710083,0.0348922424,392.9710083,0.04144766182,
392.5065918,0.03082858212,392.5065918,0.0306253992,392.5065918,0.0330793038,392.5065918,0.0322935693,392.5065918,0.03568413109,392.5065918,0.04317298532,
392.0421448,0.03067431785,392.0421448,0.03050991707,392.0421448,0.03295830637,392.0421448,0.03224421665,392.0421448,0.03570776433,392.0421448,0.04411919415,
391.422821,0.030706238,391.422821,0.03075972386,391.422821,0.03305363283,391.422821,0.03262750059,391.422821,0.03651220724,391.422821,0.04525462911,
390.958313,0.03098276258,390.958313,0.03081090748,390.958313,0.03358281031,390.958313,0.03288338706,390.958313,0.03694555536,390.958313,0.04699174315,
390.4937439,0.03070754372,390.4937439,0.03090548515,390.4937439,0.03336245939,390.4937439,0.03316702694,390.4937439,0.0375120379,390.4937439,0.0475298427,
390.0291443,0.03081062995,390.0291443,0.03091932647,390.0291443,0.03348102048,390.0291443,0.0332974717,390.0291443,0.03807196766,390.0291443,0.05032351613,
389.5645142,0.0309272483,389.5645142,0.0307123512,389.5645142,0.03363639861,389.5645142,0.03344104066,389.5645142,0.03891987726,389.5645142,0.0514364019,
388.9449768,0.03084572963,388.9449768,0.03063059412,388.9449768,0.03345127404,388.9449768,0.03410773352,388.9449768,0.03990092129,388.9449768,0.05407094955,
388.4802551,0.03085470572,388.4802551,0.03074502386,388.4802551,0.03354178369,388.4802551,0.03419180214,388.4802551,0.04087790102,388.4802551,0.0566075854,
388.0155029,0.03089595027,388.0155029,0.03075908497,388.0155029,0.03380836919,388.0155029,0.03456853703,388.0155029,0.04121286422,388.0155029,0.05796573684,
387.5507507,0.03103566915,387.5507507,0.03095562942,387.5507507,0.03396150842,387.5507507,0.03518031538,387.5507507,0.0429125689,387.5507507,0.06142413616,
386.9309692,0.0307720881,386.9309692,0.0310156513,386.9309692,0.03430989012,386.9309692,0.035547968,386.9309692,0.04357969016,386.9309692,0.0632481873,
386.4661255,0.03125428781,386.4661255,0.0308968965,386.4661255,0.03446590155,386.4661255,0.03614050522,386.4661255,0.04490261152,386.4661255,0.06683082879,
386.0012512,0.03131176159,386.0012512,0.03113099001,386.0012512,0.03441464901,386.0012512,0.03661090881,386.0012512,0.04646447673,386.0012512,0.06975398958,
385.5363159,0.03139963001,385.5363159,0.03096669354,385.5363159,0.03459592536,385.5363159,0.03703166544,385.5363159,0.04725476354,385.5363159,0.07203020155,
385.0713806,0.03131140023,385.0713806,0.03113752604,385.0713806,0.03477346152,385.0713806,0.03791689128,385.0713806,0.04930672422,385.0713806,0.07689809799,
384.4513855,0.03138969839,384.4513855,0.03148228303,384.4513855,0.03505342826,384.4513855,0.03864583746,384.4513855,0.05099726841,384.4513855,0.08068557829,
383.9863586,0.03166311979,383.9863586,0.03153397143,383.9863586,0.03574534133,383.9863586,0.03949279711,383.9863586,0.05348750204,383.9863586,0.0859990865,
383.5212708,0.03173331916,383.5212708,0.03171410412,383.5212708,0.03598572314,383.5212708,0.04030925781,383.5212708,0.05509324372,383.5212708,0.08977945894,
383.0561829,0.03192381561,383.0561829,0.03190609813,383.0561829,0.03636778891,383.0561829,0.04070077837,383.0561829,0.0562803112,383.0561829,0.09289103001,
382.4360046,0.0320529677,382.4360046,0.03227940574,382.4360046,0.03680901974,382.4360046,0.04246284068,382.4360046,0.05980386212,382.4360046,0.1001999527,
381.9708252,0.03212785721,381.9708252,0.03227167949,381.9708252,0.03702295572,381.9708252,0.04277028888,381.9708252,0.06122254953,381.9708252,0.1049488336,
381.5056152,0.031991411,381.5056152,0.03218751028,381.5056152,0.03735332191,381.5056152,0.04410452396,381.5056152,0.06401111186,381.5056152,0.1107935458,
381.0403748,0.03210918233,381.0403748,0.03244157508,381.0403748,0.03768619522,381.0403748,0.0449420847,381.0403748,0.06675393879,381.0403748,0.1174090654,
380.5751038,0.03243764117,380.5751038,0.03273751587,380.5751038,0.03833393753,380.5751038,0.046163816,380.5751038,0.06827245653,380.5751038,0.121844165,
379.9546814,0.03278661892,379.9546814,0.03294412047,379.9546814,0.03926404193,379.9546814,0.04788596183,379.9546814,0.07338473946,379.9546814,0.13243334,
379.4893188,0.0333086811,379.4893188,0.0332338661,379.4893188,0.03942663223,379.4893188,0.04894955456,379.4893188,0.07523582131,379.4893188,0.1378755569,
379.0239563,0.03347727656,379.0239563,0.03326088935,379.0239563,0.04031348974,379.0239563,0.05029096454,379.0239563,0.07868514955,379.0239563,0.1476549357,
378.5585327,0.03381444141,378.5585327,0.03378659859,378.5585327,0.04037419334,378.5585327,0.05251942948,378.5585327,0.0831957832,378.5585327,0.1571414322,
377.9379272,0.03369542211,377.9379272,0.03392022476,377.9379272,0.04148998111,377.9379272,0.05393021926,377.9379272,0.0874369517,377.9379272,0.169126004,
377.4724121,0.03381511196,377.4724121,0.03472935036,377.4724121,0.04188875481,377.4724121,0.05595705658,377.4724121,0.09151152521,377.4724121,0.1763576567,
377.006897,0.0342512913,377.006897,0.03458328173,377.006897,0.04222655296,377.006897,0.05718597025,377.006897,0.09437344968,377.006897,0.1826185882,
376.5413208,0.0346067436,376.5413208,0.03494276851,376.5413208,0.04319325835,376.5413208,0.05890990049,376.5413208,0.09952551872,376.5413208,0.1935482025,
376.0757446,0.03489361703,376.0757446,0.03533863276,376.0757446,0.04425222799,376.0757446,0.06093341857,376.0757446,0.1036084965,376.0757446,0.2045163661,
375.454895,0.03520325199,375.454895,0.03554999083,375.454895,0.04460474849,375.454895,0.06300163269,375.454895,0.1084823906,375.454895,0.2169164419,
374.9892273,0.03548077121,374.9892273,0.03594660386,374.9892273,0.0456333831,374.9892273,0.0653610006,374.9892273,0.1147851199,374.9892273,0.2337257862,
374.5235291,0.036066778,374.5235291,0.03607006744,374.5235291,0.04631435126,374.5235291,0.06740199029,374.5235291,0.1189358011,374.5235291,0.2390284836,
374.0578003,0.03596710414,374.0578003,0.0368321836,374.0578003,0.04779859632,374.0578003,0.07036330551,374.0578003,0.1251071244,374.0578003,0.2547464669,
373.4367676,0.03676301241,373.4367676,0.03728604317,373.4367676,0.04857206717,373.4367676,0.07375774533,373.4367676,0.1329271048,373.4367676,0.2747029662,
372.9709778,0.03675408289,372.9709778,0.03749837726,372.9709778,0.04923753813,372.9709778,0.0759820044,372.9709778,0.1378130168,372.9709778,0.2854920626,
372.505127,0.03703682497,372.505127,0.03797451779,372.505127,0.0503465943,372.505127,0.07950660586,372.505127,0.1463591605,372.505127,0.3052219152,
372.0392456,0.0374814719,372.0392456,0.03845367208,372.0392456,0.05115484819,372.0392456,0.08111828566,372.0392456,0.1499096304,372.0392456,0.3157587945,
371.5733337,0.03767151386,371.5733337,0.03891364858,371.5733337,0.05213433132,371.5733337,0.08380317688,371.5733337,0.157844305,371.5733337,0.3342829347,
370.9520874,0.03807784617,370.9520874,0.03943848237,370.9520874,0.0533541888,370.9520874,0.0881524384,370.9520874,0.1671154797,370.9520874,0.355076015,
370.4861145,0.0383330062,370.4861145,0.03968879953,370.4861145,0.05420055613,370.4861145,0.09049958736,370.4861145,0.1726348102,370.4861145,0.3693701625,
370.0200806,0.03888624161,370.0200806,0.04026523605,370.0200806,0.05571460724,370.0200806,0.09452045709,370.0200806,0.1824207157,370.0200806,0.3918053806,
369.5540466,0.03894864395,369.5540466,0.04066709056,369.5540466,0.05673783273,369.5540466,0.09669106454,369.5540466,0.1883061677,369.5540466,0.4080354869,
368.9326172,0.03944023699,368.9326172,0.04118517041,368.9326172,0.05831216276,368.9326172,0.1027509645,368.9326172,0.202768147,368.9326172,0.4406867921,
368.4664917,0.03979017958,368.4664917,0.04166152701,368.4664917,0.05918878689,368.4664917,0.1055852026,368.4664917,0.2096306086,368.4664917,0.4612193108,
368.0003357,0.03996724263,368.0003357,0.04184095189,368.0003357,0.06060013548,368.0003357,0.1086276025,368.0003357,0.2179792374,368.0003357,0.4772042632,
367.5341492,0.0405933857,367.5341492,0.04254511371,367.5341492,0.06161325797,367.5341492,0.1130094007,367.5341492,0.2285118997,367.5341492,0.5043049455,
367.0679321,0.04077094793,367.0679321,0.04255830497,367.0679321,0.0626129359,367.0679321,0.1152304113,367.0679321,0.2344827056,367.0679321,0.5171793103,
366.4462585,0.04120421037,366.4462585,0.04322519898,366.4462585,0.06475726515,366.4462585,0.1220164374,366.4462585,0.2508871257,366.4462585,0.5558047295,
365.9799805,0.04157306626,365.9799805,0.04369813204,365.9799805,0.0658351779,365.9799805,0.1252698898,365.9799805,0.2590692639,365.9799805,0.5750436187,
365.5136414,0.04161861911,365.5136414,0.04394948483,365.5136414,0.06697031111,365.5136414,0.1293054968,365.5136414,0.2677223086,365.5136414,0.5965439081,
365.0473022,0.0420826748,365.0473022,0.04458065331,365.0473022,0.06870789081,365.0473022,0.13455908,365.0473022,0.2808107734,365.0473022,0.6302344799,
364.4254456,0.04232382029,364.4254456,0.04496975988,364.4254456,0.07015302777,364.4254456,0.1387039721,364.4254456,0.2913090885,364.4254456,0.6556044221,
363.9590149,0.04272079095,363.9590149,0.04537875578,363.9590149,0.07185132802,363.9590149,0.1453116834,363.9590149,0.3079204261,363.9590149,0.6979925632,
363.4925537,0.0429944396,363.4925537,0.04561394453,363.4925537,0.0736123547,363.4925537,0.1491412967,363.4925537,0.3186648786,363.4925537,0.7234950662,
363.026062,0.04283093661,363.026062,0.04584788159,363.026062,0.07468184829,363.026062,0.1536878049,363.026062,0.3289668262,363.026062,0.7482700944,
362.5595398,0.04306932539,362.5595398,0.04616007209,362.5595398,0.07604879886,362.5595398,0.1596829593,362.5595398,0.3453703523,362.5595398,0.7850877643,
361.9374695,0.04313650727,361.9374695,0.04638119787,361.9374695,0.0773441866,361.9374695,0.1634440422,361.9374695,0.3549437225,361.9374695,0.8111406565,
361.4708862,0.04347693548,361.4708862,0.0467116423,361.4708862,0.07886005938,361.4708862,0.1697807461,361.4708862,0.3706469834,361.4708862,0.8490306735,
361.0042419,0.04354140162,361.0042419,0.04714167118,361.0042419,0.08020038903,361.0042419,0.1737949252,361.0042419,0.379953146,361.0042419,0.8695373535,
360.5375977,0.04367465898,360.5375977,0.04752750322,360.5375977,0.08189516515,360.5375977,0.1784609109,360.5375977,0.391215533,360.5375977,0.8971554041,
360.0709229,0.04409191757,360.0709229,0.04793293402,360.0709229,0.08367500454,360.0709229,0.1853502393,360.0709229,0.4093536139,360.0709229,0.9399796724,
359.4486084,0.04431508854,359.4486084,0.04834689945,359.4486084,0.08541117609,359.4486084,0.1896901727,359.4486084,0.4214276969,359.4486084,0.9721150994,
358.981842,0.04452053457,358.981842,0.04861465096,358.981842,0.08788281679,358.981842,0.199166432,358.981842,0.4433068037,358.981842,1.026073337,
358.5150452,0.04410088435,358.5150452,0.04863931984,358.5150452,0.08866395801,358.5150452,0.2041147649,358.5150452,0.4565703273,358.5150452,1.059758902,
358.0482483,0.04423405603,358.0482483,0.04879940674,358.0482483,0.08991125971,358.0482483,0.2085502446,358.0482483,0.4682049155,358.0482483,1.089265466,
357.4257507,0.04451499879,357.4257507,0.04924678802,357.4257507,0.0922691077,357.4257507,0.2159310132,357.4257507,0.4874361157,357.4257507,1.135360718,
356.9588623,0.04473118484,356.9588623,0.04957393557,356.9588623,0.09326551855,356.9588623,0.2189806104,356.9588623,0.4968702197,356.9588623,1.149326801,
356.4919434,0.04500266165,356.4919434,0.04987040907,356.4919434,0.0955857262,356.4919434,0.2276177257,356.4919434,0.5171308517,356.4919434,1.203986645,
356.0249634,0.04497056454,356.0249634,0.0500760898,356.0249634,0.09697721899,356.0249634,0.2319132537,356.0249634,0.5300950408,356.0249634,1.23331666,
355.5579834,0.04496818036,355.5579834,0.05023051426,355.5579834,0.09801933914,355.5579834,0.2369416356,355.5579834,0.5418940187,355.5579834,1.265808463,
354.9353027,0.04521015659,354.9353027,0.05081655458,354.9353027,0.100829266,354.9353027,0.245539099,354.9353027,0.5649780631,354.9353027,1.320464253,
354.4682312,0.04532634094,354.4682312,0.05096958578,354.4682312,0.1014010012,354.4682312,0.2497572005,354.4682312,0.5729874969,354.4682312,1.346213937,
354.0011292,0.04530033842,354.0011292,0.05106687918,354.0011292,0.1039741561,354.0011292,0.2584041953,354.0011292,0.5969871283,354.0011292,1.400103927,
353.5340271,0.04541045055,353.5340271,0.05134409666,353.5340271,0.105368644,353.5340271,0.2632091641,353.5340271,0.6082882881,353.5340271,1.432476044,
353.066864,0.04557697102,353.066864,0.051512409,353.066864,0.1070264131,353.066864,0.2679684758,353.066864,0.6207594872,353.066864,1.45992732,
352.4439392,0.04550547525,352.4439392,0.05167105049,352.4439392,0.1091718897,352.4439392,0.2759881318,352.4439392,0.6409342289,352.4439392,1.515529394,
351.9767151,0.04561034963,351.9767151,0.0517263636,351.9767151,0.1099982858,351.9767151,0.2798195779,351.9767151,0.652244091,351.9767151,1.537694097,
351.5094604,0.04556101561,351.5094604,0.05209743977,351.5094604,0.1124218553,351.5094604,0.2896727622,351.5094604,0.6761893034,351.5094604,1.602833629,
351.0421753,0.04543353245,351.0421753,0.0523022227,351.0421753,0.1138954908,351.0421753,0.2947303653,351.0421753,0.6887742281,351.0421753,1.623076677,
350.5748596,0.0454727076,350.5748596,0.05221854523,350.5748596,0.1152916029,350.5748596,0.3001790643,350.5748596,0.7027849555,350.5748596,1.672170281,
349.9517517,0.04555371404,349.9517517,0.05253520235,349.9517517,0.1174922809,349.9517517,0.3088785708,349.9517517,0.7260850072,349.9517517,1.723136902,
349.4843445,0.0455532521,349.4843445,0.0525168851,349.4843445,0.1187370494,349.4843445,0.3126280308,349.4843445,0.7361794114,349.4843445,1.753175974,
349.0169373,0.04573529959,349.0169373,0.05294685811,349.0169373,0.1210315675,349.0169373,0.3218839169,349.0169373,0.7587528229,349.0169373,1.802922487,
348.5494995,0.04585018381,348.5494995,0.05295817554,348.5494995,0.1227428839,348.5494995,0.3273707926,348.5494995,0.773045361,348.5494995,1.840674281,
347.926178,0.04585619643,347.926178,0.05332295969,347.926178,0.1245164797,347.926178,0.3345851898,347.926178,0.7936698198,347.926178,1.903427839,
347.4586792,0.0456603542,347.4586792,0.05311754718,347.4586792,0.126097694,347.4586792,0.3404048383,347.4586792,0.8083521128,347.4586792,1.932682633,
346.9911194,0.04567576945,346.9911194,0.05327194929,346.9911194,0.1268692166,346.9911194,0.3437635601,346.9911194,0.8166042566,346.9911194,1.960693836,
346.5235291,0.04556552693,346.5235291,0.05343875661,346.5235291,0.1292880177,346.5235291,0.35278669,346.5235291,0.8382894397,346.5235291,2.005949497,
346.0559387,0.04579400271,346.0559387,0.05364440754,346.0559387,0.1305986196,346.0559387,0.3574265242,346.0559387,0.8487856388,346.0559387,2.0427773,
345.4324036,0.04575897008,345.4324036,0.05360718071,345.4324036,0.1323463023,345.4324036,0.3648686409,345.4324036,0.8696651459,345.4324036,2.075731039,
344.9647217,0.04571404308,344.9647217,0.05381695554,344.9647217,0.133837983,344.9647217,0.370047152,344.9647217,0.8841719627,344.9647217,2.120806932,
344.4970398,0.04563556612,344.4970398,0.0538447313,344.4970398,0.1349223852,344.4970398,0.3738097548,344.4970398,0.8932377696,344.4970398,2.137267828,
344.0292969,0.0457630232,344.0292969,0.05411604419,344.0292969,0.1369987726,344.0292969,0.3817200959,344.0292969,0.9140534997,344.0292969,2.191940546,
343.5615234,0.04570716992,343.5615234,0.05426367372,343.5615234,0.138115868,343.5615234,0.3862664104,343.5615234,0.9266429543,343.5615234,2.246264935,
342.9378052,0.04564240947,342.9378052,0.05421014503,342.9378052,0.1397430301,342.9378052,0.3927989602,342.9378052,0.9423354268,342.9378052,2.249931335,
342.4699402,0.04557380825,342.4699402,0.05450519174,342.4699402,0.1412834972,342.4699402,0.3974613249,342.4699402,0.9542512894,342.4699402,2.280516624,
342.0020752,0.04558619857,342.0020752,0.05451496691,342.0020752,0.1419860274,342.0020752,0.4020791352,342.0020752,0.9639917612,342.0020752,2.285951853,
341.5341797,0.04549644887,341.5341797,0.05446084961,341.5341797,0.1442559063,341.5341797,0.408285737,341.5341797,0.9844191074,341.5341797,2.358173132,
341.0662842,0.04579785839,341.0662842,0.05465301126,341.0662842,0.1450993717,341.0662842,0.4132322669,341.0662842,0.9975453019,341.0662842,2.44167614,
340.4423218,0.045734521,340.4423218,0.05488599464,340.4423218,0.1472599506,340.4423218,0.4200462997,340.4423218,1.013054371,340.4423218,2.506258965,
339.9743347,0.04558809847,339.9743347,0.05500385538,339.9743347,0.148496002,339.9743347,0.4249354601,339.9743347,1.025346756,339.9743347,2.505659819,
339.5063171,0.04553100094,339.5063171,0.0551609844,339.5063171,0.1489663869,339.5063171,0.4278377593,339.5063171,1.031448364,339.5063171,2.547466993,
339.038269,0.0455747284,339.038269,0.0551298894,339.038269,0.1513132155,339.038269,0.4352245629,339.038269,1.049783587,339.038269,2.556263208,
338.5701599,0.04553801566,338.5701599,0.05509820953,338.5701599,0.1521163136,338.5701599,0.4389436543,338.5701599,1.06145668,338.5701599,2.578622103,
337.9460144,0.0456892252,337.9460144,0.05537803844,337.9460144,0.1537039876,337.9460144,0.4447029531,337.9460144,1.077401161,337.9460144,2.622905731,
337.4778748,0.04548434541,337.4778748,0.05550324172,337.4778748,0.1547569185,337.4778748,0.4489371777,337.4778748,1.091091514,337.4778748,2.723381758,
337.0096741,0.04553100094,337.0096741,0.05547229573,337.0096741,0.155173257,337.0096741,0.451036483,337.0096741,1.097926497,337.0096741,2.718434811,
336.5414734,0.04547379911,336.5414734,0.0555842258,336.5414734,0.1567320377,336.5414734,0.4581244588,336.5414734,1.113381982,336.5414734,2.783575058,
336.0732422,0.04558274895,336.0732422,0.05573088303,336.0732422,0.157829985,336.0732422,0.4622685015,336.0732422,1.121627927,336.0732422,2.750793695,
335.4488831,0.04530197382,335.4488831,0.05563680455,335.4488831,0.1592118144,335.4488831,0.4672049582,335.4488831,1.137012362,335.4488831,2.779224396,
334.9805603,0.04535596445,334.9805603,0.05574486405,334.9805603,0.1603736728,334.9805603,0.4711729884,334.9805603,1.148802638,334.9805603,2.83775568,
334.5122375,0.04541648924,334.5122375,0.0557506904,334.5122375,0.1608825326,334.5122375,0.4739510715,334.5122375,1.154299259,334.5122375,2.873496771,
334.0438843,0.04519142956,334.0438843,0.05561891571,334.0438843,0.162432462,334.0438843,0.4791792035,334.0438843,1.169321895,334.0438843,2.921599627,
333.57547,0.04514762387,333.57547,0.05592251569,333.57547,0.1631974578,333.57547,0.4823467135,333.57547,1.17860496,333.57547,2.85864234,
332.9509277,0.04495810345,332.9509277,0.05606693029,332.9509277,0.1643615365,332.9509277,0.4872491062,332.9509277,1.190367818,332.9509277,2.945995331,
332.4824524,0.04512542486,332.4824524,0.05610348284,332.4824524,0.1651979089,332.4824524,0.49039644,332.4824524,1.197360277,332.4824524,3.024535418,
332.0139771,0.04493456334,332.0139771,0.05616222322,332.0139771,0.165621534,332.0139771,0.4926281273,332.0139771,1.202975273,332.0139771,3.124744415,
331.5454407,0.0448808521,331.5454407,0.05611426383,331.5454407,0.1670822352,331.5454407,0.497364074,331.5454407,1.215917468,331.5454407,3.107818604,
331.0769043,0.04468269646,331.0769043,0.05612177774,331.0769043,0.1678337455,331.0769043,0.500436008,331.0769043,1.223619103,331.0769043,3.023030996,
330.4521179,0.04455047846,330.4521179,0.05619760603,330.4521179,0.1690450758,330.4521179,0.5042226315,330.4521179,1.235447288,330.4521179,3.479938984,
329.9835205,0.04450206459,329.9835205,0.05631228536,329.9835205,0.1697374284,329.9835205,0.5070220232,329.9835205,1.243234277,329.9835205,3.282197952,
329.5148621,0.04454373941,329.5148621,0.05628538132,329.5148621,0.1701272875,329.5148621,0.508743763,329.5148621,1.246862888,329.5148621,3.282481194,
329.0462036,0.04459717497,329.0462036,0.05640430003,329.0462036,0.171164915,329.0462036,0.5128219128,329.0462036,1.257910013,329.0462036,3.203585625,
328.5775146,0.0444615446,328.5775146,0.05677668378,328.5775146,0.171884194,328.5775146,0.5147832036,328.5775146,1.261801839,328.5775146,3.434913158,
327.9525146,0.04432474822,327.9525146,0.05653778836,327.9525146,0.1722369641,327.9525146,0.5177000761,327.9525146,1.26791513,327.9525146,3.2026546,
327.4837646,0.04415186122,327.4837646,0.05668184534,327.4837646,0.1727639139,327.4837646,0.5197712779,327.4837646,1.274636984,327.4837646,3.393245459,
327.0149536,0.04420069605,327.0149536,0.05655816197,327.0149536,0.1731491089,327.0149536,0.5207566023,327.0149536,1.278291941,327.0149536,3.366356134,
326.5461426,0.04417235032,326.5461426,0.056701608,326.5461426,0.1738900691,326.5461426,0.524012804,326.5461426,1.284035087,326.5461426,3.261306763,
326.077301,0.04419378936,326.077301,0.05678960308,326.077301,0.1747881174,326.077301,0.5254093409,326.077301,1.289741874,326.077301,3.293607235,
325.4521179,0.04417189211,325.4521179,0.05682444945,325.4521179,0.1751997918,325.4521179,0.5277048945,325.4521179,1.298922539,325.4521179,3.385877132,
324.9832153,0.04406346753,324.9832153,0.05697825179,324.9832153,0.1754941195,324.9832153,0.5295614004,324.9832153,1.302483201,324.9832153,3.584589005,
324.5142517,0.0442051962,324.5142517,0.0569037348,324.5142517,0.175840646,324.5142517,0.5302392244,324.5142517,1.304052949,324.5142517,3.34786725,
324.0452881,0.04428375885,324.0452881,0.05704753101,324.0452881,0.1766660213,324.0452881,0.5322352052,324.0452881,1.307249069,324.0452881,3.361911297,
323.5762939,0.04440029338,323.5762939,0.05737966672,323.5762939,0.1768753231,323.5762939,0.533300221,323.5762939,1.307859898,323.5762939,3.34159255,
322.9508972,0.04451580346,322.9508972,0.05778130144,322.9508972,0.1772445589,322.9508972,0.53458637,322.9508972,1.313788891,322.9508972,3.429628134,
322.481842,0.04476811737,322.481842,0.0577310361,322.481842,0.1778727919,322.481842,0.535445869,322.481842,1.314821005,322.481842,3.382023335,
322.0127563,0.04464694858,322.0127563,0.05785721168,322.0127563,0.1779681742,322.0127563,0.5358521938,322.0127563,1.317034721,322.0127563,3.349103451,
321.5436401,0.04481770843,321.5436401,0.05797893181,321.5436401,0.1784589887,321.5436401,0.5368674397,321.5436401,1.318306684,321.5436401,3.542448759,
321.0744629,0.0448056832,321.0744629,0.05803685635,321.0744629,0.1786030382,321.0744629,0.5369681716,321.0744629,1.31736064,321.0744629,3.507455349,
320.4489136,0.04498035461,320.4489136,0.05837729946,320.4489136,0.1789937168,320.4489136,0.5374118686,320.4489136,1.319541454,320.4489136,3.452924252,
319.9796753,0.04509501159,319.9796753,0.05838283896,319.9796753,0.178971678,319.9796753,0.5373924971,319.9796753,1.316257715,319.9796753,3.422644854,
319.510437,0.04510153085,319.510437,0.05861057341,319.510437,0.1791719198,319.510437,0.5372428894,319.510437,1.315659285,319.510437,3.681141138,
319.0411682,0.04541194811,319.0411682,0.05872696266,319.0411682,0.1795225292,319.0411682,0.5365191698,319.0411682,1.31373024,319.0411682,3.367864132,
318.5718689,0.0456459187,318.5718689,0.0590024069,318.5718689,0.1798062474,318.5718689,0.5364984274,318.5718689,1.311779499,318.5718689,3.540632248,
317.946106,0.04598984867,317.946106,0.05925521255,317.946106,0.1800061017,317.946106,0.5358472466,317.946106,1.310465217,317.946106,3.743813992,
317.4767456,0.04623262584,317.4767456,0.05958906934,317.4767456,0.1803120524,317.4767456,0.5351988077,317.4767456,1.308123231,317.4767456,3.409664631,
317.0073547,0.04657166079,317.0073547,0.05987641588,317.0073547,0.1803437322,317.0073547,0.5344311595,317.0073547,1.302863359,317.0073547,3.168633223,
316.5379333,0.04666981846,316.5379333,0.06041299924,316.5379333,0.1809831411,316.5379333,0.533407867,316.5379333,1.298434496,316.5379333,3.331997156,
316.0684814,0.04699021578,316.0684814,0.06090977043,316.0684814,0.1808392555,316.0684814,0.5320885181,316.0684814,1.295436621,316.0684814,3.523501635,
315.4425354,0.04746683314,315.4425354,0.06132640317,315.4425354,0.1815215796,315.4425354,0.5311163664,315.4425354,1.290696621,315.4425354,3.416638136,
314.9730225,0.0477376543,314.9730225,0.06206601113,314.9730225,0.181866765,314.9730225,0.529312849,314.9730225,1.285049677,314.9730225,3.73154211,
314.503479,0.04793709517,314.503479,0.06232254952,314.503479,0.1819991916,314.503479,0.5286931992,314.503479,1.282981992,314.503479,3.531934023,
314.033905,0.04880459234,314.033905,0.06368865073,314.033905,0.1829012632,314.033905,0.5271988511,314.033905,1.273800492,314.033905,3.431744576,
313.5643311,0.04917132109,313.5643311,0.06422093511,313.5643311,0.1833349466,313.5643311,0.5255785584,313.5643311,1.268795609,313.5643311,3.458446026,
312.9381714,0.04953604192,312.9381714,0.0650177449,312.9381714,0.1834250242,312.9381714,0.5229076147,312.9381714,1.257983565,312.9381714,3.073305368,
312.4685059,0.05027003959,312.4685059,0.06614902616,312.4685059,0.1840598136,312.4685059,0.521389842,312.4685059,1.25080502,312.4685059,3.10831666,
311.9988403,0.05038743839,311.9988403,0.06658335775,311.9988403,0.184195444,311.9988403,0.5199474692,311.9988403,1.247043252,311.9988403,3.05282855,
311.5291138,0.05139403418,311.5291138,0.06783706695,311.5291138,0.1853576601,311.5291138,0.5174412131,311.5291138,1.234282255,311.5291138,3.010201931,
311.0593872,0.05199276656,311.0593872,0.06879067421,311.0593872,0.1862333417,311.0593872,0.5160571337,311.0593872,1.229853749,311.0593872,3.070667982,
310.4330444,0.05294980854,310.4330444,0.07026625425,310.4330444,0.1872345954,310.4330444,0.5134918094,310.4330444,1.218459249,310.4330444,3.068272591,
309.9632263,0.05294606835,309.9632263,0.07104662061,309.9632263,0.1870816052,309.9632263,0.5109223723,309.9632263,1.207407355,309.9632263,2.92070508,
309.4934082,0.05391896144,309.4934082,0.07178331912,309.4934082,0.1878289878,309.4934082,0.5095274448,309.4934082,1.201233864,309.4934082,2.93298173,
309.0235596,0.0551995188,309.0235596,0.07414384186,309.0235596,0.189380914,309.0235596,0.5063060522,309.0235596,1.189156532,309.0235596,2.934551716,
308.5536804,0.05594984069,308.5536804,0.07524831593,308.5536804,0.1899924427,308.5536804,0.5043088198,308.5536804,1.180114388,308.5536804,2.90621233,
307.927124,0.056664031,307.927124,0.07697742432,307.927124,0.1911976337,307.927124,0.5011011958,307.927124,1.166824579,307.927124,2.858379126,
307.4571838,0.05754250288,307.4571838,0.0780274272,307.4571838,0.1914930195,307.4571838,0.4984041154,307.4571838,1.156125784,307.4571838,2.803795338,
306.9872437,0.0577513203,306.9872437,0.07868272811,306.9872437,0.1919797659,306.9872437,0.4964888394,306.9872437,1.147771478,306.9872437,2.736163378,
306.5172424,0.05917665362,306.5172424,0.0808686167,306.5172424,0.1926419288,306.5172424,0.4910736084,306.5172424,1.127086043,306.5172424,2.692137718,
306.0472107,0.05948521942,306.0472107,0.08178030699,306.0472107,0.1931977272,306.0472107,0.4887307882,306.0472107,1.117993832,306.0472107,2.628558397,
305.577179,0.06010784954,305.577179,0.08280434459,305.577179,0.193425864,305.577179,0.4863797724,305.577179,1.10848403,305.577179,2.628461361,
304.9504089,0.06127259508,304.9504089,0.08472108096,304.9504089,0.1940290779,304.9504089,0.4811688066,304.9504089,1.090587258,304.9504089,2.545693398,
304.4802856,0.06185397878,304.4802856,0.08549752831,304.4802856,0.1944881678,304.4802856,0.4785338938,304.4802856,1.082472205,304.4802856,2.540192842,
304.0101624,0.06274466217,304.0101624,0.08718169481,304.0101624,0.1949717849,304.0101624,0.4735795856,304.0101624,1.062801123,304.0101624,2.475630283,
303.5400085,0.06333620101,303.5400085,0.08843562007,303.5400085,0.1954486072,303.5400085,0.470379889,303.5400085,1.053614497,303.5400085,2.457743406,
303.0698242,0.06401405483,303.0698242,0.08932887763,303.0698242,0.1957529187,303.0698242,0.4674443901,303.0698242,1.042410731,303.0698242,2.427443981,
302.4428406,0.06504071504,302.4428406,0.09097254276,302.4428406,0.1962207407,302.4428406,0.461913079,302.4428406,1.022376657,302.4428406,2.358963728,
301.9725952,0.06559146196,301.9725952,0.09163177013,301.9725952,0.1962697655,301.9725952,0.459849894,301.9725952,1.01577127,301.9725952,2.354303837,
301.5023193,0.06673884392,301.5023193,0.09316426516,301.5023193,0.1970269829,301.5023193,0.4547198117,301.5023193,0.9961726069,301.5023193,2.284530401,
301.0320435,0.06738264114,301.0320435,0.09455640614,301.0320435,0.1974410117,301.0320435,0.4517043531,301.0320435,0.9854716659,301.0320435,2.249365807,
300.5617065,0.06793367118,300.5617065,0.09576738626,300.5617065,0.1977598667,300.5617065,0.4484119713,300.5617065,0.9739742279,300.5617065,2.219633341,
299.9345703,0.06911218911,299.9345703,0.09774342924,299.9345703,0.1985577643,299.9345703,0.442650795,299.9345703,0.952301085,299.9345703,2.153887033,
299.4641724,0.06982253492,299.4641724,0.09884608537,299.4641724,0.1988121271,299.4641724,0.4402633309,299.4641724,0.9424526095,299.4641724,2.131233454,
298.9937439,0.07134979218,298.9937439,0.1012541652,298.9937439,0.2003033608,298.9937439,0.4355715513,298.9937439,0.923851192,298.9937439,2.099859238,
298.5233154,0.07192234695,298.5233154,0.1025214568,298.5233154,0.2009280473,298.5233154,0.4320521057,298.5233154,0.9123578668,298.5233154,2.05454731,
298.0528564,0.07234883308,298.0528564,0.1030801907,298.0528564,0.2007453442,298.0528564,0.4283105731,298.0528564,0.898797214,298.0528564,1.995038152,
297.4255371,0.07338170707,297.4255371,0.1048917845,297.4255371,0.2020202726,297.4255371,0.4234586954,297.4255371,0.8794882894,297.4255371,1.944156289,
296.9549866,0.07368961722,296.9549866,0.1054056957,296.9549866,0.202089563,296.9549866,0.4215972126,296.9549866,0.8727502227,296.9549866,1.923351288,
296.484436,0.07445570081,296.484436,0.1079778001,296.484436,0.2032066882,296.484436,0.4169478416,296.484436,0.8542429209,296.484436,1.862168908,
296.0138855,0.07513698936,296.0138855,0.1096170247,296.0138855,0.2041609883,296.0138855,0.4145455956,296.0138855,0.843421936,296.0138855,1.838455915,
295.5432739,0.07610733807,295.5432739,0.1109770685,295.5432739,0.2049170434,295.5432739,0.4115357697,295.5432739,0.8314791322,295.5432739,1.804322004,
295.0726318,0.07784678787,295.0726318,0.1138186455,295.0726318,0.2069640607,295.0726318,0.408210516,295.0726318,0.8162977099,295.0726318,1.764426351,
294.4450989,0.07887449116,294.4450989,0.1153362021,294.4450989,0.2077753395,294.4450989,0.4053716362,294.4450989,0.8042318225,294.4450989,1.729518056,
293.9744263,0.07977785915,293.9744263,0.1172250509,293.9744263,0.2084525526,293.9744263,0.4003258348,293.9744263,0.7859544158,293.9744263,1.669536591,
293.5036926,0.08033385873,293.5036926,0.1190976948,293.5036926,0.2095698416,293.5036926,0.3981111348,293.5036926,0.7750106454,293.5036926,1.636790752,
293.032959,0.08128225803,293.032959,0.120581761,293.032959,0.2105274647,293.032959,0.3955690861,293.032959,0.7648054957,293.032959,1.606644869,
292.5621948,0.08261228353,292.5621948,0.1231463999,292.5621948,0.2116622478,292.5621948,0.3921235502,292.5621948,0.7487826347,292.5621948,1.561419845,
291.9344788,0.08299003541,291.9344788,0.1247102097,291.9344788,0.2129198015,291.9344788,0.3893766403,291.9344788,0.7370167971,291.9344788,1.526602387,
291.4636536,0.08450785279,291.4636536,0.127432391,291.4636536,0.214445129,291.4636536,0.3856139481,291.4636536,0.7201256752,291.4636536,1.474637747,
290.9927979,0.08517795801,290.9927979,0.1286178976,290.9927979,0.2152235359,290.9927979,0.3838300109,290.9927979,0.7106400132,290.9927979,1.449346066,
290.5219116,0.08618991077,290.5219116,0.1297657639,290.5219116,0.2168144286,290.5219116,0.382126838,290.5219116,0.7020853758,290.5219116,1.420616627,
290.0510254,0.08748976141,290.0510254,0.1324425042,290.0510254,0.2192222774,290.0510254,0.3803118169,290.0510254,0.6892468333,290.0510254,1.383230448,
289.4231262,0.08872447908,289.4231262,0.1345744729,289.4231262,0.2211235315,289.4231262,0.3788450062,289.4231262,0.6804837584,289.4231262,1.352919817,
288.952179,0.09025669843,288.952179,0.1379335672,288.952179,0.2242223918,288.952179,0.3766918182,288.952179,0.665560782,288.952179,1.305760026,
288.4811707,0.09130644053,288.4811707,0.1401988119,288.4811707,0.2258219719,288.4811707,0.3759400845,288.4811707,0.6564108729,288.4811707,1.276000261,
288.0101624,0.09241101146,288.0101624,0.1428409964,288.0101624,0.2281520516,288.0101624,0.3749492466,288.0101624,0.6485063434,288.0101624,1.247462988,
287.5391541,0.09412302822,287.5391541,0.1462640613,287.5391541,0.2310341001,287.5391541,0.3745198846,287.5391541,0.6375631094,287.5391541,1.211146235,
287.0680847,0.09492666274,287.0680847,0.1473861933,287.0680847,0.2324151397,287.0680847,0.37425524,287.0680847,0.6321325898,287.0680847,1.193472743,
286.4399719,0.09684193134,286.4399719,0.1525890082,286.4399719,0.237166822,286.4399719,0.3747002482,286.4399719,0.6201247573,286.4399719,1.147072434,
285.9688721,0.09836561978,285.9688721,0.1549672782,285.9688721,0.23991023,285.9688721,0.3749502897,285.9688721,0.6146401167,285.9688721,1.129494548,
285.4977112,0.09972394258,285.4977112,0.1575549692,285.4977112,0.24310036,285.4977112,0.3757094443,285.4977112,0.6094861627,285.4977112,1.107519031,
285.0265503,0.1015574038,285.0265503,0.1613352299,285.0265503,0.247294277,285.0265503,0.3777032197,285.0265503,0.6013873816,285.0265503,1.074349642,
284.5553589,0.1028745547,284.5553589,0.1631662846,284.5553589,0.2498175204,284.5553589,0.3786348104,284.5553589,0.5971613526,284.5553589,1.056460977,
283.927063,0.1061808541,283.927063,0.1691691875,283.927063,0.2561286092,283.927063,0.3818458617,283.927063,0.5889927149,283.927063,1.017895222,
283.4558105,0.1080474108,283.4558105,0.1724972427,283.4558105,0.2605199218,283.4558105,0.3834635913,283.4558105,0.5841248035,283.4558105,0.9975025654,
282.9845581,0.1092694551,282.9845581,0.1750765443,282.9845581,0.2638876438,282.9845581,0.3851712644,282.9845581,0.5800935626,282.9845581,0.9754965901,
282.5132446,0.1112185791,282.5132446,0.1794601828,282.5132446,0.2694088519,282.5132446,0.3884501755,282.5132446,0.5750413537,282.5132446,0.9508949518,
282.0419312,0.1124717221,282.0419312,0.1814506203,282.0419312,0.2717040777,282.0419312,0.3897666335,282.0419312,0.5729354024,282.0419312,0.9376030564,
281.5705872,0.1148318201,281.5705872,0.18601197,281.5705872,0.2767025232,281.5705872,0.3926175535,281.5705872,0.5694192648,281.5705872,0.9159735441,
280.9421082,0.1176668406,280.9421082,0.1915815026,280.9421082,0.2829802334,280.9421082,0.3968149722,280.9421082,0.5654422641,280.9421082,0.8894348741,
280.4707031,0.1195930839,280.4707031,0.1945603192,280.4707031,0.2868543565,280.4707031,0.3997370601,280.4707031,0.5633949637,280.4707031,0.8732688427,
279.9992676,0.121994257,279.9992676,0.2000394911,279.9992676,0.2940393686,279.9992676,0.4037426114,279.9992676,0.5601063371,279.9992676,0.8502869606,
279.527832,0.1231693625,279.527832,0.2024946511,279.527832,0.2966060638,279.527832,0.4067546427,279.527832,0.5584380627,279.527832,0.8370414376,
279.0563354,0.1257278323,279.0563354,0.2071261704,279.0563354,0.3034317493,279.0563354,0.4114778042,279.0563354,0.5559558272,279.0563354,0.8164485097,
278.4276733,0.1290715784,278.4276733,0.2126058936,278.4276733,0.3100089729,278.4276733,0.416616708,278.4276733,0.5532727838,278.4276733,0.7912158966,
277.9561462,0.1301883906,277.9561462,0.2160347402,277.9561462,0.3144784272,277.9561462,0.419383496,277.9561462,0.5519800782,277.9561462,0.7788089514,
277.4845886,0.1325131357,277.4845886,0.2203028649,277.4845886,0.3189286888,277.4845886,0.4225458801,277.4845886,0.5499819517,277.4845886,0.7605631351,
277.0130005,0.1336226463,277.0130005,0.2223898321,277.0130005,0.3214078248,277.0130005,0.4247474372,277.0130005,0.5490956306,277.0130005,0.7505081296,
276.5414124,0.135735929,276.5414124,0.2265089154,276.5414124,0.3258825541,276.5414124,0.4283917844,276.5414124,0.5474040508,276.5414124,0.7349931002,
276.0697632,0.1375850141,276.0697632,0.2299628705,276.0697632,0.3303782344,276.0697632,0.4314272106,276.0697632,0.5460524559,276.0697632,0.7201130986,
275.440918,0.1393439621,275.440918,0.2336509526,275.440918,0.3349590302,275.440918,0.4352980852,275.440918,0.5444871783,275.440918,0.704862833,
274.9692078,0.1412866116,274.9692078,0.2376064509,274.9692078,0.3404640555,274.9692078,0.4385187924,274.9692078,0.5425197482,274.9692078,0.6882542372,
274.4975281,0.1425654292,274.4975281,0.2401878089,274.4975281,0.3425350487,274.4975281,0.4401194453,274.4975281,0.5412560105,274.4975281,0.6784382463,
274.0257874,0.1442875862,274.0257874,0.2431177199,274.0257874,0.3462002873,274.0257874,0.4436167777,274.0257874,0.5393550396,274.0257874,0.6621569991,
273.5540161,0.1455801576,273.5540161,0.2457754463,273.5540161,0.3498026431,273.5540161,0.4459107816,273.5540161,0.537422359,273.5540161,0.6486936212,
272.9249878,0.1470594257,272.9249878,0.2485061437,272.9249878,0.3529486358,272.9249878,0.4479163587,272.9249878,0.5350502729,272.9249878,0.635140419,
272.453186,0.148556754,272.453186,0.2515799701,272.453186,0.356264621,272.453186,0.4500373006,272.453186,0.5333023071,272.453186,0.6217954159,
271.9813538,0.1493537724,271.9813538,0.252715081,271.9813538,0.3579786718,271.9813538,0.4507927895,271.9813538,0.531665504,271.9813538,0.6142747998,
271.509491,0.149292618,271.509491,0.2533825636,271.509491,0.359408915,271.509491,0.4504031241,271.509491,0.5285144448,271.509491,0.6010902524,
271.0375977,0.1500307322,271.0375977,0.2544824481,271.0375977,0.3615041673,271.0375977,0.4521057904,271.0375977,0.5265698433,271.0375977,0.5921888351,
270.5657043,0.1505635828,270.5657043,0.255782634,270.5657043,0.3621339202,270.5657043,0.4522617459,270.5657043,0.5250344276,270.5657043,0.586438179,
269.9364624,0.1518685073,269.9364624,0.258281827,269.9364624,0.3645632267,269.9364624,0.4531338513,269.9364624,0.5200804472,269.9364624,0.5670084953,
269.4645081,0.1523078978,269.4645081,0.2587776482,269.4645081,0.3651193082,269.4645081,0.4527421594,269.4645081,0.5177838206,269.4645081,0.5591811538,
268.9925232,0.1525792629,268.9925232,0.2593390048,268.9925232,0.3657520711,268.9925232,0.4519110918,268.9925232,0.5141171813,268.9925232,0.546607852,
268.5205078,0.1526893377,268.5205078,0.2597173154,268.5205078,0.3656921983,268.5205078,0.4512719512,268.5205078,0.5104224086,268.5205078,0.537073493,
268.0484924,0.1528428197,268.0484924,0.2598577738,268.0484924,0.365637064,268.0484924,0.4504985213,268.0484924,0.5081730485,268.0484924,0.5300087929,
267.5764465,0.1527502686,267.5764465,0.2597216368,267.5764465,0.364900142,267.5764465,0.4483229816,267.5764465,0.5023228526,267.5764465,0.5171465874,
266.946991,0.1525031626,266.946991,0.2593290806,266.946991,0.3641280234,266.946991,0.4467935264,266.946991,0.4989722073,266.946991,0.5077840686,
266.4749146,0.1521309316,266.4749146,0.2586799562,266.4749146,0.3632260561,266.4749146,0.4444111586,266.4749146,0.4946977794,266.4749146,0.4987919331,
266.0027771,0.1517550051,266.0027771,0.2580270767,266.0027771,0.3620072007,266.0027771,0.4421987236,266.0027771,0.4908125997,266.0027771,0.4909943044,
265.5306091,0.1513573676,265.5306091,0.2574936748,265.5306091,0.3607988656,265.5306091,0.4401930273,265.5306091,0.4876690507,265.5306091,0.484690994,
265.0584412,0.1502055526,265.0584412,0.2553777695,265.0584412,0.3577664793,265.0584412,0.4356788397,265.0584412,0.4808160365,265.0584412,0.472232759,
264.428833,0.1491165459,264.428833,0.2536540031,264.428833,0.3550685942,264.428833,0.4320909083,264.428833,0.4750142694,264.428833,0.4634468555,
263.956604,0.1476685703,263.956604,0.2512100637,263.956604,0.3520357013,263.956604,0.4272610545,263.956604,0.4689821005,263.956604,0.4550396204,
263.484375,0.1460581571,263.484375,0.2487255186,263.484375,0.3486886919,263.484375,0.4229255915,263.484375,0.4627533555,263.484375,0.4470202327,
263.012085,0.1450742036,263.012085,0.2471532524,263.012085,0.346296072,263.012085,0.4197337925,263.012085,0.4593237638,263.012085,0.4422315657,
262.5397949,0.14302212,262.5397949,0.2436239719,262.5397949,0.3415754437,262.5397949,0.4136086404,262.5397949,0.4520592391,262.5397949,0.4335375428,
262.0674744,0.1416606158,262.0674744,0.2417105883,262.0674744,0.3386816382,262.0674744,0.4095646143,262.0674744,0.4484466016,262.0674744,0.4298742712,
261.4376831,0.1395445317,261.4376831,0.2377508432,261.4376831,0.3333826065,261.4376831,0.4032827914,261.4376831,0.4401679635,261.4376831,0.4225798547,
260.9653015,0.1382862478,260.9653015,0.2352485806,260.9653015,0.329310298,260.9653015,0.3986558616,260.9653015,0.4360596836,260.9653015,0.4187391102,
260.4929199,0.1373305172,260.4929199,0.2334813625,260.4929199,0.3267919123,260.4929199,0.3951693773,260.4929199,0.4327136874,260.4929199,0.4164996147,
260.0205078,0.135499388,260.0205078,0.2297764868,260.0205078,0.3221688867,260.0205078,0.3894021809,260.0205078,0.4271166921,260.0205078,0.4134608209,
259.5480652,0.1345027685,259.5480652,0.2278616279,259.5480652,0.3193308413,259.5480652,0.3861757219,259.5480652,0.424187839,259.5480652,0.4124229848,
259.075592,0.1318856031,259.075592,0.2240324318,259.075592,0.3149086833,259.075592,0.3814950883,259.075592,0.4194826186,259.075592,0.4107457101,
258.4456177,0.129983902,258.4456177,0.219681412,258.4456177,0.3083237112,258.4456177,0.3736636937,258.4456177,0.4134166837,258.4456177,0.4103601575,
257.9730835,0.1288496405,257.9730835,0.2174430192,257.9730835,0.3053782582,257.9730835,0.3697832823,257.9730835,0.4109447598,257.9730835,0.4107501805,
257.5005493,0.1263235658,257.5005493,0.212653324,257.5005493,0.2986646295,257.5005493,0.3626531065,257.5005493,0.4053772688,257.5005493,0.4124939144,
257.0280151,0.1249784976,257.0280151,0.2101198584,257.0280151,0.2951691747,257.0280151,0.3595263958,257.0280151,0.402733773,257.0280151,0.4136609137,
256.5554199,0.1234928742,256.5554199,0.2074732184,256.5554199,0.2912687957,256.5554199,0.3552007675,256.5554199,0.4003752172,256.5554199,0.4157123864,
255.9252777,0.1203733385,255.9252777,0.2014637291,255.9252777,0.2833020389,255.9252777,0.3465369642,255.9252777,0.3948737979,255.9252777,0.4213917255,
255.4526367,0.1192016751,255.4526367,0.1988641322,255.4526367,0.27994892,255.4526367,0.3427895606,255.4526367,0.3931828439,255.4526367,0.4238831997,
254.9799805,0.1160752252,254.9799805,0.1932213157,254.9799805,0.2725767791,254.9799805,0.335203588,254.9799805,0.3891294003,254.9799805,0.4320589006,
254.507309,0.114406772,254.507309,0.1899588108,254.507309,0.2683104575,254.507309,0.331083715,254.507309,0.3874756694,254.507309,0.4372946918,
254.0346069,0.1127272248,254.0346069,0.1866751015,254.0346069,0.2641895711,254.0346069,0.3271954358,254.0346069,0.3859740496,254.0346069,0.4444852471,
253.5618896,0.1098491773,253.5618896,0.1815053076,253.5618896,0.2575561702,253.5618896,0.3211430907,253.5618896,0.3844529688,253.5618896,0.4561884999,
252.9315643,0.1077647209,252.9315643,0.1770315021,252.9315643,0.2523616552,252.9315643,0.3167299032,252.9315643,0.3840976059,252.9315643,0.4678365886,
252.458786,0.104776673,252.458786,0.1719891876,252.458786,0.2464283705,252.458786,0.3120823205,252.458786,0.3847340345,252.458786,0.4871568978,
251.9859924,0.1034696177,251.9859924,0.1694870144,251.9859924,0.2432782799,251.9859924,0.309899807,251.9859924,0.3853830993,251.9859924,0.4948240221,
251.5131683,0.1022344157,251.5131683,0.167072311,251.5131683,0.2401392609,251.5131683,0.3077552617,251.5131683,0.3874178529,251.5131683,0.5072345734,
251.040329,0.09969762713,251.040329,0.1620135009,251.040329,0.2341322154,251.040329,0.3044244647,251.040329,0.3920134306,251.040329,0.5338618159,
250.5674744,0.0980046764,250.5674744,0.1590691656,250.5674744,0.230582878,250.5674744,0.3024010658,250.5674744,0.3961389363,250.5674744,0.5562779307,
249.9373322,0.09431452304,249.9373322,0.1521355957,249.9373322,0.2231552601,249.9373322,0.2994330823,249.9373322,0.4070444703,249.9373322,0.603838861,
249.4672546,0.09276284277,249.4672546,0.1489164829,249.4672546,0.220205754,249.4672546,0.2984478474,249.4672546,0.4144307971,249.4672546,0.6295284629,
248.9971313,0.09147813171,248.9971313,0.1466361284,248.9971313,0.2178356797,248.9971313,0.2990451455,248.9971313,0.4230516851,248.9971313,0.6591645479,
248.5270081,0.08913775533,248.5270081,0.1421210319,248.5270081,0.2135713995,248.5270081,0.2993573248,248.5270081,0.4355359674,248.5270081,0.7094289064,
248.0568542,0.08765672147,248.0568542,0.139343366,248.0568542,0.2109481245,248.0568542,0.300249368,248.0568542,0.4468586743,248.0568542,0.7359958887,
247.4299469,0.08466948569,247.4299469,0.1339916736,247.4299469,0.2063370347,247.4299469,0.3023987412,247.4299469,0.46594432,247.4299469,0.8086622357,
246.9597321,0.08361163735,246.9597321,0.132104218,246.9597321,0.2048053592,246.9597321,0.3032548726,246.9597321,0.4741832018,246.9597321,0.8388775587,
246.4895172,0.0825240314,246.4895172,0.1302381456,246.4895172,0.2033901513,246.4895172,0.3057329953,246.4895172,0.4846245646,246.4895172,0.8653027415,
246.0192719,0.08084495366,246.0192719,0.1270374209,246.0192719,0.2011261433,246.0192719,0.3104048073,246.0192719,0.5073235631,246.0192719,0.9288082719,
245.548996,0.07973932475,245.548996,0.1249661744,245.548996,0.1998512894,245.548996,0.3134889007,245.548996,0.5224266648,245.548996,0.9745896459,
244.921936,0.0765594691,244.921936,0.1192683056,244.921936,0.1966981143,244.921936,0.3227626979,244.921936,0.5622378588,244.921936,1.085803151,
244.4516296,0.07548036426,244.4516296,0.1171726957,244.4516296,0.1962677687,244.4516296,0.3277155161,244.4516296,0.5819651484,244.4516296,1.141276121,
243.9812927,0.0748405382,243.9812927,0.1156028509,243.9812927,0.1961362362,243.9812927,0.3353264928,243.9812927,0.6042953134,243.9812927,1.21262455,
243.5109253,0.07303631306,243.5109253,0.1126416922,243.5109253,0.1955636293,243.5109253,0.3450849652,243.5109253,0.6398253441,243.5109253,1.311740756,
243.0405426,0.07223484665,243.0405426,0.11104846,243.0405426,0.1956133097,243.0405426,0.3518844545,243.0405426,0.6625028253,243.0405426,1.37042892,
242.5701447,0.07107274979,242.5701447,0.109149754,242.5701447,0.1959739476,242.5701447,0.3613298535,242.5701447,0.6894788146,242.5701447,1.445120573,
241.9429169,0.07009276003,241.9429169,0.1075480655,241.9429169,0.1971033514,241.9429169,0.3729510605,241.9429169,0.7253817916,241.9429169,1.535551786,
241.4724579,0.06824846566,241.4724579,0.1056606695,241.4724579,0.1978220642,241.4724579,0.3805572391,241.4724579,0.7465174198,241.4724579,1.583155394,
241.0019989,0.06830335408,241.0019989,0.1047234684,241.0019989,0.2004781216,241.0019989,0.3958322704,241.0019989,0.7940952778,241.0019989,1.705425143,
240.5314941,0.06800208986,240.5314941,0.104144156,240.5314941,0.2021171004,240.5314941,0.4057087302,240.5314941,0.8201198578,240.5314941,1.777564764,
240.0609894,0.06762355566,240.0609894,0.1033091098,240.0609894,0.2060146481,240.0609894,0.4214162529,240.0609894,0.8698716164,240.0609894,1.912312269,
239.433609,0.06740812957,239.433609,0.1031011343,239.433609,0.2104618251,239.433609,0.4447700977,239.433609,0.9268990159,239.433609,2.046898127,
238.9630432,0.06725527346,238.9630432,0.1030862331,238.9630432,0.2143259197,238.9630432,0.4583378434,238.9630432,0.9677611589,238.9630432,2.133924961,
238.4924622,0.06688584387,238.4924622,0.1033948213,238.4924622,0.2195919603,238.4924622,0.4817075431,238.4924622,1.023398519,238.4924622,2.26548624,
238.0218658,0.06718815118,238.0218658,0.104037568,238.0218658,0.2238998562,238.0218658,0.4968969226,238.0218658,1.063239336,238.0218658,2.352270365,
237.551239,0.06788591295,237.551239,0.1048838422,237.551239,0.2300303429,237.551239,0.517694056,237.551239,1.11782527,237.551239,2.46710968,
236.9237213,0.0685992837,236.9237213,0.1065647006,236.9237213,0.2392195463,236.9237213,0.5431830883,236.9237213,1.185109138,236.9237213,2.654132366,
236.4530487,0.06931155175,236.4530487,0.1087761521,236.4530487,0.2447715551,236.4530487,0.5599202514,236.4530487,1.225464582,236.4530487,2.758508682,
235.9823608,0.0707488358,235.9823608,0.1115030944,235.9823608,0.2535946965,235.9823608,0.5853695869,235.9823608,1.286816239,235.9823608,3.031222343,
235.5116425,0.07176468521,235.5116425,0.1146575511,235.5116425,0.2602097988,235.5116425,0.6023488641,235.5116425,1.328453779,235.5116425,3.096242666,
235.0409088,0.07401996106,235.0409088,0.1185408682,235.0409088,0.2722660601,235.0409088,0.6322760582,235.0409088,1.389347672,235.0409088,3.248583555,
234.5701599,0.07605808228,234.5701599,0.1228826717,234.5701599,0.2825199068,234.5701599,0.6592223048,234.5701599,1.437460661,234.5701599,3.142615795,
233.9424744,0.07875521481,233.9424744,0.1288381219,233.9424744,0.2956234813,233.9424744,0.6866311431,233.9424744,1.502480507,233.9424744,3.543600321,
233.4716644,0.08323202282,233.4716644,0.1361715496,233.4716644,0.3120274246,233.4716644,0.7166226506,233.4716644,1.563998342,233.4716644,3.737615824,
233.0008545,0.08703832328,233.0008545,0.1435525715,233.0008545,0.3246117234,233.0008545,0.7426148057,233.0008545,1.606362224,233.0008545,3.880477428,
232.530014,0.09235020727,232.530014,0.1553628743,232.530014,0.3447653949,232.530014,0.7791925073,232.530014,1.673802137,232.530014,3.891170263,
232.0591583,0.09647676349,232.0591583,0.1641231626,232.0591583,0.3633435071,232.0591583,0.8089538217,232.0591583,1.725266933,232.0591583,3.845021248,
231.4313202,0.1020724252,231.4313202,0.1746771038,231.4313202,0.3814611733,231.4313202,0.8450927734,231.4313202,1.78423357,231.4313202,10,
230.9604034,0.1092464179,230.9604034,0.1891140789,230.9604034,0.4061434865,230.9604034,0.8805993795,230.9604034,1.847693563,230.9604034,5.064855099,
230.4894867,0.115279153,230.4894867,0.1992200762,230.4894867,0.423293978,230.4894867,0.9067277312,230.4894867,1.882714748,230.4894867,10,
230.0185394,0.1249626875,230.0185394,0.2202965468,230.0185394,0.4551409185,230.0185394,0.9565060735,230.0185394,1.974018574,230.0185394,10,
229.5475769,0.1333267242,229.5475769,0.2341014594,229.5475769,0.4791369438,229.5475769,0.990021646,229.5475769,2.017090321,229.5475769,10,
229.0765991,0.1373519301,229.0765991,0.2438321412,229.0765991,0.4925927818,229.0765991,1.009288192,229.0765991,2.018883705,229.0765991,10,
228.4485779,0.1510129124,228.4485779,0.2700051665,228.4485779,0.5331363082,228.4485779,1.058592558,228.4485779,2.093729973,228.4485779,10,
227.9775543,0.1618358493,227.9775543,0.2942985594,227.9775543,0.5693336129,227.9775543,1.10346365,227.9775543,2.201034069,227.9775543,10,
227.5065002,0.1751340777,227.5065002,0.3158263564,227.5065002,0.6019830704,227.5065002,1.159360409,227.5065002,2.273278236,227.5065002,10,
227.0354309,0.1873520911,227.0354309,0.3418619633,227.0354309,0.6306299567,227.0354309,1.200873613,227.0354309,2.276464939,227.0354309,10,
226.5643463,0.1965641081,226.5643463,0.3535203934,226.5643463,0.6563752294,226.5643463,1.221856117,226.5643463,2.311059952,226.5643463,10,
225.936203,0.214735508,225.936203,0.3948814571,225.936203,0.7092602253,225.936203,1.302025676,225.936203,2.396248341,225.936203,10,
225.4650726,0.2248703688,225.4650726,0.4074471295,225.4650726,0.7364256978,225.4650726,1.326058269,225.4650726,2.399581432,225.4650726,10,
224.9939117,0.2395489961,224.9939117,0.4393942356,224.9939117,0.7726380229,224.9939117,1.367369533,224.9939117,2.44927001,224.9939117,10,
224.5227356,0.2484996319,224.5227356,0.4646929502,224.5227356,0.8032038808,224.5227356,1.411344409,224.5227356,2.499884844,224.5227356,10,
224.0515442,0.2555561662,224.0515442,0.4758933485,224.0515442,0.8258650303,224.0515442,1.433686852,224.0515442,2.536352158,224.0515442,10,
223.4232635,0.2738389075,223.4232635,0.5116435885,223.4232635,0.8688281178,223.4232635,1.490287304,223.4232635,2.568457603,223.4232635,10,
222.9520264,0.282707721,222.9520264,0.5222412944,222.9520264,0.8864799738,222.9520264,1.510315418,222.9520264,2.58883214,222.9520264,10,
222.4807739,0.2915938497,222.4807739,0.5398401618,222.4807739,0.9135175943,222.4807739,1.527900457,222.4807739,2.642457485,222.4807739,10,
222.009491,0.2978033721,222.009491,0.5539070964,222.009491,0.9322007895,222.009491,1.550681949,222.009491,2.626277208,222.009491,10,
221.538208,0.3019025624,221.538208,0.5636419654,221.538208,0.9432231784,221.538208,1.562491655,221.538208,2.670184135,221.538208,10,
221.0668945,0.3115454912,221.0668945,0.5804972649,221.0668945,0.9653879404,221.0668945,1.581770301,221.0668945,2.645752668,221.0668945,10,
220.438446,0.3174326122,220.438446,0.5900734663,220.438446,0.9764592052,220.438446,1.59461391,220.438446,2.678673267,220.438446,10,
219.9670868,0.3234948516,219.9670868,0.5991130471,219.9670868,0.9861338139,219.9670868,1.600409865,219.9670868,2.70449543,219.9670868,10,
219.4957123,0.3264509141,219.4957123,0.6029544473,219.4957123,0.9887331128,219.4957123,1.599648356,219.4957123,2.59512496,219.4957123,10,
219.0243073,0.3281105161,219.0243073,0.6087313294,219.0243073,0.9973089099,219.0243073,1.600344062,219.0243073,2.586057663,219.0243073,10,
218.5529022,0.3327482939,218.5529022,0.6163583398,218.5529022,1.004673243,218.5529022,1.606371403,218.5529022,2.652694702,218.5529022,10,
217.9243164,0.3338328898,217.9243164,0.6172282696,217.9243164,1.002530575,217.9243164,1.594391227,217.9243164,2.556219101,217.9243164,10,
217.4528656,0.3347270787,217.4528656,0.6185840368,217.4528656,1.001371622,217.4528656,1.587242007,217.4528656,2.539599419,217.4528656,10,
216.9813843,0.3350173235,216.9813843,0.6176123023,216.9813843,0.9969238043,216.9813843,1.579745889,216.9813843,2.516840219,216.9813843,10,
216.5098877,0.3348308504,216.5098877,0.6168646216,216.5098877,0.9948032498,216.5098877,1.572430372,216.5098877,2.490105867,216.5098877,10,
216.0383759,0.3343636096,216.0383759,0.613232255,216.0383759,0.9851118326,216.0383759,1.549908042,216.0383759,2.464009762,216.0383759,10,
215.5668335,0.3337317109,215.5668335,0.6101374626,215.5668335,0.9776685238,215.5668335,1.534921169,215.5668335,2.435355425,215.5668335,5.044975758,
214.9380951,0.3315309286,214.9380951,0.6033582687,214.9380951,0.9642852545,214.9380951,1.50678575,214.9380951,2.388256073,214.9380951,10,
214.4665222,0.3289397061,214.4665222,0.5981097817,214.4665222,0.9549230337,214.4665222,1.486569643,214.4665222,2.35326767,214.4665222,4.46734333,
213.9949341,0.3274774849,213.9949341,0.5935974717,213.9949341,0.947160542,213.9949341,1.472153544,213.9949341,2.320245266,213.9949341,10,
213.5233154,0.32358706,213.5233154,0.5836495757,213.5233154,0.9292500019,213.5233154,1.442263126,213.5233154,2.264824867,213.5233154,10,
213.0516815,0.3213426769,213.0516815,0.5779208541,213.0516815,0.91894871,213.0516815,1.422915936,213.0516815,2.238068342,213.0516815,10,
212.422821,0.3176628649,212.422821,0.5679047108,212.422821,0.8998504877,212.422821,1.394637823,212.422821,2.179381132,212.422821,10,
211.9511414,0.3152494431,211.9511414,0.5608692765,211.9511414,0.8858249187,211.9511414,1.37261796,211.9511414,2.159912586,211.9511414,4.064995766,
211.4794464,0.3134220839,211.4794464,0.5566059947,211.4794464,0.8772782683,211.4794464,1.356330752,211.4794464,2.12769556,211.4794464,4.102229118,
211.0077362,0.3093278706,211.0077362,0.5447413325,211.0077362,0.8557696342,211.0077362,1.32325387,211.0077362,2.078183413,211.0077362,3.69140029,
210.5360107,0.3069161773,210.5360107,0.5370861292,210.5360107,0.8433123231,210.5360107,1.302820444,210.5360107,2.044798136,210.5360107,4.117694378,
210.06427,0.3043841422,210.06427,0.5302345157,210.06427,0.831923306,210.06427,1.281045198,210.06427,2.021921158,210.06427,3.695306301,
209.4352417,0.2999404371,209.4352417,0.5171107054,209.4352417,0.8110951781,209.4352417,1.248448491,209.4352417,1.981344104,209.4352417,4.424762726,
208.9634552,0.2984108031,208.9634552,0.5127570629,208.9634552,0.8029779792,208.9634552,1.236711383,208.9634552,1.963287473,208.9634552,3.736685038,
208.4916534,0.2952995896,208.4916534,0.5012997985,208.4916534,0.7831810117,208.4916534,1.21149826,208.4916534,1.927060366,208.4916534,3.667339802,
208.0198212,0.2935329974,208.0198212,0.4954721928,208.0198212,0.773927629,208.0198212,1.19889462,208.0198212,1.912027597,208.0198212,3.497868538,
207.5479889,0.2928353548,207.5479889,0.4911142588,207.5479889,0.7661632895,207.5479889,1.1911906,207.5479889,1.916713357,207.5479889,10,
207.0761261,0.2911996543,207.0761261,0.4833728671,207.0761261,0.75422436,207.0761261,1.174591541,207.0761261,1.904038429,207.0761261,10,
206.4469452,0.2891896665,206.4469452,0.4768324792,206.4469452,0.7455737591,206.4469452,1.160673499,206.4469452,1.880166769,206.4469452,3.725643396,
205.9750519,0.2886807323,205.9750519,0.4696584642,205.9750519,0.7331326604,205.9750519,1.148109794,205.9750519,1.881591439,205.9750519,3.655372143,
205.5031281,0.2883805633,205.5031281,0.4660409391,205.5031281,0.7276710272,205.5031281,1.143789291,205.5031281,1.883304119,205.5031281,3.694955826,
205.031189,0.2881244421,205.031189,0.4623735249,205.031189,0.7229164839,205.031189,1.140488386,205.031189,1.884264588,205.031189,3.778788328,
204.5592346,0.2892322838,204.5592346,0.4582042992,204.5592346,0.7166393995,204.5592346,1.138082504,204.5592346,1.904128194,204.5592346,4.037690163,
203.9299316,0.2902373075,203.9299316,0.4552491903,203.9299316,0.7128346562,203.9299316,1.139299035,203.9299316,1.916297913,203.9299316,4.365849018,
203.4579468,0.2916411757,203.4579468,0.4518064559,203.4579468,0.7087820172,203.4579468,1.142423391,203.4579468,1.955371618,203.4579468,4.767794609,
202.9859314,0.2931682169,202.9859314,0.4504252672,202.9859314,0.7075552344,202.9859314,1.146593928,202.9859314,1.974599361,202.9859314,4.478024483,
202.5139008,0.2947411835,202.5139008,0.4493963718,202.5139008,0.706877768,202.5139008,1.15286684,202.5139008,1.99751687,202.5139008,10,
202.0418549,0.2971690297,202.0418549,0.4490109384,202.0418549,0.7073287964,202.0418549,1.164999843,202.0418549,2.030453444,202.0418549,10,
201.5697784,0.2989577055,201.5697784,0.4491506219,201.5697784,0.7081714272,201.5697784,1.169451475,201.5697784,2.058518171,201.5697784,10,
200.9403381,0.3037773073,200.9403381,0.451005429,200.9403381,0.7118234634,200.9403381,1.191459298,200.9403381,2.125961304,200.9403381,10,
200.4682312,0.306871593,200.4682312,0.4514926672,200.4682312,0.7148092389,200.4682312,1.199523807,200.4682312,2.159158945,200.4682312,10,
199.9960632,0.3103405833,199.9960632,0.4531723559,199.9960632,0.717623055,199.9960632,1.216560602,199.9960632,2.210509062,199.9960632,10,

tmppp_7uM,
tmppp_7uM
Collection Time: 12/22/2023 1:06:05 PM
Operator Name  :
Scan Software Version: 3.00(339)
Parameter List :
Instrument                        Cary 50
Instrument Version                3.00
Start (nm)                        800.0
Stop (nm)                         200.0
X Mode                            Nanometers
Y Mode                            Abs
UV-Vis Scan Rate (nm/min)         300.00
UV-Vis Data Interval (nm)         0.50
UV-Vis Ave. Time (sec)            0.1000
Beam Mode                         Dual Beam
Baseline Correction               Off
Cycle Mode                        Off
Comments
Method Log     :
Method Name    :
Date/Time stamp: 11/9/2023 3:43:13 PM
Method Modifications:
UVVIS SAT Changed: 12/22/2023 1:04:17 PM, Old:0.0125, New:0.1000
Common SAT Changed: 12/22/2023 1:04:17 PM, Old:0.0125, New:0.1000
Common Interval nm Changed: 12/22/2023 1:04:18 PM, Old:     5.00, New:     0.50
End Method Modifications
<Current Wavelength> , 200.0

tmppp_15uM,
tmppp_15uM
Collection Time: 12/22/2023 1:09:10 PM
Operator Name  :
Scan Software Version: 3.00(339)
Parameter List :
Instrument                        Cary 50
Instrument Version                3.00
Start (nm)                        800.0
Stop (nm)                         200.0
X Mode                            Nanometers
Y Mode                            Abs
UV-Vis Scan Rate (nm/min)         300.00
UV-Vis Data Interval (nm)         0.50
UV-Vis Ave. Time (sec)            0.1000
Beam Mode                         Dual Beam
Baseline Correction               Off
Cycle Mode                        Off
Comments
Method Log     :
Method Name    :
Date/Time stamp: 11/9/2023 3:43:13 PM
Method Modifications:
UVVIS SAT Changed: 12/22/2023 1:04:17 PM, Old:0.0125, New:0.1000
Common SAT Changed: 12/22/2023 1:04:17 PM, Old:0.0125, New:0.1000
Common Interval nm Changed: 12/22/2023 1:04:18 PM, Old:     5.00, New:     0.50
End Method Modifications
<Current Wavelength> , 200.0

tmppp_31uM,
tmppp_31uM
Collection Time: 12/22/2023 1:11:58 PM
Operator Name  :
Scan Software Version: 3.00(339)
Parameter List :
Instrument                        Cary 50
Instrument Version                3.00
Start (nm)                        800.0
Stop (nm)                         200.0
X Mode                            Nanometers
Y Mode                            Abs
UV-Vis Scan Rate (nm/min)         300.00
UV-Vis Data Interval (nm)         0.50
UV-Vis Ave. Time (sec)            0.1000
Beam Mode                         Dual Beam
Baseline Correction               Off
Cycle Mode                        Off
Comments
Method Log     :
Method Name    :
Date/Time stamp: 11/9/2023 3:43:13 PM
Method Modifications:
UVVIS SAT Changed: 12/22/2023 1:04:17 PM, Old:0.0125, New:0.1000
Common SAT Changed: 12/22/2023 1:04:17 PM, Old:0.0125, New:0.1000
Common Interval nm Changed: 12/22/2023 1:04:18 PM, Old:     5.00, New:     0.50
End Method Modifications
<Current Wavelength> , 200.0

tmppp_62uM,
tmppp_62uM
Collection Time: 12/22/2023 1:14:40 PM
Operator Name  :
Scan Software Version: 3.00(339)
Parameter List :
Instrument                        Cary 50
Instrument Version                3.00
Start (nm)                        800.0
Stop (nm)                         200.0
X Mode                            Nanometers
Y Mode                            Abs
UV-Vis Scan Rate (nm/min)         300.00
UV-Vis Data Interval (nm)         0.50
UV-Vis Ave. Time (sec)            0.1000
Beam Mode                         Dual Beam
Baseline Correction               Off
Cycle Mode                        Off
Comments
Method Log     :
Method Name    :
Date/Time stamp: 11/9/2023 3:43:13 PM
Method Modifications:
UVVIS SAT Changed: 12/22/2023 1:04:17 PM, Old:0.0125, New:0.1000
Common SAT Changed: 12/22/2023 1:04:17 PM, Old:0.0125, New:0.1000
Common Interval nm Changed: 12/22/2023 1:04:18 PM, Old:     5.00, New:     0.50
End Method Modifications
<Current Wavelength> , 200.0

tmppp_125uM,
tmppp_125uM
Collection Time: 12/22/2023 1:23:19 PM
Operator Name  :
Scan Software Version: 3.00(339)
Parameter List :
Instrument                        Cary 50
Instrument Version                3.00
Start (nm)                        800.0
Stop (nm)                         200.0
X Mode                            Nanometers
Y Mode                            Abs
UV-Vis Scan Rate (nm/min)         300.00
UV-Vis Data Interval (nm)         0.50
UV-Vis Ave. Time (sec)            0.1000
Beam Mode                         Dual Beam
Baseline Correction               Off
Cycle Mode                        Off
Comments
Method Log     :
Method Name    :
Date/Time stamp: 11/9/2023 3:43:13 PM
Method Modifications:
UVVIS SAT Changed: 12/22/2023 1:04:17 PM, Old:0.0125, New:0.1000
Common SAT Changed: 12/22/2023 1:04:17 PM, Old:0.0125, New:0.1000
Common Interval nm Changed: 12/22/2023 1:04:18 PM, Old:     5.00, New:     0.50
End Method Modifications
<Current Wavelength> , 200.0

tmppp_250uM,
tmppp_250uM
Collection Time: 12/22/2023 1:26:30 PM
Operator Name  :
Scan Software Version: 3.00(339)
Parameter List :
Instrument                        Cary 50
Instrument Version                3.00
Start (nm)                        800.0
Stop (nm)                         200.0
X Mode                            Nanometers
Y Mode                            Abs
UV-Vis Scan Rate (nm/min)         300.00
UV-Vis Data Interval (nm)         0.50
UV-Vis Ave. Time (sec)            0.1000
Beam Mode                         Dual Beam
Baseline Correction               Off
Cycle Mode                        Off
Comments
Method Log     :
Method Name    :
Date/Time stamp: 11/9/2023 3:43:13 PM
Method Modifications:
UVVIS SAT Changed: 12/22/2023 1:04:17 PM, Old:0.0125, New:0.1000
Common SAT Changed: 12/22/2023 1:04:17 PM, Old:0.0125, New:0.1000
Common Interval nm Changed: 12/22/2023 1:04:18 PM, Old:     5.00, New:     0.50
End Method Modifications
<Current Wavelength> , 200.0

